{"type":"FeatureCollection","features":[{"type":"Feature","properties":{"sr":5},"geometry":{"type":"Polygon","coordinates":[[[70.735,38.15],[70.747,38.15],[70.747,38.137],[70.782,38.143],[70.792,38.137],[70.799,38.112],[70.824,38.099],[70.805,38.118],[70.808,38.126],[70.82,38.126],[70.806,38.145],[70.817,38.15],[70.798,38.175],[70.83,38.175],[70.813,38.196],[70.817,38.214],[70.824,38.217],[70.836,38.201],[70.868,38.22],[70.875,38.203],[70.845,38.19],[70.836,38.175],[70.849,38.169],[70.849,38.156],[70.868,38.15],[70.855,38.118],[70.878,38.088],[70.875,38.074],[70.862,38.067],[70.887,38.059],[70.9,38.074],[70.938,38.067],[70.945,38.055],[70.957,38.055],[70.957,38.042],[70.991,38.026],[70.992,38.001],[70.938,37.991],[70.932,38.01],[70.907,38.016],[70.9,38.029],[70.938,38.029],[70.916,38.051],[70.875,38.042],[70.868,38.029],[70.817,38.055],[70.818,38.037],[70.796,38.028],[70.785,38.055],[70.767,38.048],[70.77,38.016],[70.76,38.01],[70.744,38.013],[70.735,38.042],[70.697,38.023],[70.684,38.042],[70.627,38.048],[70.628,38.06],[70.638,38.067],[70.678,38.067],[70.705,38.056],[70.722,38.074],[70.741,38.067],[70.747,38.086],[70.776,38.088],[70.735,38.118],[70.722,38.144],[70.712,38.144],[70.724,38.124],[70.709,38.111],[70.703,38.125],[70.671,38.125],[70.67,38.146],[70.648,38.156],[70.65,38.167],[70.671,38.182],[70.684,38.156],[70.713,38.154],[70.691,38.161],[70.702,38.196],[70.684,38.22],[70.714,38.222],[70.735,38.195],[70.75,38.187],[70.747,38.175],[70.729,38.162],[70.735,38.15]]]}},{"type":"Feature","properties":{"sr":6},"geometry":{"type":"Polygon","coordinates":[[[72.829,38.123],[72.839,38.08],[72.863,38.076],[72.87,38.067],[72.872,38.057],[72.858,38.036],[72.877,38.023],[72.877,37.991],[72.788,37.978],[72.787,37.949],[72.756,37.963],[72.743,37.94],[72.734,37.943],[72.731,37.959],[72.686,37.966],[72.699,37.985],[72.692,38.01],[72.711,38.017],[72.718,38.042],[72.737,38.04],[72.75,38.029],[72.743,38.004],[72.766,38.01],[72.765,38.03],[72.747,38.058],[72.75,38.067],[72.761,38.068],[72.788,38.052],[72.794,38.017],[72.808,38.017],[72.794,38.074],[72.775,38.074],[72.775,38.086],[72.759,38.088],[72.756,38.111],[72.776,38.102],[72.788,38.106],[72.781,38.125],[72.829,38.123]]]}},{"type":"Feature","properties":{"sr":5},"geometry":{"type":"Polygon","coordinates":[[[73.371,37.9],[73.369,37.915],[73.36,37.921],[73.328,37.915],[73.322,37.934],[73.293,37.958],[73.296,37.978],[73.315,37.978],[73.301,37.995],[73.303,38.004],[73.322,37.998],[73.325,38.019],[73.355,38.031],[73.36,38.021],[73.347,38.004],[73.366,37.985],[73.341,37.943],[73.354,37.934],[73.392,37.934],[73.396,37.923],[73.384,37.904],[73.371,37.9]]]}},{"type":"Feature","properties":{"sr":6},"geometry":{"type":"Polygon","coordinates":[[[73.385,37.902],[73.378,37.899],[73.377,37.899],[73.378,37.899],[73.385,37.902]]]}},{"type":"Feature","properties":{"sr":5},"geometry":{"type":"Polygon","coordinates":[[[70.926,37.909],[70.932,37.89],[70.957,37.883],[70.964,37.858],[70.983,37.851],[70.995,37.826],[70.984,37.822],[70.945,37.845],[70.938,37.826],[70.919,37.82],[70.935,37.802],[70.932,37.794],[70.906,37.788],[70.9,37.775],[70.887,37.781],[70.849,37.769],[70.814,37.779],[70.798,37.762],[70.754,37.762],[70.714,37.746],[70.687,37.758],[70.741,37.781],[70.785,37.781],[70.779,37.807],[70.806,37.83],[70.817,37.832],[70.817,37.807],[70.836,37.796],[70.862,37.8],[70.868,37.813],[70.89,37.82],[70.887,37.832],[70.868,37.85],[70.868,37.864],[70.9,37.864],[70.887,37.87],[70.9,37.899],[70.894,37.909],[70.842,37.901],[70.825,37.911],[70.863,37.932],[70.855,37.956],[70.863,37.965],[70.875,37.966],[70.887,37.942],[70.906,37.928],[70.906,37.915],[70.926,37.909]]]}},{"type":"Feature","properties":{"sr":6},"geometry":{"type":"Polygon","coordinates":[[[72.672,37.716],[72.699,37.718],[72.705,37.699],[72.744,37.692],[72.75,37.673],[72.781,37.722],[72.794,37.718],[72.794,37.696],[72.77,37.647],[72.781,37.642],[72.806,37.648],[72.813,37.634],[72.8,37.629],[72.794,37.61],[72.775,37.61],[72.781,37.584],[72.762,37.572],[72.727,37.572],[72.718,37.565],[72.73,37.527],[72.724,37.521],[72.71,37.529],[72.686,37.578],[72.718,37.584],[72.705,37.591],[72.711,37.616],[72.667,37.613],[72.65,37.59],[72.589,37.616],[72.597,37.623],[72.61,37.616],[72.635,37.623],[72.601,37.64],[72.597,37.654],[72.612,37.659],[72.662,37.636],[72.673,37.654],[72.661,37.673],[72.667,37.692],[72.657,37.701],[72.627,37.711],[72.58,37.708],[72.581,37.723],[72.638,37.734],[72.672,37.716]]]}},{"type":"Feature","properties":{"sr":6},"geometry":{"type":"Polygon","coordinates":[[[72.122,37.638],[72.149,37.638],[72.171,37.654],[72.19,37.642],[72.214,37.642],[72.23,37.65],[72.229,37.667],[72.254,37.661],[72.291,37.667],[72.3,37.663],[72.28,37.62],[72.32,37.636],[72.325,37.627],[72.324,37.591],[72.285,37.597],[72.248,37.565],[72.223,37.567],[72.216,37.559],[72.219,37.534],[72.192,37.536],[72.197,37.521],[72.19,37.502],[72.203,37.495],[72.193,37.47],[72.2,37.439],[72.164,37.468],[72.152,37.489],[72.165,37.515],[72.158,37.546],[72.152,37.527],[72.144,37.527],[72.133,37.546],[72.125,37.535],[72.128,37.508],[72.108,37.502],[72.101,37.54],[72.082,37.527],[72.057,37.534],[72.06,37.518],[72.089,37.5],[72.089,37.483],[72.076,37.489],[72.058,37.475],[72.051,37.476],[72.051,37.502],[72.031,37.521],[72.019,37.526],[72.025,37.495],[72.006,37.501],[71.995,37.516],[71.995,37.535],[72.009,37.556],[72.051,37.559],[72.063,37.572],[72.095,37.565],[72.115,37.58],[72.145,37.584],[72.152,37.584],[72.158,37.572],[72.197,37.578],[72.178,37.584],[72.165,37.616],[72.114,37.616],[72.108,37.635],[72.08,37.634],[72.068,37.644],[72.084,37.664],[72.113,37.671],[72.124,37.661],[72.113,37.649],[72.122,37.638]]]}},{"type":"Feature","properties":{"sr":6},"geometry":{"type":"Polygon","coordinates":[[[72.435,37.59],[72.489,37.591],[72.469,37.565],[72.477,37.549],[72.475,37.519],[72.442,37.541],[72.415,37.54],[72.409,37.551],[72.4,37.603],[72.41,37.61],[72.435,37.59]]]}},{"type":"Feature","properties":{"sr":6},"geometry":{"type":"Polygon","coordinates":[[[75.228,37.572],[75.203,37.572],[75.201,37.564],[75.214,37.55],[75.209,37.54],[75.19,37.54],[75.178,37.527],[75.159,37.534],[75.154,37.528],[75.163,37.515],[75.15,37.506],[75.125,37.51],[75.114,37.515],[75.114,37.527],[75.101,37.527],[75.089,37.572],[75.108,37.559],[75.114,37.572],[75.19,37.591],[75.19,37.597],[75.221,37.584],[75.228,37.572]]]}},{"type":"Feature","properties":{"sr":6},"geometry":{"type":"Polygon","coordinates":[[[71.362,37.525],[71.391,37.524],[71.396,37.497],[71.385,37.505],[71.37,37.502],[71.358,37.476],[71.321,37.487],[71.313,37.483],[71.343,37.457],[71.332,37.445],[71.326,37.451],[71.326,37.438],[71.282,37.451],[71.275,37.476],[71.265,37.475],[71.239,37.438],[71.25,37.406],[71.223,37.408],[71.218,37.438],[71.23,37.457],[71.224,37.483],[71.25,37.502],[71.25,37.521],[71.275,37.515],[71.282,37.534],[71.345,37.54],[71.358,37.54],[71.362,37.525]]]}},{"type":"Feature","properties":{"sr":6},"geometry":{"type":"Polygon","coordinates":[[[75.158,37.433],[75.184,37.445],[75.171,37.425],[75.197,37.419],[75.208,37.406],[75.159,37.397],[75.133,37.406],[75.112,37.428],[75.108,37.476],[75.125,37.482],[75.146,37.47],[75.134,37.46],[75.146,37.457],[75.158,37.433]]]}},{"type":"Feature","properties":{"sr":6},"geometry":{"type":"Polygon","coordinates":[[[72.902,37.406],[72.851,37.387],[72.834,37.369],[72.813,37.362],[72.807,37.349],[72.788,37.356],[72.788,37.33],[72.756,37.336],[72.756,37.362],[72.711,37.356],[72.686,37.368],[72.673,37.362],[72.686,37.343],[72.661,37.345],[72.635,37.356],[72.629,37.375],[72.632,37.381],[72.658,37.377],[72.68,37.394],[72.705,37.387],[72.716,37.41],[72.73,37.413],[72.738,37.4],[72.755,37.404],[72.771,37.394],[72.787,37.402],[72.815,37.401],[72.832,37.419],[72.858,37.413],[72.898,37.421],[72.902,37.406]]]}},{"type":"Feature","properties":{"sr":3},"geometry":{"type":"Polygon","coordinates":[[[74.895,37.263],[74.904,37.292],[74.93,37.298],[74.923,37.317],[74.929,37.341],[74.942,37.33],[74.945,37.305],[74.966,37.3],[74.987,37.305],[75.011,37.345],[75.032,37.343],[75.025,37.317],[75.038,37.292],[74.933,37.272],[74.931,37.251],[74.953,37.261],[74.955,37.254],[74.93,37.216],[74.936,37.212],[74.962,37.228],[74.996,37.222],[75.029,37.257],[75.044,37.254],[75.051,37.209],[75.025,37.203],[75.008,37.177],[74.993,37.171],[75.0,37.19],[74.978,37.193],[74.911,37.178],[74.904,37.19],[74.892,37.19],[74.879,37.216],[74.796,37.209],[74.756,37.262],[74.739,37.273],[74.721,37.27],[74.697,37.242],[74.726,37.254],[74.72,37.235],[74.749,37.236],[74.739,37.197],[74.726,37.203],[74.72,37.19],[74.675,37.222],[74.668,37.22],[74.675,37.197],[74.644,37.197],[74.64,37.224],[74.618,37.241],[74.612,37.222],[74.599,37.228],[74.58,37.216],[74.544,37.228],[74.551,37.205],[74.51,37.203],[74.517,37.192],[74.549,37.19],[74.622,37.157],[74.631,37.139],[74.613,37.137],[74.542,37.165],[74.523,37.162],[74.485,37.139],[74.515,37.138],[74.502,37.116],[74.479,37.114],[74.44,37.089],[74.415,37.114],[74.389,37.089],[74.375,37.092],[74.364,37.11],[74.351,37.108],[74.347,37.073],[74.259,37.103],[74.301,37.063],[74.284,37.059],[74.167,37.082],[74.161,37.101],[74.129,37.108],[74.097,37.139],[74.102,37.162],[74.123,37.159],[74.129,37.146],[74.139,37.147],[74.146,37.158],[74.161,37.152],[74.199,37.101],[74.201,37.108],[74.176,37.147],[74.173,37.171],[74.199,37.165],[74.205,37.197],[74.25,37.184],[74.255,37.208],[74.288,37.212],[74.32,37.146],[74.326,37.222],[74.344,37.213],[74.379,37.171],[74.383,37.197],[74.37,37.241],[74.378,37.243],[74.409,37.228],[74.438,37.174],[74.446,37.173],[74.453,37.19],[74.427,37.235],[74.428,37.254],[74.448,37.244],[74.459,37.222],[74.467,37.232],[74.462,37.268],[74.466,37.286],[74.475,37.291],[74.498,37.284],[74.508,37.255],[74.536,37.273],[74.574,37.254],[74.58,37.273],[74.631,37.267],[74.665,37.299],[74.695,37.279],[74.72,37.317],[74.73,37.292],[74.745,37.324],[74.756,37.322],[74.758,37.298],[74.781,37.318],[74.79,37.317],[74.787,37.275],[74.803,37.279],[74.803,37.267],[74.828,37.273],[74.83,37.265],[74.815,37.248],[74.826,37.238],[74.86,37.231],[74.872,37.235],[74.86,37.273],[74.88,37.364],[74.9,37.357],[74.892,37.336],[74.898,37.317],[74.882,37.276],[74.895,37.263]]]}},{"type":"Feature","properties":{"sr":6},"geometry":{"type":"Polygon","coordinates":[[[71.377,37.286],[71.383,37.251],[71.331,37.268],[71.326,37.254],[71.332,37.235],[71.3,37.248],[71.275,37.279],[71.301,37.276],[71.313,37.286],[71.302,37.311],[71.328,37.326],[71.339,37.324],[71.332,37.311],[71.377,37.286]]]}},{"type":"Feature","properties":{"sr":6},"geometry":{"type":"Polygon","coordinates":[[[72.882,37.131],[72.87,37.12],[72.864,37.095],[72.756,37.044],[72.751,37.057],[72.795,37.081],[72.807,37.108],[72.813,37.109],[72.82,37.095],[72.83,37.097],[72.83,37.133],[72.853,37.136],[72.858,37.152],[72.88,37.148],[72.882,37.131]]]}},{"type":"Feature","properties":{"sr":3},"geometry":{"type":"Polygon","coordinates":[[[74.906,37.085],[74.879,37.076],[74.847,37.05],[74.854,37.026],[74.847,37.019],[74.838,37.017],[74.828,37.044],[74.783,37.012],[74.755,37.004],[74.745,36.987],[74.745,36.961],[74.732,36.966],[74.708,37.001],[74.701,37.019],[74.714,37.019],[74.713,37.025],[74.688,37.087],[74.65,37.082],[74.675,37.05],[74.644,37.05],[74.574,37.027],[74.543,37.029],[74.523,37.05],[74.485,37.063],[74.489,37.075],[74.542,37.108],[74.573,37.097],[74.574,37.089],[74.561,37.082],[74.585,37.081],[74.631,37.101],[74.701,37.108],[74.733,37.057],[74.751,37.077],[74.764,37.07],[74.771,37.05],[74.783,37.07],[74.815,37.07],[74.831,37.098],[74.844,37.086],[74.878,37.112],[74.898,37.101],[74.906,37.085]]]}},{"type":"Feature","properties":{"sr":3},"geometry":{"type":"Polygon","coordinates":[[[74.536,37.0],[74.55,37.007],[74.561,36.987],[74.574,37.0],[74.592,36.991],[74.609,37.013],[74.65,37.019],[74.647,36.983],[74.657,36.974],[74.675,36.981],[74.675,36.961],[74.707,36.949],[74.701,36.917],[74.688,36.917],[74.684,36.854],[74.663,36.86],[74.646,36.878],[74.644,36.892],[74.657,36.91],[74.631,36.911],[74.631,36.92],[74.65,36.93],[74.644,36.94],[74.58,36.955],[74.578,36.946],[74.605,36.93],[74.625,36.907],[74.625,36.898],[74.617,36.895],[74.549,36.921],[74.549,36.942],[74.529,36.936],[74.529,36.955],[74.517,36.974],[74.499,36.977],[74.481,36.957],[74.466,36.955],[74.445,36.992],[74.428,36.987],[74.421,36.974],[74.402,36.974],[74.396,36.961],[74.326,36.961],[74.326,37.006],[74.332,37.008],[74.339,36.987],[74.367,36.99],[74.383,37.006],[74.402,37.006],[74.439,37.048],[74.466,37.044],[74.453,37.019],[74.462,37.008],[74.476,37.005],[74.486,37.012],[74.479,37.05],[74.497,37.044],[74.516,37.008],[74.536,37.0]]]}},{"type":"Feature","properties":{"sr":3},"geometry":{"type":"Polygon","coordinates":[[[74.93,37.006],[74.949,37.031],[75.035,36.985],[75.023,36.962],[74.987,36.955],[74.998,36.93],[74.987,36.91],[74.968,36.911],[74.949,36.923],[74.936,36.911],[74.911,36.911],[74.919,36.876],[74.932,36.868],[74.962,36.873],[74.961,36.86],[74.93,36.847],[74.929,36.827],[74.878,36.817],[74.872,36.824],[74.889,36.85],[74.892,36.873],[74.879,36.889],[74.865,36.891],[74.847,36.885],[74.854,36.873],[74.847,36.845],[74.821,36.808],[74.812,36.808],[74.809,36.834],[74.816,36.838],[74.808,36.85],[74.825,36.855],[74.822,36.866],[74.803,36.853],[74.79,36.86],[74.765,36.848],[74.728,36.856],[74.73,36.869],[74.764,36.885],[74.732,36.909],[74.73,36.926],[74.755,36.944],[74.768,36.945],[74.796,36.974],[74.828,36.981],[74.841,36.991],[74.86,36.987],[74.866,36.968],[74.872,36.972],[74.866,36.981],[74.872,36.99],[74.892,37.0],[74.88,37.026],[74.885,37.038],[74.917,37.044],[74.918,37.009],[74.93,37.006]]]}},{"type":"Feature","properties":{"sr":6},"geometry":{"type":"Polygon","coordinates":[[[73.245,36.961],[73.271,36.968],[73.271,36.936],[73.314,36.944],[73.322,36.942],[73.32,36.932],[73.284,36.904],[73.256,36.903],[73.245,36.911],[73.239,36.935],[73.206,36.942],[73.193,36.967],[73.195,36.974],[73.232,36.984],[73.245,36.981],[73.245,36.961]]]}},{"type":"Feature","properties":{"sr":3},"geometry":{"type":"Polygon","coordinates":[[[73.834,36.935],[73.885,36.923],[73.916,36.944],[73.937,36.916],[73.913,36.892],[73.913,36.873],[73.868,36.868],[73.85,36.877],[73.849,36.892],[73.862,36.898],[73.849,36.899],[73.833,36.884],[73.817,36.885],[73.814,36.892],[73.83,36.911],[73.827,36.918],[73.805,36.923],[73.79,36.941],[73.809,36.95],[73.834,36.935]]]}},{"type":"Feature","properties":{"sr":6},"geometry":{"type":"Polygon","coordinates":[[[73.742,36.919],[73.737,36.906],[73.72,36.899],[73.678,36.904],[73.627,36.892],[73.57,36.898],[73.575,36.928],[73.639,36.936],[73.639,36.923],[73.658,36.936],[73.684,36.93],[73.722,36.949],[73.736,36.942],[73.742,36.919]]]}},{"type":"Feature","properties":{"sr":6},"geometry":{"type":"Polygon","coordinates":[[[71.389,36.904],[71.408,36.911],[71.411,36.898],[71.392,36.887],[71.396,36.879],[71.404,36.871],[71.43,36.873],[71.428,36.847],[71.447,36.834],[71.447,36.815],[71.469,36.797],[71.466,36.784],[71.445,36.778],[71.421,36.784],[71.428,36.809],[71.402,36.828],[71.402,36.841],[71.389,36.847],[71.383,36.866],[71.339,36.873],[71.326,36.882],[71.326,36.898],[71.302,36.904],[71.3,36.911],[71.32,36.923],[71.358,36.896],[71.37,36.898],[71.341,36.923],[71.363,36.938],[71.37,36.936],[71.389,36.904]]]}},{"type":"Feature","properties":{"sr":6},"geometry":{"type":"Polygon","coordinates":[[[76.678,36.898],[76.703,36.866],[76.703,36.853],[76.678,36.821],[76.678,36.803],[76.69,36.797],[76.703,36.803],[76.694,36.778],[76.671,36.764],[76.595,36.796],[76.531,36.84],[76.545,36.861],[76.569,36.878],[76.566,36.849],[76.6,36.844],[76.627,36.809],[76.646,36.82],[76.652,36.834],[76.62,36.853],[76.635,36.875],[76.678,36.898]]]}},{"type":"Feature","properties":{"sr":3},"geometry":{"type":"Polygon","coordinates":[[[73.771,36.868],[73.77,36.842],[73.781,36.839],[73.83,36.853],[73.818,36.809],[73.805,36.79],[73.779,36.796],[73.779,36.809],[73.77,36.812],[73.706,36.829],[73.65,36.826],[73.644,36.838],[73.703,36.86],[73.709,36.86],[73.709,36.847],[73.735,36.866],[73.754,36.86],[73.771,36.868]]]}},{"type":"Feature","properties":{"sr":6},"geometry":{"type":"Polygon","coordinates":[[[78.442,36.795],[78.442,36.775],[78.426,36.745],[78.434,36.716],[78.444,36.709],[78.468,36.723],[78.495,36.72],[78.498,36.729],[78.476,36.758],[78.489,36.777],[78.501,36.777],[78.546,36.722],[78.553,36.688],[78.519,36.697],[78.508,36.682],[78.508,36.656],[78.483,36.663],[78.457,36.637],[78.438,36.644],[78.378,36.617],[78.349,36.618],[78.305,36.663],[78.299,36.688],[78.286,36.701],[78.299,36.728],[78.279,36.745],[78.278,36.76],[78.298,36.771],[78.311,36.764],[78.338,36.719],[78.374,36.71],[78.387,36.694],[78.403,36.69],[78.413,36.695],[78.41,36.701],[78.359,36.74],[78.36,36.76],[78.343,36.771],[78.364,36.79],[78.4,36.79],[78.433,36.804],[78.442,36.795]]]}},{"type":"Feature","properties":{"sr":3},"geometry":{"type":"Polygon","coordinates":[[[74.958,36.775],[74.951,36.739],[74.974,36.72],[74.962,36.701],[75.012,36.65],[75.019,36.669],[75.038,36.669],[75.012,36.688],[74.98,36.745],[74.987,36.765],[75.006,36.752],[75.032,36.752],[75.038,36.739],[75.063,36.739],[75.063,36.714],[75.076,36.72],[75.095,36.707],[75.112,36.711],[75.124,36.7],[75.131,36.705],[75.133,36.695],[75.149,36.693],[75.165,36.669],[75.152,36.644],[75.19,36.599],[75.203,36.637],[75.214,36.631],[75.216,36.612],[75.235,36.586],[75.267,36.567],[75.242,36.639],[75.279,36.65],[75.279,36.612],[75.356,36.625],[75.374,36.603],[75.364,36.566],[75.336,36.555],[75.343,36.529],[75.318,36.536],[75.33,36.517],[75.326,36.505],[75.296,36.486],[75.279,36.491],[75.279,36.517],[75.254,36.523],[75.241,36.539],[75.228,36.536],[75.222,36.523],[75.203,36.529],[75.197,36.542],[75.171,36.529],[75.152,36.564],[75.127,36.567],[75.127,36.542],[75.089,36.58],[75.072,36.585],[75.006,36.58],[75.0,36.618],[74.981,36.645],[74.921,36.674],[74.923,36.688],[74.936,36.695],[74.923,36.707],[74.936,36.72],[74.917,36.745],[74.893,36.755],[74.892,36.764],[74.958,36.775]]]}},{"type":"Feature","properties":{"sr":6},"geometry":{"type":"Polygon","coordinates":[[[72.789,36.719],[72.762,36.714],[72.75,36.688],[72.737,36.682],[72.737,36.663],[72.692,36.669],[72.699,36.695],[72.683,36.718],[72.686,36.726],[72.743,36.72],[72.749,36.735],[72.792,36.748],[72.801,36.738],[72.789,36.719]]]}},{"type":"Feature","properties":{"sr":6},"geometry":{"type":"Polygon","coordinates":[[[78.152,36.682],[78.152,36.656],[78.165,36.65],[78.164,36.64],[78.139,36.637],[78.127,36.612],[78.076,36.606],[78.076,36.618],[78.045,36.631],[78.063,36.663],[78.057,36.688],[78.121,36.692],[78.152,36.682]]]}},{"type":"Feature","properties":{"sr":6},"geometry":{"type":"Polygon","coordinates":[[[73.957,36.612],[73.964,36.567],[73.945,36.574],[73.913,36.548],[73.898,36.566],[73.9,36.58],[73.916,36.579],[73.926,36.584],[73.925,36.593],[73.908,36.6],[73.862,36.594],[73.849,36.599],[73.85,36.61],[73.874,36.618],[73.942,36.618],[73.957,36.612]]]}},{"type":"Feature","properties":{"sr":6},"geometry":{"type":"Polygon","coordinates":[[[74.932,36.616],[74.937,36.574],[74.976,36.572],[74.923,36.529],[74.917,36.555],[74.843,36.543],[74.834,36.561],[74.885,36.567],[74.892,36.577],[74.885,36.593],[74.916,36.588],[74.923,36.612],[74.932,36.616]]]}},{"type":"Feature","properties":{"sr":6},"geometry":{"type":"Polygon","coordinates":[[[71.078,36.529],[71.116,36.536],[71.116,36.523],[71.154,36.529],[71.151,36.511],[71.186,36.498],[71.205,36.51],[71.224,36.498],[71.243,36.517],[71.262,36.498],[71.262,36.485],[71.192,36.466],[71.192,36.478],[71.174,36.478],[71.174,36.491],[71.141,36.491],[71.123,36.507],[71.078,36.517],[71.053,36.548],[71.071,36.554],[71.078,36.548],[71.078,36.529]]]}},{"type":"Feature","properties":{"sr":5},"geometry":{"type":"Polygon","coordinates":[[[75.998,36.542],[76.112,36.51],[76.137,36.472],[76.157,36.466],[76.175,36.434],[76.195,36.428],[76.201,36.409],[76.262,36.383],[76.278,36.348],[76.264,36.342],[76.22,36.345],[76.207,36.37],[76.182,36.377],[76.182,36.389],[76.169,36.389],[76.157,36.428],[76.112,36.447],[76.093,36.478],[76.055,36.491],[76.036,36.517],[76.001,36.531],[75.998,36.542]]]}},{"type":"Feature","properties":{"sr":3},"geometry":{"type":"Polygon","coordinates":[[[74.22,36.467],[74.199,36.421],[74.224,36.459],[74.238,36.465],[74.24,36.457],[74.207,36.39],[74.194,36.384],[74.166,36.395],[74.155,36.415],[74.161,36.428],[74.18,36.434],[74.158,36.451],[74.167,36.459],[74.186,36.459],[74.207,36.476],[74.22,36.467]]]}},{"type":"Feature","properties":{"sr":6},"geometry":{"type":"Polygon","coordinates":[[[70.531,36.392],[70.585,36.393],[70.595,36.374],[70.576,36.37],[70.57,36.345],[70.561,36.344],[70.557,36.364],[70.512,36.358],[70.5,36.383],[70.506,36.402],[70.483,36.4],[70.472,36.422],[70.538,36.434],[70.519,36.409],[70.531,36.392]]]}},{"type":"Feature","properties":{"sr":6},"geometry":{"type":"Polygon","coordinates":[[[78.521,36.326],[78.528,36.328],[78.528,36.348],[78.54,36.351],[78.54,36.326],[78.55,36.351],[78.58,36.346],[78.57,36.397],[78.582,36.404],[78.597,36.383],[78.616,36.389],[78.616,36.358],[78.597,36.351],[78.607,36.334],[78.623,36.32],[78.648,36.313],[78.629,36.29],[78.608,36.29],[78.585,36.3],[78.546,36.288],[78.47,36.307],[78.42,36.303],[78.407,36.313],[78.4,36.332],[78.333,36.333],[78.317,36.345],[78.327,36.361],[78.356,36.364],[78.368,36.351],[78.413,36.351],[78.432,36.332],[78.457,36.339],[78.47,36.326],[78.49,36.357],[78.489,36.377],[78.468,36.411],[78.477,36.437],[78.5,36.408],[78.495,36.396],[78.515,36.364],[78.521,36.326]]]}},{"type":"Feature","properties":{"sr":6},"geometry":{"type":"Polygon","coordinates":[[[78.804,36.358],[78.832,36.377],[78.832,36.415],[78.846,36.414],[78.873,36.389],[78.877,36.37],[78.845,36.339],[78.82,36.333],[78.82,36.326],[78.912,36.333],[78.877,36.307],[78.82,36.288],[78.785,36.26],[78.769,36.262],[78.762,36.275],[78.737,36.256],[78.737,36.269],[78.724,36.269],[78.711,36.281],[78.693,36.275],[78.658,36.296],[78.654,36.307],[78.673,36.307],[78.686,36.332],[78.698,36.325],[78.699,36.313],[78.706,36.32],[78.705,36.345],[78.718,36.345],[78.733,36.319],[78.747,36.315],[78.745,36.329],[78.721,36.35],[78.711,36.377],[78.693,36.395],[78.726,36.412],[78.756,36.415],[78.783,36.372],[78.804,36.358]]]}},{"type":"Feature","properties":{"sr":6},"geometry":{"type":"Polygon","coordinates":[[[74.173,36.25],[74.229,36.256],[74.243,36.25],[74.24,36.24],[74.186,36.237],[74.218,36.205],[74.212,36.192],[74.183,36.2],[74.154,36.224],[74.129,36.307],[74.15,36.317],[74.161,36.313],[74.154,36.288],[74.173,36.269],[74.173,36.25]]]}},{"type":"Feature","properties":{"sr":6},"geometry":{"type":"Polygon","coordinates":[[[79.004,36.281],[79.029,36.288],[79.036,36.256],[79.042,36.269],[79.055,36.25],[79.079,36.244],[79.064,36.214],[79.029,36.211],[78.979,36.237],[78.985,36.3],[78.993,36.305],[79.004,36.281]]]}},{"type":"Feature","properties":{"sr":6},"geometry":{"type":"Polygon","coordinates":[[[76.709,36.275],[76.737,36.282],[76.741,36.275],[76.736,36.264],[76.703,36.262],[76.697,36.25],[76.665,36.239],[76.661,36.226],[76.671,36.211],[76.697,36.217],[76.722,36.211],[76.722,36.186],[76.735,36.18],[76.729,36.154],[76.743,36.143],[76.76,36.148],[76.76,36.167],[76.836,36.148],[76.824,36.115],[76.833,36.105],[76.842,36.114],[76.856,36.11],[76.866,36.08],[76.862,36.072],[76.803,36.051],[76.795,36.036],[76.812,36.035],[76.818,36.046],[76.856,36.04],[76.861,36.029],[76.843,36.008],[76.866,35.996],[76.862,35.989],[76.845,35.983],[76.792,35.989],[76.735,36.097],[76.69,36.11],[76.674,36.126],[76.639,36.192],[76.614,36.211],[76.627,36.269],[76.643,36.251],[76.646,36.262],[76.684,36.269],[76.689,36.289],[76.697,36.294],[76.706,36.293],[76.709,36.275]]]}},{"type":"Feature","properties":{"sr":6},"geometry":{"type":"Polygon","coordinates":[[[77.968,36.274],[78.044,36.269],[78.07,36.231],[78.092,36.239],[78.104,36.234],[78.101,36.211],[78.089,36.202],[78.094,36.195],[78.108,36.199],[78.139,36.18],[78.165,36.205],[78.216,36.192],[78.178,36.161],[78.179,36.147],[78.22,36.133],[78.229,36.116],[78.203,36.106],[78.159,36.103],[78.127,36.129],[78.127,36.142],[78.086,36.171],[78.076,36.173],[78.048,36.154],[78.038,36.154],[78.018,36.195],[78.019,36.211],[78.033,36.216],[77.962,36.255],[77.968,36.274]]]}},{"type":"Feature","properties":{"sr":6},"geometry":{"type":"Polygon","coordinates":[[[82.532,36.275],[82.532,36.243],[82.55,36.246],[82.592,36.276],[82.62,36.275],[82.633,36.262],[82.652,36.269],[82.665,36.262],[82.715,36.267],[82.716,36.25],[82.703,36.243],[82.697,36.218],[82.677,36.212],[82.589,36.218],[82.544,36.211],[82.452,36.222],[82.404,36.18],[82.221,36.183],[82.253,36.166],[82.224,36.15],[82.201,36.154],[82.188,36.167],[82.15,36.167],[82.152,36.196],[82.137,36.205],[82.106,36.201],[82.099,36.224],[82.074,36.218],[82.068,36.199],[82.055,36.205],[82.013,36.204],[82.013,36.237],[81.997,36.264],[82.007,36.273],[82.029,36.256],[82.042,36.262],[82.049,36.25],[82.068,36.256],[82.074,36.243],[82.106,36.243],[82.106,36.231],[82.169,36.256],[82.197,36.256],[82.2,36.247],[82.188,36.231],[82.165,36.225],[82.163,36.218],[82.198,36.205],[82.258,36.211],[82.284,36.231],[82.347,36.218],[82.366,36.237],[82.43,36.243],[82.468,36.275],[82.506,36.256],[82.514,36.261],[82.516,36.276],[82.532,36.275]]]}},{"type":"Feature","properties":{"sr":5},"geometry":{"type":"Polygon","coordinates":[[[79.115,36.268],[79.157,36.256],[79.163,36.231],[79.176,36.218],[79.182,36.231],[79.195,36.211],[79.22,36.218],[79.239,36.192],[79.264,36.199],[79.247,36.223],[79.277,36.211],[79.315,36.224],[79.322,36.205],[79.334,36.211],[79.366,36.186],[79.398,36.188],[79.417,36.199],[79.398,36.234],[79.413,36.237],[79.43,36.218],[79.436,36.18],[79.455,36.205],[79.462,36.256],[79.475,36.252],[79.48,36.173],[79.469,36.119],[79.396,36.117],[79.233,36.161],[79.207,36.148],[79.188,36.161],[79.163,36.154],[79.163,36.167],[79.094,36.165],[79.08,36.18],[79.076,36.201],[79.082,36.209],[79.125,36.216],[79.114,36.236],[79.099,36.243],[79.099,36.255],[79.115,36.268]]]}},{"type":"Feature","properties":{"sr":5},"geometry":{"type":"Polygon","coordinates":[[[72.366,36.204],[72.381,36.205],[72.392,36.196],[72.422,36.158],[72.425,36.142],[72.396,36.135],[72.349,36.11],[72.343,36.135],[72.311,36.116],[72.311,36.103],[72.29,36.102],[72.332,36.073],[72.364,36.065],[72.363,36.037],[72.323,36.002],[72.292,36.002],[72.248,35.983],[72.234,35.99],[72.203,36.033],[72.225,36.028],[72.241,36.048],[72.254,36.021],[72.277,36.027],[72.276,36.042],[72.254,36.072],[72.279,36.078],[72.26,36.116],[72.247,36.112],[72.234,36.091],[72.218,36.111],[72.216,36.135],[72.254,36.135],[72.227,36.148],[72.229,36.154],[72.279,36.161],[72.305,36.192],[72.324,36.192],[72.324,36.218],[72.362,36.224],[72.366,36.204]]]}},{"type":"Feature","properties":{"sr":6},"geometry":{"type":"Polygon","coordinates":[[[77.058,36.162],[77.065,36.142],[77.084,36.129],[77.077,36.114],[77.033,36.123],[77.04,36.097],[77.059,36.084],[77.046,36.065],[77.048,36.036],[77.06,36.004],[77.024,35.994],[76.983,35.995],[76.97,36.046],[77.002,36.084],[76.983,36.116],[76.989,36.142],[76.983,36.167],[77.037,36.172],[77.058,36.162]]]}},{"type":"Feature","properties":{"sr":6},"geometry":{"type":"Polygon","coordinates":[[[80.167,36.11],[80.186,36.11],[80.186,36.097],[80.224,36.103],[80.271,36.097],[80.275,36.072],[80.326,36.079],[80.339,36.046],[80.313,36.04],[80.34,36.016],[80.339,36.008],[80.313,36.008],[80.288,36.027],[80.256,36.005],[80.237,36.008],[80.233,36.015],[80.241,36.037],[80.231,36.053],[80.193,36.021],[80.161,36.033],[80.141,36.019],[80.129,36.021],[80.121,36.029],[80.129,36.053],[80.12,36.059],[80.084,36.059],[80.059,36.078],[80.025,36.085],[80.027,36.097],[80.104,36.103],[80.142,36.123],[80.167,36.11]]]}},{"type":"Feature","properties":{"sr":6},"geometry":{"type":"Polygon","coordinates":[[[79.875,36.039],[79.875,36.014],[79.882,36.013],[79.887,36.033],[79.922,36.014],[79.935,35.995],[79.932,35.976],[79.881,35.995],[79.818,35.983],[79.748,35.989],[79.754,36.008],[79.748,36.04],[79.758,36.044],[79.783,36.035],[79.796,36.053],[79.842,36.046],[79.827,36.075],[79.861,36.063],[79.875,36.039]]]}},{"type":"Feature","properties":{"sr":6},"geometry":{"type":"Polygon","coordinates":[[[81.559,36.046],[81.604,36.046],[81.604,36.026],[81.627,36.041],[81.669,36.045],[81.68,36.04],[81.68,36.027],[81.693,36.053],[81.699,36.027],[81.724,36.046],[81.775,36.04],[81.763,36.008],[81.584,35.988],[81.572,35.989],[81.565,36.008],[81.527,36.021],[81.526,36.029],[81.546,36.033],[81.527,36.059],[81.54,36.062],[81.559,36.046]]]}},{"type":"Feature","properties":{"sr":6},"geometry":{"type":"Polygon","coordinates":[[[72.908,35.995],[72.883,35.989],[72.87,35.976],[72.841,35.933],[72.838,35.907],[72.847,35.896],[72.862,35.893],[72.889,35.919],[72.905,35.916],[72.912,35.929],[72.922,35.93],[72.927,35.893],[72.909,35.878],[72.943,35.858],[72.937,35.846],[72.918,35.839],[72.902,35.843],[72.889,35.856],[72.896,35.875],[72.858,35.881],[72.851,35.868],[72.826,35.881],[72.82,35.862],[72.8,35.868],[72.772,35.831],[72.747,35.845],[72.737,35.83],[72.722,35.826],[72.724,35.849],[72.713,35.873],[72.718,35.881],[72.726,35.884],[72.737,35.868],[72.756,35.868],[72.765,35.856],[72.775,35.862],[72.775,35.875],[72.788,35.876],[72.792,35.901],[72.786,35.914],[72.797,35.947],[72.781,35.976],[72.807,35.976],[72.82,36.002],[72.851,36.002],[72.858,36.014],[72.891,36.022],[72.914,36.013],[72.908,35.995]]]}},{"type":"Feature","properties":{"sr":6},"geometry":{"type":"Polygon","coordinates":[[[81.127,35.989],[81.171,35.995],[81.165,35.97],[81.201,35.965],[81.248,35.97],[81.299,36.002],[81.33,35.995],[81.368,36.008],[81.375,35.983],[81.409,35.997],[81.432,35.989],[81.415,35.969],[81.28,35.957],[81.209,35.932],[81.159,35.932],[81.12,35.916],[81.102,35.919],[81.102,35.938],[81.12,35.945],[81.109,35.964],[81.067,35.986],[81.07,36.002],[81.085,36.008],[81.127,35.989]]]}},{"type":"Feature","properties":{"sr":6},"geometry":{"type":"Polygon","coordinates":[[[78.844,36.004],[78.915,35.983],[78.94,35.995],[78.959,35.989],[78.977,36.003],[78.985,36.002],[78.991,35.983],[79.004,36.002],[79.019,36.0],[79.029,35.983],[79.054,35.996],[79.068,35.995],[79.068,35.976],[79.097,35.981],[79.112,35.945],[79.105,35.936],[79.068,35.938],[79.036,35.906],[78.997,35.931],[78.985,35.919],[78.959,35.925],[78.934,35.913],[78.839,35.972],[78.787,35.99],[78.79,35.996],[78.844,36.004]]]}},{"type":"Feature","properties":{"sr":6},"geometry":{"type":"Polygon","coordinates":[[[80.752,35.964],[80.803,35.983],[80.827,35.978],[80.866,35.951],[80.924,35.938],[81.02,35.941],[81.038,35.932],[81.031,35.917],[80.929,35.904],[80.841,35.919],[80.822,35.913],[80.79,35.925],[80.764,35.919],[80.726,35.932],[80.682,35.932],[80.631,35.964],[80.568,35.957],[80.555,35.964],[80.553,35.98],[80.593,35.995],[80.631,35.995],[80.701,35.966],[80.752,35.964]]]}},{"type":"Feature","properties":{"sr":6},"geometry":{"type":"Polygon","coordinates":[[[77.019,35.977],[77.04,35.881],[76.976,35.868],[76.932,35.925],[76.945,35.931],[76.978,35.926],[77.008,35.957],[77.002,35.976],[77.019,35.977]]]}},{"type":"Feature","properties":{"sr":5},"geometry":{"type":"Polygon","coordinates":[[[80.0,35.894],[80.002,35.868],[79.95,35.87],[79.907,35.862],[79.897,35.82],[79.957,35.841],[79.973,35.839],[79.964,35.811],[79.939,35.79],[79.907,35.786],[79.856,35.76],[79.821,35.759],[79.805,35.741],[79.773,35.735],[79.767,35.709],[79.735,35.697],[79.716,35.665],[79.674,35.662],[79.659,35.714],[79.722,35.741],[79.773,35.792],[79.802,35.801],[79.805,35.836],[79.818,35.83],[79.823,35.894],[79.843,35.9],[79.843,35.856],[79.866,35.819],[79.872,35.825],[79.862,35.875],[79.886,35.883],[79.894,35.894],[79.888,35.937],[79.913,35.938],[79.938,35.925],[79.957,35.945],[79.977,35.932],[80.0,35.894]]]}},{"type":"Feature","properties":{"sr":3},"geometry":{"type":"Polygon","coordinates":[[[75.592,35.903],[75.584,35.881],[75.609,35.848],[75.682,35.828],[75.692,35.811],[75.688,35.803],[75.68,35.798],[75.635,35.83],[75.616,35.832],[75.565,35.811],[75.572,35.798],[75.561,35.78],[75.54,35.774],[75.525,35.782],[75.549,35.829],[75.512,35.838],[75.512,35.849],[75.54,35.856],[75.572,35.843],[75.555,35.869],[75.521,35.887],[75.51,35.862],[75.502,35.856],[75.492,35.861],[75.495,35.9],[75.502,35.913],[75.519,35.915],[75.559,35.894],[75.566,35.898],[75.559,35.925],[75.588,35.915],[75.592,35.903]]]}},{"type":"Feature","properties":{"sr":3},"geometry":{"type":"Polygon","coordinates":[[[76.949,35.821],[77.01,35.797],[77.059,35.792],[77.079,35.799],[77.072,35.817],[77.056,35.829],[77.07,35.841],[77.091,35.817],[77.116,35.836],[77.135,35.824],[77.167,35.824],[77.205,35.786],[77.228,35.8],[77.237,35.798],[77.256,35.748],[77.275,35.76],[77.298,35.756],[77.339,35.69],[77.243,35.69],[77.192,35.709],[77.174,35.697],[77.129,35.728],[77.047,35.73],[77.036,35.739],[77.045,35.763],[76.972,35.782],[76.916,35.774],[76.902,35.791],[76.901,35.819],[76.887,35.824],[76.858,35.807],[76.843,35.811],[76.838,35.835],[76.815,35.854],[76.777,35.911],[76.779,35.919],[76.793,35.92],[76.83,35.875],[76.862,35.856],[76.945,35.836],[76.949,35.821]]]}},{"type":"Feature","properties":{"sr":6},"geometry":{"type":"Polygon","coordinates":[[[80.453,35.9],[80.447,35.849],[80.466,35.887],[80.475,35.883],[80.504,35.836],[80.513,35.793],[80.542,35.798],[80.549,35.76],[80.523,35.76],[80.453,35.703],[80.428,35.703],[80.421,35.678],[80.351,35.716],[80.256,35.722],[80.288,35.792],[80.326,35.786],[80.332,35.767],[80.358,35.767],[80.358,35.748],[80.377,35.748],[80.377,35.735],[80.428,35.741],[80.37,35.773],[80.357,35.821],[80.339,35.846],[80.377,35.887],[80.407,35.89],[80.43,35.877],[80.453,35.9]]]}},{"type":"Feature","properties":{"sr":6},"geometry":{"type":"Polygon","coordinates":[[[78.45,35.781],[78.527,35.786],[78.546,35.805],[78.572,35.798],[78.591,35.811],[78.616,35.805],[78.61,35.83],[78.677,35.878],[78.705,35.881],[78.737,35.868],[78.789,35.888],[78.801,35.881],[78.8,35.867],[78.743,35.849],[78.737,35.824],[78.693,35.824],[78.68,35.805],[78.661,35.805],[78.654,35.792],[78.616,35.793],[78.603,35.786],[78.597,35.767],[78.578,35.767],[78.613,35.75],[78.597,35.741],[78.527,35.735],[78.521,35.76],[78.48,35.756],[78.445,35.767],[78.45,35.781]]]}},{"type":"Feature","properties":{"sr":6},"geometry":{"type":"Polygon","coordinates":[[[79.284,35.817],[79.309,35.849],[79.32,35.842],[79.315,35.811],[79.334,35.798],[79.36,35.805],[79.357,35.786],[79.339,35.779],[79.315,35.786],[79.296,35.773],[79.22,35.785],[79.22,35.754],[79.233,35.754],[79.233,35.735],[79.269,35.729],[79.271,35.722],[79.261,35.71],[79.198,35.715],[79.144,35.735],[79.142,35.741],[79.157,35.748],[79.144,35.779],[79.163,35.798],[79.155,35.806],[79.089,35.822],[79.075,35.832],[79.074,35.843],[79.083,35.847],[79.137,35.836],[79.165,35.847],[79.182,35.824],[79.188,35.798],[79.205,35.83],[79.188,35.862],[79.202,35.868],[79.239,35.856],[79.252,35.83],[79.284,35.817]]]}},{"type":"Feature","properties":{"sr":6},"geometry":{"type":"Polygon","coordinates":[[[71.021,35.798],[71.035,35.785],[71.033,35.773],[71.008,35.779],[71.008,35.76],[70.985,35.75],[70.964,35.748],[70.964,35.792],[70.894,35.768],[70.855,35.767],[70.867,35.782],[70.9,35.792],[70.893,35.818],[70.9,35.824],[70.911,35.824],[70.932,35.805],[70.951,35.811],[70.964,35.804],[70.97,35.805],[70.945,35.82],[71.008,35.821],[71.025,35.812],[71.021,35.798]]]}},{"type":"Feature","properties":{"sr":6},"geometry":{"type":"Polygon","coordinates":[[[78.873,35.796],[78.909,35.805],[78.908,35.757],[78.915,35.741],[78.928,35.735],[78.931,35.702],[78.985,35.69],[78.983,35.674],[78.974,35.667],[78.924,35.668],[78.891,35.687],[78.883,35.703],[78.89,35.728],[78.842,35.769],[78.845,35.805],[78.854,35.808],[78.873,35.796]]]}},{"type":"Feature","properties":{"sr":6},"geometry":{"type":"Polygon","coordinates":[[[70.55,35.76],[70.518,35.763],[70.533,35.741],[70.525,35.718],[70.53,35.695],[70.556,35.697],[70.603,35.731],[70.62,35.735],[70.622,35.727],[70.585,35.683],[70.56,35.674],[70.587,35.652],[70.545,35.651],[70.531,35.671],[70.487,35.665],[70.468,35.678],[70.481,35.703],[70.461,35.709],[70.474,35.722],[70.468,35.767],[70.487,35.779],[70.474,35.798],[70.493,35.807],[70.5,35.805],[70.5,35.792],[70.547,35.791],[70.557,35.786],[70.55,35.76]]]}},{"type":"Feature","properties":{"sr":6},"geometry":{"type":"Polygon","coordinates":[[[81.147,35.781],[81.216,35.779],[81.241,35.767],[81.273,35.786],[81.267,35.76],[81.203,35.741],[81.159,35.716],[81.159,35.728],[81.133,35.728],[81.127,35.754],[81.089,35.741],[81.077,35.748],[81.074,35.761],[81.04,35.759],[81.019,35.767],[81.026,35.775],[81.076,35.786],[81.076,35.792],[81.108,35.786],[81.133,35.792],[81.147,35.781]]]}},{"type":"Feature","properties":{"sr":6},"geometry":{"type":"Polygon","coordinates":[[[78.797,35.772],[78.807,35.773],[78.818,35.753],[78.812,35.732],[78.845,35.735],[78.857,35.724],[78.866,35.694],[78.853,35.676],[78.826,35.678],[78.851,35.639],[78.823,35.577],[78.839,35.582],[78.87,35.614],[78.886,35.612],[78.877,35.633],[78.894,35.633],[78.915,35.62],[78.917,35.607],[78.897,35.555],[78.877,35.576],[78.817,35.546],[78.794,35.55],[78.801,35.57],[78.794,35.582],[78.769,35.557],[78.74,35.547],[78.743,35.57],[78.762,35.582],[78.737,35.576],[78.73,35.601],[78.699,35.614],[78.705,35.652],[78.737,35.648],[78.75,35.629],[78.756,35.652],[78.771,35.649],[78.804,35.619],[78.82,35.62],[78.821,35.63],[78.788,35.659],[78.794,35.678],[78.786,35.683],[78.762,35.684],[78.737,35.703],[78.648,35.722],[78.645,35.749],[78.711,35.773],[78.721,35.783],[78.737,35.779],[78.743,35.767],[78.782,35.785],[78.794,35.786],[78.797,35.772]]]}},{"type":"Feature","properties":{"sr":6},"geometry":{"type":"Polygon","coordinates":[[[78.445,35.765],[78.449,35.736],[78.438,35.721],[78.4,35.703],[78.366,35.696],[78.354,35.703],[78.362,35.722],[78.356,35.748],[78.381,35.748],[78.427,35.776],[78.445,35.765]]]}},{"type":"Feature","properties":{"sr":6},"geometry":{"type":"Polygon","coordinates":[[[71.04,35.703],[71.06,35.694],[71.059,35.684],[71.02,35.674],[71.001,35.66],[70.991,35.639],[70.972,35.638],[70.97,35.627],[70.951,35.627],[70.951,35.614],[70.913,35.627],[70.906,35.614],[70.894,35.614],[70.883,35.599],[70.875,35.601],[70.868,35.665],[70.843,35.687],[70.849,35.697],[70.894,35.684],[70.894,35.671],[70.906,35.671],[70.914,35.649],[70.932,35.641],[70.957,35.652],[70.951,35.678],[70.964,35.684],[70.964,35.697],[70.976,35.69],[70.989,35.709],[71.014,35.709],[70.976,35.73],[70.989,35.741],[71.013,35.743],[71.04,35.735],[71.04,35.703]]]}},{"type":"Feature","properties":{"sr":6},"geometry":{"type":"Polygon","coordinates":[[[80.915,35.676],[80.911,35.646],[80.873,35.646],[80.841,35.627],[80.771,35.633],[80.706,35.654],[80.707,35.665],[80.758,35.665],[80.789,35.677],[80.815,35.659],[80.905,35.685],[80.915,35.676]]]}},{"type":"Feature","properties":{"sr":6},"geometry":{"type":"Polygon","coordinates":[[[78.198,35.6],[78.146,35.605],[78.127,35.62],[78.075,35.626],[78.048,35.641],[78.038,35.659],[78.076,35.665],[78.108,35.652],[78.178,35.646],[78.204,35.628],[78.211,35.611],[78.198,35.6]]]}},{"type":"Feature","properties":{"sr":6},"geometry":{"type":"Polygon","coordinates":[[[74.85,35.621],[74.851,35.608],[74.844,35.601],[74.851,35.592],[74.892,35.582],[74.907,35.541],[74.873,35.534],[74.852,35.559],[74.822,35.563],[74.828,35.589],[74.803,35.589],[74.783,35.627],[74.79,35.636],[74.802,35.625],[74.815,35.627],[74.822,35.639],[74.855,35.643],[74.862,35.632],[74.85,35.621]]]}},{"type":"Feature","properties":{"sr":6},"geometry":{"type":"Polygon","coordinates":[[[77.984,35.612],[77.981,35.538],[77.964,35.53],[77.911,35.544],[77.907,35.572],[77.946,35.584],[77.936,35.614],[77.984,35.612]]]}},{"type":"Feature","properties":{"sr":6},"geometry":{"type":"Polygon","coordinates":[[[75.0,35.461],[74.898,35.461],[74.898,35.47],[74.936,35.493],[74.925,35.536],[74.93,35.55],[74.963,35.553],[74.974,35.544],[74.962,35.5],[74.998,35.473],[75.0,35.461]]]}},{"type":"Feature","properties":{"sr":6},"geometry":{"type":"Polygon","coordinates":[[[82.004,35.353],[82.042,35.36],[82.036,35.328],[82.017,35.315],[82.048,35.292],[82.004,35.277],[81.991,35.283],[81.928,35.258],[81.902,35.264],[81.845,35.22],[81.834,35.219],[81.82,35.233],[81.794,35.233],[81.782,35.245],[81.737,35.239],[81.724,35.271],[81.737,35.296],[81.763,35.296],[81.782,35.309],[81.826,35.296],[81.851,35.309],[81.877,35.302],[81.878,35.338],[81.887,35.356],[81.913,35.363],[81.934,35.347],[81.985,35.366],[82.004,35.353]]]}},{"type":"Feature","properties":{"sr":6},"geometry":{"type":"Polygon","coordinates":[[[78.705,35.287],[78.701,35.26],[78.737,35.252],[78.724,35.226],[78.698,35.209],[78.7,35.183],[78.61,35.175],[78.597,35.183],[78.612,35.196],[78.61,35.207],[78.558,35.221],[78.546,35.233],[78.551,35.246],[78.603,35.258],[78.629,35.252],[78.623,35.233],[78.653,35.233],[78.67,35.249],[78.641,35.275],[78.642,35.283],[78.699,35.296],[78.705,35.287]]]}},{"type":"Feature","properties":{"sr":6},"geometry":{"type":"Polygon","coordinates":[[[78.915,35.264],[78.896,35.239],[78.941,35.185],[78.947,35.163],[78.915,35.169],[78.909,35.131],[78.928,35.112],[78.921,35.093],[78.953,35.083],[78.991,35.093],[79.022,35.082],[79.021,35.071],[79.004,35.061],[78.953,35.055],[78.959,35.029],[78.937,35.033],[78.915,35.061],[78.89,35.067],[78.885,35.108],[78.858,35.137],[78.832,35.144],[78.805,35.205],[78.813,35.214],[78.832,35.211],[78.863,35.156],[78.89,35.188],[78.887,35.196],[78.872,35.202],[78.864,35.233],[78.85,35.248],[78.822,35.253],[78.827,35.274],[78.877,35.271],[78.885,35.288],[78.903,35.297],[78.915,35.264]]]}},{"type":"Feature","properties":{"sr":6},"geometry":{"type":"Polygon","coordinates":[[[78.494,35.207],[78.52,35.215],[78.531,35.189],[78.573,35.167],[78.585,35.144],[78.575,35.141],[78.491,35.172],[78.453,35.198],[78.446,35.215],[78.457,35.239],[78.451,35.257],[78.43,35.274],[78.441,35.29],[78.481,35.258],[78.48,35.222],[78.494,35.207]]]}},{"type":"Feature","properties":{"sr":6},"geometry":{"type":"Polygon","coordinates":[[[77.858,35.232],[77.872,35.233],[77.872,35.214],[77.917,35.201],[77.955,35.169],[77.978,35.167],[77.998,35.14],[78.006,35.086],[77.949,35.093],[77.943,35.1],[77.955,35.118],[77.879,35.15],[77.842,35.147],[77.815,35.131],[77.809,35.114],[77.788,35.113],[77.777,35.118],[77.771,35.137],[77.734,35.152],[77.721,35.165],[77.726,35.188],[77.734,35.191],[77.758,35.169],[77.798,35.181],[77.81,35.2],[77.789,35.189],[77.779,35.212],[77.783,35.22],[77.796,35.22],[77.804,35.249],[77.841,35.245],[77.858,35.232]]]}},{"type":"Feature","properties":{"sr":3},"geometry":{"type":"Polygon","coordinates":[[[80.993,35.137],[80.968,35.131],[80.943,35.112],[80.924,35.125],[80.904,35.113],[80.891,35.118],[80.879,35.137],[80.86,35.137],[80.854,35.175],[80.909,35.186],[80.949,35.182],[80.962,35.163],[80.993,35.152],[80.993,35.137]]]}},{"type":"Feature","properties":{"sr":6},"geometry":{"type":"Polygon","coordinates":[[[78.254,35.131],[78.305,35.131],[78.337,35.112],[78.33,35.061],[78.305,35.064],[78.267,35.099],[78.229,35.099],[78.152,35.118],[78.155,35.132],[78.197,35.144],[78.254,35.131]]]}},{"type":"Feature","properties":{"sr":6},"geometry":{"type":"Polygon","coordinates":[[[77.93,35.086],[77.936,35.061],[77.912,35.057],[77.847,35.079],[77.841,35.101],[77.87,35.09],[77.885,35.093],[77.879,35.118],[77.922,35.121],[77.938,35.105],[77.93,35.086]]]}},{"type":"Feature","properties":{"sr":6},"geometry":{"type":"Polygon","coordinates":[[[78.197,35.08],[78.165,35.08],[78.159,35.061],[78.12,35.036],[78.051,35.048],[78.054,35.058],[78.12,35.073],[78.146,35.106],[78.19,35.094],[78.197,35.08]]]}},{"type":"Feature","properties":{"sr":6},"geometry":{"type":"Polygon","coordinates":[[[74.258,34.888],[74.257,34.902],[74.28,34.956],[74.318,34.972],[74.345,34.966],[74.346,34.949],[74.311,34.912],[74.281,34.889],[74.258,34.888]]]}},{"type":"Feature","properties":{"sr":6},"geometry":{"type":"Polygon","coordinates":[[[74.628,34.951],[74.543,34.874],[74.516,34.883],[74.529,34.902],[74.501,34.919],[74.51,34.928],[74.577,34.931],[74.595,34.958],[74.629,34.962],[74.628,34.951]]]}},{"type":"Feature","properties":{"sr":5},"geometry":{"type":"Polygon","coordinates":[[[78.659,34.899],[78.667,34.889],[78.682,34.907],[78.71,34.88],[78.712,34.868],[78.693,34.864],[78.705,34.82],[78.691,34.817],[78.667,34.839],[78.642,34.845],[78.629,34.877],[78.603,34.87],[78.602,34.888],[78.586,34.887],[78.578,34.876],[78.591,34.864],[78.591,34.844],[78.612,34.833],[78.616,34.82],[78.578,34.805],[78.565,34.788],[78.597,34.8],[78.594,34.772],[78.585,34.762],[78.56,34.759],[78.489,34.768],[78.502,34.79],[78.555,34.793],[78.553,34.82],[78.524,34.852],[78.527,34.864],[78.54,34.864],[78.553,34.902],[78.585,34.911],[78.623,34.909],[78.649,34.929],[78.658,34.919],[78.659,34.899]]]}},{"type":"Feature","properties":{"sr":5},"geometry":{"type":"Polygon","coordinates":[[[78.229,34.718],[78.263,34.72],[78.279,34.711],[78.292,34.698],[78.299,34.661],[78.317,34.661],[78.317,34.648],[78.33,34.648],[78.337,34.629],[78.368,34.61],[78.413,34.603],[78.426,34.584],[78.433,34.592],[78.427,34.616],[78.395,34.622],[78.351,34.662],[78.344,34.681],[78.356,34.699],[78.407,34.672],[78.438,34.635],[78.476,34.635],[78.489,34.623],[78.514,34.625],[78.522,34.602],[78.511,34.596],[78.532,34.582],[78.505,34.566],[78.508,34.546],[78.495,34.543],[78.495,34.527],[78.515,34.521],[78.509,34.499],[78.527,34.483],[78.521,34.464],[78.533,34.451],[78.533,34.432],[78.553,34.425],[78.553,34.394],[78.565,34.413],[78.591,34.406],[78.598,34.419],[78.629,34.425],[78.629,34.406],[78.681,34.398],[78.682,34.378],[78.724,34.394],[78.772,34.392],[78.786,34.381],[78.79,34.357],[78.75,34.362],[78.765,34.349],[78.821,34.331],[78.839,34.317],[78.842,34.305],[78.82,34.311],[78.813,34.287],[78.776,34.276],[78.661,34.298],[78.642,34.317],[78.625,34.316],[78.648,34.292],[78.674,34.28],[78.673,34.273],[78.66,34.272],[78.565,34.292],[78.565,34.33],[78.55,34.333],[78.531,34.325],[78.532,34.299],[78.502,34.305],[78.457,34.298],[78.413,34.311],[78.364,34.285],[78.305,34.305],[78.303,34.316],[78.33,34.33],[78.305,34.362],[78.311,34.367],[78.337,34.368],[78.39,34.41],[78.419,34.406],[78.455,34.439],[78.407,34.432],[78.4,34.451],[78.362,34.451],[78.354,34.5],[78.356,34.508],[78.381,34.524],[78.376,34.534],[78.357,34.525],[78.324,34.489],[78.29,34.483],[78.272,34.491],[78.271,34.533],[78.259,34.55],[78.279,34.565],[78.286,34.588],[78.299,34.584],[78.303,34.558],[78.311,34.553],[78.319,34.584],[78.337,34.553],[78.356,34.591],[78.263,34.596],[78.252,34.609],[78.229,34.591],[78.225,34.601],[78.244,34.635],[78.248,34.692],[78.199,34.712],[78.196,34.723],[78.22,34.733],[78.229,34.731],[78.229,34.718]]]}},{"type":"Feature","properties":{"sr":6},"geometry":{"type":"Polygon","coordinates":[[[78.655,34.547],[78.642,34.553],[78.641,34.562],[78.705,34.597],[78.813,34.591],[78.811,34.576],[78.724,34.565],[78.655,34.547]]]}},{"type":"Feature","properties":{"sr":6},"geometry":{"type":"Polygon","coordinates":[[[78.597,34.527],[78.654,34.527],[78.667,34.495],[78.693,34.495],[78.689,34.482],[78.602,34.489],[78.547,34.52],[78.535,34.531],[78.536,34.541],[78.563,34.553],[78.597,34.527]]]}},{"type":"Feature","properties":{"sr":6},"geometry":{"type":"Polygon","coordinates":[[[79.092,34.414],[79.06,34.408],[79.055,34.419],[79.021,34.427],[79.023,34.438],[79.077,34.442],[79.093,34.451],[79.099,34.47],[79.112,34.464],[79.15,34.476],[79.144,34.521],[79.16,34.522],[79.169,34.495],[79.196,34.476],[79.195,34.464],[79.092,34.414]]]}},{"type":"Feature","properties":{"sr":6},"geometry":{"type":"Polygon","coordinates":[[[77.297,34.41],[77.294,34.394],[77.327,34.378],[77.326,34.368],[77.262,34.375],[77.228,34.401],[77.212,34.4],[77.204,34.396],[77.21,34.387],[77.205,34.368],[77.191,34.358],[77.188,34.414],[77.161,34.425],[77.174,34.451],[77.199,34.438],[77.249,34.432],[77.268,34.436],[77.292,34.462],[77.296,34.5],[77.332,34.457],[77.326,34.439],[77.297,34.41]]]}},{"type":"Feature","properties":{"sr":6},"geometry":{"type":"Polygon","coordinates":[[[79.532,34.489],[79.544,34.438],[79.537,34.436],[79.506,34.451],[79.428,34.443],[79.406,34.456],[79.455,34.483],[79.487,34.476],[79.524,34.49],[79.532,34.489]]]}},{"type":"Feature","properties":{"sr":6},"geometry":{"type":"Polygon","coordinates":[[[81.67,34.38],[81.642,34.362],[81.584,34.381],[81.591,34.394],[81.584,34.422],[81.601,34.433],[81.642,34.425],[81.672,34.393],[81.67,34.38]]]}},{"type":"Feature","properties":{"sr":6},"geometry":{"type":"Polygon","coordinates":[[[79.924,34.355],[79.957,34.355],[79.957,34.381],[79.976,34.375],[79.989,34.394],[80.008,34.394],[80.014,34.406],[80.072,34.381],[80.078,34.362],[80.104,34.368],[80.148,34.362],[80.186,34.375],[80.218,34.362],[80.263,34.372],[80.275,34.368],[80.278,34.34],[80.275,34.33],[80.231,34.317],[80.218,34.298],[80.165,34.304],[80.148,34.298],[80.142,34.286],[80.104,34.286],[80.098,34.245],[80.072,34.26],[80.065,34.241],[80.002,34.228],[80.002,34.26],[79.964,34.292],[79.957,34.279],[79.938,34.286],[79.93,34.277],[79.919,34.235],[79.898,34.236],[79.861,34.313],[79.83,34.311],[79.814,34.336],[79.798,34.343],[79.79,34.398],[79.826,34.419],[79.862,34.419],[79.924,34.355]]]}},{"type":"Feature","properties":{"sr":6},"geometry":{"type":"Polygon","coordinates":[[[75.432,34.292],[75.396,34.299],[75.356,34.317],[75.349,34.362],[75.381,34.394],[75.408,34.394],[75.417,34.386],[75.406,34.355],[75.433,34.304],[75.432,34.292]]]}},{"type":"Feature","properties":{"sr":6},"geometry":{"type":"Polygon","coordinates":[[[79.633,34.368],[79.63,34.332],[79.639,34.338],[79.652,34.329],[79.646,34.311],[79.681,34.308],[79.69,34.298],[79.703,34.248],[79.671,34.241],[79.646,34.216],[79.608,34.203],[79.576,34.178],[79.538,34.184],[79.495,34.169],[79.464,34.177],[79.462,34.222],[79.487,34.228],[79.506,34.254],[79.525,34.257],[79.545,34.25],[79.551,34.26],[79.53,34.279],[79.5,34.273],[79.493,34.298],[79.481,34.309],[79.48,34.317],[79.493,34.317],[79.48,34.324],[79.475,34.355],[79.525,34.336],[79.536,34.34],[79.544,34.362],[79.592,34.36],[79.618,34.384],[79.633,34.368]]]}},{"type":"Feature","properties":{"sr":6},"geometry":{"type":"Polygon","coordinates":[[[81.691,34.387],[81.732,34.373],[81.75,34.355],[81.752,34.347],[81.731,34.336],[81.75,34.317],[81.777,34.317],[81.772,34.291],[81.731,34.298],[81.731,34.324],[81.717,34.309],[81.705,34.311],[81.7,34.317],[81.705,34.336],[81.661,34.349],[81.674,34.381],[81.691,34.387]]]}},{"type":"Feature","properties":{"sr":6},"geometry":{"type":"Polygon","coordinates":[[[81.959,34.343],[81.98,34.348],[81.991,34.325],[82.022,34.322],[82.042,34.311],[82.036,34.298],[82.061,34.286],[82.059,34.262],[82.03,34.226],[82.01,34.222],[81.985,34.254],[81.99,34.265],[81.979,34.279],[81.915,34.273],[81.883,34.317],[81.906,34.341],[81.947,34.356],[81.959,34.343]]]}},{"type":"Feature","properties":{"sr":6},"geometry":{"type":"Polygon","coordinates":[[[75.737,34.292],[75.743,34.248],[75.718,34.241],[75.737,34.222],[75.717,34.194],[75.705,34.192],[75.707,34.237],[75.68,34.235],[75.692,34.209],[75.657,34.211],[75.629,34.222],[75.634,34.233],[75.673,34.255],[75.652,34.293],[75.656,34.298],[75.707,34.268],[75.718,34.269],[75.682,34.306],[75.692,34.311],[75.716,34.308],[75.737,34.292]]]}},{"type":"Feature","properties":{"sr":6},"geometry":{"type":"Polygon","coordinates":[[[81.211,34.233],[81.19,34.203],[81.146,34.203],[81.113,34.183],[81.061,34.195],[81.064,34.212],[81.051,34.235],[81.07,34.241],[81.076,34.254],[81.097,34.242],[81.181,34.254],[81.211,34.233]]]}},{"type":"Feature","properties":{"sr":6},"geometry":{"type":"Polygon","coordinates":[[[75.743,34.188],[75.769,34.139],[75.79,34.121],[75.788,34.114],[75.756,34.114],[75.75,34.139],[75.725,34.114],[75.711,34.12],[75.683,34.151],[75.68,34.165],[75.699,34.158],[75.705,34.178],[75.723,34.172],[75.743,34.188]]]}},{"type":"Feature","properties":{"sr":6},"geometry":{"type":"Polygon","coordinates":[[[80.037,34.165],[80.053,34.184],[80.072,34.171],[80.104,34.184],[80.11,34.171],[80.123,34.171],[80.135,34.158],[80.155,34.184],[80.191,34.14],[80.193,34.114],[80.125,34.108],[80.11,34.133],[80.091,34.137],[80.053,34.128],[80.022,34.138],[80.008,34.12],[79.964,34.123],[79.945,34.133],[79.951,34.165],[79.983,34.165],[80.003,34.18],[80.029,34.184],[80.025,34.17],[80.037,34.165]]]}},{"type":"Feature","properties":{"sr":5},"geometry":{"type":"Polygon","coordinates":[[[79.905,33.918],[79.886,33.912],[79.875,33.892],[79.843,33.879],[79.835,33.86],[79.824,33.86],[79.811,33.879],[79.824,33.892],[79.808,33.91],[79.811,33.917],[79.881,33.926],[79.894,33.936],[79.89,33.946],[79.792,33.968],[79.748,33.955],[79.743,33.949],[79.76,33.936],[79.766,33.92],[79.76,33.899],[79.742,33.904],[79.722,33.93],[79.665,33.93],[79.652,33.961],[79.633,33.949],[79.601,33.961],[79.576,33.943],[79.57,33.942],[79.569,33.953],[79.589,33.987],[79.614,33.987],[79.633,34.007],[79.659,33.987],[79.673,33.991],[79.676,34.009],[79.69,34.012],[79.702,34.008],[79.697,33.99],[79.71,33.979],[79.735,34.0],[79.76,34.0],[79.773,34.025],[79.798,34.025],[79.83,34.063],[79.818,34.089],[79.824,34.14],[79.83,34.152],[79.865,34.167],[79.875,34.152],[79.907,34.161],[79.919,34.152],[79.907,34.12],[79.929,34.089],[79.921,34.065],[79.9,34.063],[79.887,34.044],[79.864,34.043],[79.891,34.028],[79.908,33.99],[79.935,33.962],[79.951,33.955],[79.992,33.962],[80.002,33.955],[79.997,33.932],[79.948,33.9],[79.957,33.866],[79.97,33.866],[79.976,33.855],[79.965,33.834],[79.945,33.834],[79.919,33.854],[79.887,33.855],[79.887,33.879],[79.905,33.918]]]}},{"type":"Feature","properties":{"sr":6},"geometry":{"type":"Polygon","coordinates":[[[79.442,34.108],[79.474,34.108],[79.493,34.095],[79.481,34.071],[79.447,34.052],[79.542,34.032],[79.551,34.019],[79.512,34.006],[79.523,33.971],[79.487,33.97],[79.468,33.936],[79.454,33.939],[79.43,33.968],[79.417,33.961],[79.398,33.974],[79.386,33.948],[79.379,33.949],[79.373,33.993],[79.385,33.993],[79.379,34.063],[79.411,34.063],[79.385,34.089],[79.385,34.096],[79.398,34.101],[79.383,34.123],[79.402,34.137],[79.449,34.133],[79.442,34.108]]]}},{"type":"Feature","properties":{"sr":6},"geometry":{"type":"Polygon","coordinates":[[[76.836,33.974],[76.849,33.987],[76.868,33.981],[76.881,33.993],[76.926,33.987],[76.856,33.923],[76.805,33.93],[76.773,33.911],[76.753,33.909],[76.709,33.923],[76.732,33.954],[76.747,33.961],[76.786,33.955],[76.78,33.984],[76.792,33.993],[76.813,33.996],[76.836,33.974]]]}},{"type":"Feature","properties":{"sr":6},"geometry":{"type":"Polygon","coordinates":[[[77.491,33.983],[77.509,33.956],[77.536,33.949],[77.539,33.933],[77.529,33.911],[77.563,33.909],[77.59,33.895],[77.618,33.847],[77.615,33.818],[77.6,33.816],[77.574,33.828],[77.542,33.86],[77.529,33.892],[77.479,33.917],[77.479,33.936],[77.453,33.936],[77.447,33.955],[77.415,33.974],[77.438,34.0],[77.459,33.987],[77.491,34.0],[77.491,33.983]]]}},{"type":"Feature","properties":{"sr":6},"geometry":{"type":"Polygon","coordinates":[[[78.41,33.891],[78.426,33.892],[78.434,33.883],[78.464,33.841],[78.476,33.834],[78.487,33.808],[78.509,33.809],[78.515,33.796],[78.527,33.796],[78.527,33.771],[78.559,33.758],[78.553,33.745],[78.572,33.739],[78.573,33.732],[78.559,33.726],[78.562,33.712],[78.581,33.697],[78.578,33.688],[78.515,33.688],[78.495,33.726],[78.476,33.726],[78.483,33.758],[78.475,33.778],[78.464,33.79],[78.432,33.796],[78.438,33.815],[78.432,33.827],[78.394,33.866],[78.381,33.866],[78.349,33.898],[78.317,33.904],[78.312,33.928],[78.284,33.961],[78.286,33.974],[78.324,33.974],[78.349,33.936],[78.387,33.93],[78.41,33.891]]]}},{"type":"Feature","properties":{"sr":6},"geometry":{"type":"Polygon","coordinates":[[[76.576,33.917],[76.608,33.917],[76.608,33.898],[76.62,33.898],[76.614,33.872],[76.65,33.877],[76.658,33.866],[76.656,33.854],[76.627,33.834],[76.658,33.784],[76.658,33.758],[76.716,33.726],[76.757,33.762],[76.773,33.764],[76.786,33.745],[76.779,33.714],[76.805,33.707],[76.789,33.682],[76.83,33.65],[76.847,33.659],[76.862,33.656],[76.862,33.637],[76.906,33.644],[76.919,33.618],[76.938,33.605],[76.929,33.587],[76.905,33.57],[76.876,33.562],[76.849,33.574],[76.843,33.586],[76.873,33.589],[76.881,33.599],[76.843,33.612],[76.824,33.6],[76.811,33.603],[76.797,33.624],[76.811,33.631],[76.808,33.646],[76.793,33.661],[76.741,33.646],[76.747,33.688],[76.712,33.688],[76.703,33.682],[76.703,33.663],[76.665,33.663],[76.658,33.707],[76.62,33.707],[76.62,33.72],[76.595,33.733],[76.589,33.758],[76.551,33.752],[76.534,33.76],[76.521,33.789],[76.546,33.817],[76.506,33.822],[76.501,33.839],[76.519,33.872],[76.468,33.86],[76.462,33.879],[76.493,33.892],[76.493,33.911],[76.521,33.929],[76.568,33.944],[76.579,33.937],[76.576,33.917]]]}},{"type":"Feature","properties":{"sr":6},"geometry":{"type":"Polygon","coordinates":[[[78.756,33.93],[78.806,33.939],[78.822,33.933],[78.791,33.88],[78.826,33.866],[78.839,33.872],[78.864,33.86],[78.899,33.864],[78.91,33.841],[78.87,33.841],[78.89,33.796],[78.851,33.809],[78.82,33.847],[78.771,33.862],[78.775,33.815],[78.759,33.815],[78.75,33.847],[78.718,33.847],[78.727,33.867],[78.688,33.876],[78.668,33.903],[78.667,33.917],[78.731,33.896],[78.711,33.936],[78.743,33.942],[78.756,33.93]]]}},{"type":"Feature","properties":{"sr":6},"geometry":{"type":"Polygon","coordinates":[[[77.347,33.837],[77.352,33.819],[77.383,33.809],[77.398,33.769],[77.396,33.752],[77.352,33.732],[77.328,33.734],[77.326,33.758],[77.335,33.77],[77.301,33.774],[77.32,33.809],[77.285,33.849],[77.283,33.856],[77.294,33.86],[77.314,33.855],[77.282,33.921],[77.288,33.936],[77.326,33.93],[77.332,33.911],[77.358,33.904],[77.351,33.892],[77.364,33.872],[77.347,33.837]]]}},{"type":"Feature","properties":{"sr":5},"geometry":{"type":"Polygon","coordinates":[[[79.644,33.907],[79.659,33.911],[79.678,33.904],[79.684,33.892],[79.714,33.889],[79.76,33.857],[79.773,33.842],[79.773,33.828],[79.653,33.818],[79.639,33.841],[79.69,33.849],[79.659,33.853],[79.665,33.872],[79.658,33.881],[79.614,33.898],[79.598,33.882],[79.589,33.885],[79.576,33.911],[79.563,33.917],[79.578,33.924],[79.644,33.907]]]}},{"type":"Feature","properties":{"sr":6},"geometry":{"type":"Polygon","coordinates":[[[77.123,33.809],[77.148,33.834],[77.152,33.864],[77.184,33.86],[77.179,33.827],[77.157,33.796],[77.178,33.77],[77.136,33.76],[77.104,33.777],[77.096,33.77],[77.104,33.752],[77.094,33.738],[77.076,33.739],[77.072,33.733],[77.097,33.701],[77.123,33.739],[77.139,33.729],[77.18,33.669],[77.224,33.644],[77.224,33.613],[77.215,33.602],[77.191,33.604],[77.199,33.625],[77.189,33.639],[77.159,33.642],[77.131,33.664],[77.091,33.669],[77.059,33.688],[77.035,33.675],[77.009,33.686],[76.971,33.745],[76.981,33.75],[77.033,33.72],[77.04,33.758],[76.989,33.758],[76.976,33.777],[76.957,33.784],[76.957,33.809],[76.913,33.847],[76.912,33.864],[76.967,33.859],[76.995,33.847],[77.029,33.81],[77.046,33.809],[77.047,33.822],[77.016,33.863],[77.014,33.879],[77.027,33.88],[77.072,33.866],[77.072,33.824],[77.078,33.815],[77.123,33.809]]]}},{"type":"Feature","properties":{"sr":5},"geometry":{"type":"Polygon","coordinates":[[[77.707,33.775],[77.695,33.758],[77.65,33.758],[77.643,33.724],[77.607,33.698],[77.637,33.681],[77.638,33.639],[77.682,33.65],[77.68,33.629],[77.653,33.6],[77.644,33.58],[77.648,33.572],[77.656,33.567],[77.682,33.609],[77.701,33.612],[77.703,33.602],[77.685,33.572],[77.715,33.565],[77.701,33.533],[77.701,33.516],[77.71,33.514],[77.733,33.529],[77.745,33.555],[77.759,33.548],[77.769,33.527],[77.778,33.577],[77.79,33.586],[77.8,33.585],[77.815,33.561],[77.841,33.555],[77.848,33.543],[77.86,33.545],[77.866,33.561],[77.885,33.567],[77.885,33.599],[77.911,33.599],[77.903,33.618],[77.824,33.694],[77.836,33.713],[77.862,33.713],[77.911,33.682],[77.962,33.612],[77.987,33.591],[77.98,33.574],[77.924,33.566],[77.896,33.532],[77.898,33.517],[77.911,33.504],[77.968,33.485],[77.961,33.465],[77.938,33.454],[77.908,33.453],[77.873,33.463],[77.829,33.501],[77.849,33.459],[77.825,33.444],[77.745,33.478],[77.705,33.485],[77.696,33.482],[77.707,33.472],[77.764,33.453],[77.764,33.408],[77.72,33.408],[77.701,33.383],[77.688,33.389],[77.683,33.412],[77.644,33.402],[77.608,33.382],[77.586,33.383],[77.57,33.392],[77.568,33.406],[77.652,33.446],[77.65,33.459],[77.637,33.466],[77.637,33.491],[77.606,33.542],[77.58,33.536],[77.593,33.555],[77.568,33.567],[77.574,33.586],[77.554,33.602],[77.562,33.618],[77.536,33.631],[77.542,33.65],[77.51,33.65],[77.509,33.657],[77.529,33.663],[77.526,33.668],[77.504,33.669],[77.485,33.694],[77.468,33.68],[77.466,33.637],[77.452,33.641],[77.434,33.733],[77.451,33.734],[77.52,33.699],[77.514,33.727],[77.529,33.773],[77.548,33.784],[77.574,33.771],[77.588,33.788],[77.614,33.778],[77.631,33.815],[77.707,33.796],[77.707,33.775]]]}},{"type":"Feature","properties":{"sr":6},"geometry":{"type":"Polygon","coordinates":[[[80.305,33.634],[80.275,33.637],[80.205,33.618],[80.157,33.624],[80.129,33.612],[80.091,33.625],[80.042,33.612],[80.034,33.625],[80.042,33.64],[80.065,33.649],[80.161,33.656],[80.168,33.675],[80.191,33.67],[80.205,33.644],[80.219,33.644],[80.294,33.669],[80.321,33.696],[80.339,33.701],[80.339,33.656],[80.313,33.65],[80.305,33.634]]]}},{"type":"Feature","properties":{"sr":6},"geometry":{"type":"Polygon","coordinates":[[[77.491,33.428],[77.508,33.444],[77.517,33.44],[77.542,33.377],[77.618,33.313],[77.628,33.277],[77.629,33.242],[77.622,33.229],[77.593,33.299],[77.58,33.307],[77.548,33.307],[77.555,33.332],[77.498,33.358],[77.491,33.389],[77.472,33.402],[77.428,33.491],[77.44,33.516],[77.441,33.575],[77.457,33.591],[77.479,33.536],[77.459,33.491],[77.491,33.428]]]}},{"type":"Feature","properties":{"sr":6},"geometry":{"type":"Polygon","coordinates":[[[77.194,33.473],[77.184,33.453],[77.174,33.478],[77.148,33.478],[77.129,33.495],[77.099,33.551],[77.104,33.574],[77.122,33.564],[77.194,33.473]]]}},{"type":"Feature","properties":{"sr":6},"geometry":{"type":"Polygon","coordinates":[[[78.248,33.504],[78.243,33.514],[78.273,33.536],[78.286,33.574],[78.362,33.58],[78.362,33.555],[78.3,33.529],[78.292,33.51],[78.248,33.504]]]}},{"type":"Feature","properties":{"sr":6},"geometry":{"type":"Polygon","coordinates":[[[78.47,33.523],[78.489,33.516],[78.483,33.491],[78.489,33.466],[78.457,33.415],[78.453,33.373],[78.438,33.363],[78.419,33.383],[78.42,33.391],[78.438,33.421],[78.445,33.455],[78.464,33.478],[78.429,33.536],[78.448,33.564],[78.483,33.548],[78.484,33.54],[78.47,33.523]]]}},{"type":"Feature","properties":{"sr":6},"geometry":{"type":"Polygon","coordinates":[[[77.057,33.546],[77.081,33.548],[77.097,33.504],[77.12,33.484],[77.123,33.472],[77.117,33.444],[77.084,33.475],[77.065,33.485],[77.057,33.478],[77.059,33.446],[77.071,33.423],[77.057,33.383],[77.11,33.396],[77.115,33.344],[77.11,33.313],[77.095,33.287],[77.065,33.269],[77.065,33.294],[77.033,33.307],[77.021,33.339],[76.985,33.374],[76.981,33.389],[77.008,33.421],[76.999,33.427],[76.949,33.414],[76.919,33.42],[76.926,33.434],[76.945,33.44],[76.92,33.461],[76.926,33.472],[76.957,33.472],[76.989,33.491],[77.036,33.488],[77.04,33.504],[77.023,33.535],[77.027,33.548],[77.046,33.557],[77.057,33.546]]]}},{"type":"Feature","properties":{"sr":6},"geometry":{"type":"Polygon","coordinates":[[[77.421,33.326],[77.413,33.3],[77.389,33.292],[77.37,33.3],[77.358,33.319],[77.323,33.298],[77.31,33.308],[77.332,33.339],[77.374,33.351],[77.388,33.372],[77.37,33.396],[77.37,33.415],[77.332,33.497],[77.382,33.526],[77.411,33.496],[77.448,33.357],[77.44,33.332],[77.421,33.326]]]}},{"type":"Feature","properties":{"sr":6},"geometry":{"type":"Polygon","coordinates":[[[77.158,33.3],[77.14,33.313],[77.148,33.326],[77.174,33.332],[77.138,33.39],[77.148,33.415],[77.16,33.421],[77.203,33.363],[77.205,33.338],[77.189,33.308],[77.158,33.3]]]}},{"type":"Feature","properties":{"sr":6},"geometry":{"type":"Polygon","coordinates":[[[77.898,33.396],[77.915,33.316],[77.892,33.3],[77.888,33.273],[77.866,33.288],[77.853,33.274],[77.853,33.231],[77.847,33.218],[77.838,33.216],[77.828,33.243],[77.803,33.237],[77.755,33.324],[77.758,33.345],[77.791,33.364],[77.803,33.364],[77.809,33.332],[77.819,33.354],[77.828,33.358],[77.843,33.334],[77.833,33.384],[77.854,33.364],[77.882,33.397],[77.898,33.396]]]}},{"type":"Feature","properties":{"sr":6},"geometry":{"type":"Polygon","coordinates":[[[76.36,33.326],[76.388,33.293],[76.385,33.281],[76.367,33.276],[76.354,33.313],[76.341,33.314],[76.317,33.309],[76.303,33.288],[76.277,33.288],[76.236,33.268],[76.226,33.269],[76.222,33.278],[76.264,33.326],[76.296,33.332],[76.323,33.375],[76.341,33.383],[76.365,33.384],[76.372,33.374],[76.373,33.351],[76.36,33.326]]]}},{"type":"Feature","properties":{"sr":6},"geometry":{"type":"Polygon","coordinates":[[[78.152,33.339],[78.189,33.344],[78.203,33.339],[78.216,33.307],[78.283,33.298],[78.286,33.281],[78.254,33.281],[78.222,33.269],[78.209,33.281],[78.17,33.282],[78.152,33.3],[78.133,33.294],[78.089,33.307],[78.083,33.32],[78.092,33.341],[78.105,33.35],[78.127,33.351],[78.152,33.339]]]}},{"type":"Feature","properties":{"sr":6},"geometry":{"type":"Polygon","coordinates":[[[77.51,33.135],[77.513,33.201],[77.491,33.211],[77.479,33.243],[77.459,33.262],[77.472,33.289],[77.5,33.303],[77.511,33.295],[77.491,33.269],[77.5,33.248],[77.542,33.202],[77.556,33.174],[77.555,33.142],[77.51,33.135]]]}},{"type":"Feature","properties":{"sr":6},"geometry":{"type":"Polygon","coordinates":[[[79.601,33.238],[79.633,33.224],[79.625,33.212],[79.589,33.205],[79.566,33.18],[79.567,33.17],[79.595,33.192],[79.664,33.198],[79.722,33.23],[79.739,33.214],[79.678,33.172],[79.595,33.142],[79.639,33.091],[79.671,33.083],[79.678,33.072],[79.679,33.057],[79.659,33.027],[79.659,33.002],[79.639,32.976],[79.632,32.99],[79.639,33.038],[79.633,33.053],[79.606,32.986],[79.569,33.009],[79.581,33.028],[79.57,33.04],[79.528,33.01],[79.519,33.008],[79.513,33.03],[79.512,33.04],[79.538,33.065],[79.512,33.097],[79.522,33.121],[79.5,33.129],[79.506,33.167],[79.5,33.218],[79.512,33.218],[79.519,33.25],[79.54,33.237],[79.544,33.256],[79.563,33.25],[79.591,33.287],[79.615,33.298],[79.601,33.238]]]}},{"type":"Feature","properties":{"sr":6},"geometry":{"type":"Polygon","coordinates":[[[76.084,33.24],[76.095,33.245],[76.106,33.239],[76.085,33.195],[76.118,33.205],[76.126,33.197],[76.12,33.182],[76.131,33.18],[76.164,33.2],[76.175,33.199],[76.197,33.147],[76.154,33.134],[76.125,33.142],[76.125,33.161],[76.093,33.148],[76.074,33.161],[76.036,33.161],[76.036,33.18],[76.016,33.211],[76.042,33.211],[76.036,33.231],[76.067,33.262],[76.076,33.264],[76.084,33.24]]]}},{"type":"Feature","properties":{"sr":6},"geometry":{"type":"Polygon","coordinates":[[[77.262,33.256],[77.294,33.257],[77.302,33.238],[77.294,33.217],[77.268,33.198],[77.262,33.167],[77.268,33.161],[77.294,33.167],[77.3,33.148],[77.322,33.152],[77.348,33.14],[77.313,33.18],[77.317,33.215],[77.329,33.235],[77.351,33.243],[77.361,33.242],[77.37,33.224],[77.396,33.224],[77.381,33.137],[77.389,33.116],[77.406,33.111],[77.402,33.173],[77.42,33.175],[77.457,33.111],[77.456,33.101],[77.425,33.083],[77.428,33.065],[77.466,33.053],[77.479,33.072],[77.496,33.078],[77.517,33.069],[77.496,33.038],[77.498,33.008],[77.46,33.003],[77.421,33.008],[77.402,33.053],[77.388,33.04],[77.374,33.005],[77.345,33.033],[77.337,33.032],[77.332,33.008],[77.307,33.014],[77.288,33.008],[77.284,33.037],[77.311,33.06],[77.252,33.084],[77.224,33.148],[77.224,33.199],[77.198,33.19],[77.186,33.192],[77.177,33.205],[77.186,33.243],[77.256,33.224],[77.261,33.23],[77.238,33.243],[77.231,33.258],[77.258,33.265],[77.262,33.256]]]}},{"type":"Feature","properties":{"sr":6},"geometry":{"type":"Polygon","coordinates":[[[77.962,33.161],[77.976,33.179],[77.987,33.18],[78.0,33.135],[77.98,33.106],[77.936,33.103],[77.936,33.129],[77.904,33.129],[77.898,33.173],[77.924,33.18],[77.913,33.22],[77.917,33.231],[77.938,33.234],[77.962,33.161]]]}},{"type":"Feature","properties":{"sr":6},"geometry":{"type":"Polygon","coordinates":[[[77.709,33.12],[77.676,33.123],[77.644,33.135],[77.663,33.218],[77.677,33.221],[77.685,33.213],[77.719,33.128],[77.709,33.12]]]}},{"type":"Feature","properties":{"sr":3},"geometry":{"type":"Polygon","coordinates":[[[76.608,33.084],[76.589,33.065],[76.574,33.022],[76.563,33.014],[76.545,33.012],[76.55,33.032],[76.544,33.046],[76.511,33.036],[76.506,33.053],[76.538,33.072],[76.544,33.092],[76.532,33.11],[76.506,33.11],[76.507,33.128],[76.532,33.148],[76.51,33.161],[76.512,33.167],[76.551,33.167],[76.595,33.185],[76.614,33.18],[76.608,33.084]]]}},{"type":"Feature","properties":{"sr":6},"geometry":{"type":"Polygon","coordinates":[[[78.445,33.142],[78.471,33.171],[78.527,33.154],[78.522,33.138],[78.464,33.129],[78.478,33.105],[78.495,33.033],[78.454,33.029],[78.432,33.078],[78.404,33.077],[78.4,33.084],[78.402,33.094],[78.425,33.102],[78.432,33.116],[78.402,33.149],[78.4,33.167],[78.414,33.173],[78.445,33.142]]]}},{"type":"Feature","properties":{"sr":6},"geometry":{"type":"Polygon","coordinates":[[[79.938,33.09],[79.957,33.091],[79.957,33.072],[79.983,33.065],[79.983,33.053],[80.008,33.046],[80.002,33.027],[80.014,33.014],[80.005,32.991],[80.04,32.997],[80.053,32.932],[80.088,32.895],[80.146,32.883],[80.178,32.901],[80.186,32.894],[80.17,32.86],[80.144,32.847],[80.06,32.852],[80.046,32.856],[80.014,32.9],[80.002,32.9],[80.002,32.913],[79.951,32.919],[79.932,32.906],[79.914,32.91],[79.913,32.939],[79.9,32.97],[79.907,32.989],[79.9,33.008],[79.926,33.046],[79.901,33.092],[79.916,33.117],[79.938,33.09]]]}},{"type":"Feature","properties":{"sr":6},"geometry":{"type":"Polygon","coordinates":[[[78.495,32.97],[78.489,32.951],[78.502,32.919],[78.483,32.919],[78.476,32.906],[78.461,32.904],[78.466,32.877],[78.457,32.869],[78.438,32.894],[78.432,32.925],[78.409,32.944],[78.409,32.96],[78.419,32.978],[78.451,32.983],[78.465,33.004],[78.485,33.016],[78.495,32.97]]]}},{"type":"Feature","properties":{"sr":6},"geometry":{"type":"Polygon","coordinates":[[[77.402,32.868],[77.42,32.854],[77.383,32.836],[77.423,32.829],[77.409,32.811],[77.383,32.798],[77.364,32.811],[77.345,32.805],[77.339,32.817],[77.326,32.817],[77.326,32.836],[77.295,32.844],[77.294,32.856],[77.309,32.86],[77.35,32.842],[77.345,32.875],[77.382,32.886],[77.383,32.913],[77.375,32.927],[77.386,32.934],[77.408,32.926],[77.415,32.913],[77.402,32.868]]]}},{"type":"Feature","properties":{"sr":6},"geometry":{"type":"Polygon","coordinates":[[[80.917,32.862],[80.936,32.878],[80.949,32.875],[80.97,32.831],[80.983,32.824],[81.004,32.829],[81.015,32.847],[81.073,32.844],[81.088,32.829],[81.051,32.814],[81.061,32.791],[81.019,32.768],[81.006,32.767],[80.989,32.795],[80.967,32.795],[80.946,32.785],[80.936,32.767],[80.946,32.747],[81.012,32.728],[81.009,32.715],[80.993,32.703],[80.943,32.709],[80.911,32.741],[80.904,32.786],[80.913,32.806],[80.904,32.83],[80.891,32.83],[80.891,32.875],[80.898,32.879],[80.917,32.862]]]}},{"type":"Feature","properties":{"sr":5},"geometry":{"type":"Polygon","coordinates":[[[77.635,32.727],[77.637,32.697],[77.663,32.697],[77.681,32.674],[77.695,32.678],[77.711,32.712],[77.726,32.703],[77.733,32.684],[77.764,32.671],[77.79,32.69],[77.803,32.684],[77.811,32.67],[77.809,32.614],[77.819,32.595],[77.885,32.595],[77.93,32.557],[77.955,32.557],[77.968,32.544],[77.999,32.536],[78.0,32.525],[77.993,32.518],[77.955,32.525],[77.921,32.481],[77.904,32.474],[77.872,32.519],[77.856,32.512],[77.828,32.474],[77.809,32.461],[77.772,32.463],[77.764,32.468],[77.768,32.482],[77.804,32.515],[77.809,32.531],[77.805,32.54],[77.788,32.533],[77.764,32.538],[77.72,32.582],[77.721,32.609],[77.713,32.615],[77.672,32.601],[77.707,32.563],[77.714,32.538],[77.726,32.525],[77.707,32.487],[77.682,32.506],[77.656,32.563],[77.618,32.563],[77.65,32.519],[77.644,32.5],[77.651,32.484],[77.67,32.465],[77.663,32.451],[77.645,32.451],[77.612,32.512],[77.593,32.519],[77.586,32.538],[77.547,32.548],[77.528,32.574],[77.529,32.587],[77.54,32.595],[77.561,32.595],[77.58,32.582],[77.593,32.601],[77.613,32.606],[77.612,32.614],[77.603,32.621],[77.568,32.608],[77.511,32.624],[77.492,32.663],[77.491,32.671],[77.505,32.675],[77.548,32.652],[77.573,32.66],[77.58,32.665],[77.542,32.684],[77.576,32.739],[77.588,32.744],[77.635,32.727]]]}},{"type":"Feature","properties":{"sr":6},"geometry":{"type":"Polygon","coordinates":[[[80.897,32.723],[80.881,32.666],[80.863,32.657],[80.755,32.684],[80.746,32.697],[80.746,32.705],[80.76,32.71],[80.79,32.697],[80.805,32.71],[80.812,32.74],[80.86,32.744],[80.887,32.74],[80.897,32.723]]]}},{"type":"Feature","properties":{"sr":6},"geometry":{"type":"Polygon","coordinates":[[[77.326,32.684],[77.351,32.69],[77.351,32.678],[77.389,32.665],[77.428,32.671],[77.424,32.655],[77.435,32.641],[77.434,32.614],[77.461,32.596],[77.453,32.582],[77.428,32.576],[77.474,32.575],[77.49,32.561],[77.483,32.525],[77.459,32.519],[77.434,32.525],[77.415,32.5],[77.421,32.49],[77.442,32.486],[77.445,32.473],[77.472,32.487],[77.513,32.478],[77.523,32.474],[77.525,32.456],[77.557,32.498],[77.568,32.5],[77.572,32.492],[77.561,32.455],[77.529,32.436],[77.481,32.389],[77.542,32.404],[77.542,32.379],[77.568,32.379],[77.555,32.315],[77.511,32.31],[77.491,32.328],[77.459,32.328],[77.428,32.372],[77.399,32.352],[77.389,32.353],[77.392,32.387],[77.383,32.411],[77.395,32.452],[77.383,32.468],[77.358,32.481],[77.363,32.503],[77.339,32.506],[77.308,32.563],[77.313,32.576],[77.321,32.576],[77.354,32.54],[77.377,32.538],[77.389,32.572],[77.357,32.594],[77.345,32.614],[77.377,32.614],[77.373,32.628],[77.307,32.652],[77.282,32.703],[77.292,32.705],[77.326,32.684]]]}},{"type":"Feature","properties":{"sr":6},"geometry":{"type":"Polygon","coordinates":[[[78.419,32.506],[78.42,32.481],[78.394,32.496],[78.343,32.461],[78.384,32.429],[78.381,32.411],[78.299,32.417],[78.286,32.449],[78.267,32.436],[78.261,32.461],[78.226,32.471],[78.229,32.487],[78.238,32.491],[78.279,32.487],[78.298,32.494],[78.319,32.475],[78.33,32.474],[78.362,32.512],[78.362,32.531],[78.411,32.538],[78.434,32.53],[78.432,32.512],[78.419,32.506]]]}},{"type":"Feature","properties":{"sr":6},"geometry":{"type":"Polygon","coordinates":[[[78.94,32.398],[79.008,32.412],[79.023,32.411],[79.024,32.399],[78.972,32.379],[78.984,32.354],[78.961,32.343],[78.919,32.351],[78.902,32.366],[78.891,32.4],[78.896,32.43],[78.907,32.434],[78.94,32.398]]]}},{"type":"Feature","properties":{"sr":5},"geometry":{"type":"Polygon","coordinates":[[[77.421,32.233],[77.449,32.146],[77.447,32.112],[77.42,32.083],[77.408,32.083],[77.415,32.124],[77.396,32.131],[77.402,32.144],[77.383,32.15],[77.377,32.182],[77.324,32.223],[77.326,32.239],[77.338,32.239],[77.377,32.214],[77.38,32.279],[77.393,32.3],[77.421,32.264],[77.421,32.233]]]}},{"type":"Feature","properties":{"sr":6},"geometry":{"type":"Polygon","coordinates":[[[77.908,32.087],[77.854,32.105],[77.862,32.12],[77.936,32.144],[77.961,32.174],[77.998,32.187],[77.923,32.093],[77.908,32.087]]]}},{"type":"Feature","properties":{"sr":6},"geometry":{"type":"Polygon","coordinates":[[[78.816,32.022],[78.858,32.023],[78.87,32.004],[78.896,31.997],[78.898,31.99],[78.877,31.985],[78.898,31.96],[78.896,31.947],[78.858,31.94],[78.881,31.929],[78.864,31.902],[78.867,31.881],[78.844,31.872],[78.832,31.845],[78.783,31.853],[78.775,31.858],[78.793,31.912],[78.788,31.927],[78.777,31.919],[78.782,31.902],[78.762,31.864],[78.705,31.87],[78.675,31.854],[78.667,31.858],[78.665,31.877],[78.711,31.921],[78.673,31.947],[78.693,31.963],[78.665,31.996],[78.787,32.008],[78.775,32.023],[78.756,32.029],[78.764,32.035],[78.816,32.022]]]}},{"type":"Feature","properties":{"sr":5},"geometry":{"type":"Polygon","coordinates":[[[77.739,31.934],[77.669,31.957],[77.656,31.966],[77.659,31.984],[77.694,32.0],[77.767,32.002],[77.783,31.996],[77.791,31.982],[77.783,31.959],[77.739,31.934]]]}},{"type":"Feature","properties":{"sr":5},"geometry":{"type":"Polygon","coordinates":[[[77.917,31.908],[77.942,31.944],[77.955,31.947],[77.951,31.931],[77.968,31.902],[77.957,31.876],[77.899,31.852],[77.885,31.852],[77.88,31.876],[77.854,31.874],[77.841,31.864],[77.842,31.801],[77.828,31.794],[77.813,31.806],[77.793,31.879],[77.796,31.889],[77.856,31.893],[77.872,31.902],[77.866,31.927],[77.872,31.947],[77.857,31.977],[77.877,31.998],[77.895,31.999],[77.917,31.978],[77.912,31.918],[77.917,31.908]]]}},{"type":"Feature","properties":{"sr":6},"geometry":{"type":"Polygon","coordinates":[[[78.091,31.783],[78.038,31.749],[77.969,31.782],[77.959,31.797],[77.964,31.81],[77.977,31.816],[78.0,31.796],[78.039,31.817],[78.064,31.809],[78.065,31.836],[78.076,31.845],[78.105,31.846],[78.114,31.839],[78.112,31.812],[78.091,31.783]]]}},{"type":"Feature","properties":{"sr":6},"geometry":{"type":"Polygon","coordinates":[[[78.126,31.721],[78.152,31.724],[78.161,31.699],[78.194,31.726],[78.203,31.724],[78.206,31.695],[78.19,31.673],[78.124,31.679],[78.108,31.667],[78.12,31.648],[78.152,31.654],[78.165,31.642],[78.19,31.642],[78.196,31.623],[78.189,31.609],[78.173,31.603],[78.152,31.61],[78.139,31.629],[78.12,31.607],[78.108,31.61],[78.108,31.629],[78.099,31.641],[78.07,31.661],[78.06,31.637],[78.052,31.641],[78.012,31.699],[78.012,31.711],[78.032,31.711],[78.052,31.724],[78.074,31.708],[78.071,31.719],[78.079,31.731],[78.127,31.737],[78.126,31.721]]]}},{"type":"Feature","properties":{"sr":6},"geometry":{"type":"Polygon","coordinates":[[[80.028,31.693],[80.034,31.661],[80.008,31.644],[79.98,31.65],[79.963,31.674],[79.97,31.711],[79.978,31.715],[79.994,31.7],[80.002,31.718],[80.032,31.722],[80.037,31.718],[80.028,31.693]]]}},{"type":"Feature","properties":{"sr":5},"geometry":{"type":"Polygon","coordinates":[[[78.591,31.381],[78.603,31.381],[78.616,31.368],[78.648,31.381],[78.648,31.368],[78.661,31.368],[78.667,31.349],[78.711,31.355],[78.717,31.317],[78.707,31.305],[78.675,31.326],[78.629,31.324],[78.623,31.311],[78.559,31.317],[78.52,31.361],[78.483,31.387],[78.498,31.405],[78.518,31.402],[78.519,31.389],[78.527,31.387],[78.586,31.414],[78.591,31.381]]]}},{"type":"Feature","properties":{"sr":3},"geometry":{"type":"Polygon","coordinates":[[[79.372,31.17],[79.392,31.177],[79.398,31.146],[79.424,31.171],[79.44,31.165],[79.44,31.147],[79.417,31.108],[79.354,31.12],[79.296,31.114],[79.284,31.171],[79.286,31.191],[79.296,31.203],[79.31,31.202],[79.328,31.159],[79.353,31.153],[79.326,31.18],[79.325,31.197],[79.346,31.209],[79.373,31.209],[79.366,31.177],[79.372,31.17]]]}},{"type":"Feature","properties":{"sr":6},"geometry":{"type":"Polygon","coordinates":[[[81.252,31.1],[81.267,31.108],[81.276,31.095],[81.273,31.05],[81.251,31.034],[81.229,31.031],[81.229,31.05],[81.216,31.06],[81.232,31.079],[81.21,31.075],[81.203,31.095],[81.222,31.108],[81.246,31.153],[81.292,31.184],[81.252,31.1]]]}},{"type":"Feature","properties":{"sr":6},"geometry":{"type":"Polygon","coordinates":[[[81.614,31.088],[81.68,31.076],[81.693,31.089],[81.75,31.063],[81.763,31.038],[81.769,31.05],[81.782,31.044],[81.812,31.054],[81.824,31.036],[81.794,31.019],[81.788,30.993],[81.769,30.991],[81.745,30.998],[81.728,31.036],[81.699,31.044],[81.724,31.012],[81.709,30.989],[81.68,30.974],[81.672,30.981],[81.693,31.006],[81.674,31.012],[81.674,31.031],[81.654,31.031],[81.648,31.05],[81.61,31.076],[81.585,31.052],[81.572,31.057],[81.569,31.064],[81.584,31.082],[81.572,31.117],[81.584,31.127],[81.595,31.126],[81.6,31.102],[81.614,31.088]]]}},{"type":"Feature","properties":{"sr":6},"geometry":{"type":"Polygon","coordinates":[[[81.489,30.968],[81.438,30.974],[81.416,30.987],[81.464,31.05],[81.519,31.067],[81.527,31.06],[81.527,31.038],[81.489,30.968]]]}},{"type":"Feature","properties":{"sr":6},"geometry":{"type":"Polygon","coordinates":[[[79.887,30.771],[79.849,30.787],[79.843,30.796],[79.881,30.828],[79.881,30.835],[79.867,30.839],[79.862,30.855],[79.884,30.883],[79.938,30.853],[79.932,30.822],[79.957,30.809],[79.964,30.796],[79.983,30.796],[79.989,30.764],[79.97,30.745],[79.97,30.726],[79.963,30.726],[79.951,30.739],[79.919,30.733],[79.913,30.777],[79.887,30.771]]]}},{"type":"Feature","properties":{"sr":5},"geometry":{"type":"Polygon","coordinates":[[[80.277,30.605],[80.256,30.593],[80.275,30.58],[80.301,30.593],[80.313,30.58],[80.332,30.586],[80.351,30.555],[80.395,30.552],[80.447,30.529],[80.472,30.536],[80.479,30.523],[80.491,30.523],[80.491,30.504],[80.523,30.504],[80.529,30.485],[80.555,30.472],[80.555,30.447],[80.592,30.448],[80.573,30.416],[80.593,30.408],[80.593,30.383],[80.623,30.355],[80.618,30.345],[80.607,30.341],[80.567,30.377],[80.549,30.377],[80.542,30.396],[80.517,30.421],[80.521,30.446],[80.498,30.472],[80.453,30.485],[80.4,30.514],[80.345,30.51],[80.313,30.548],[80.256,30.548],[80.231,30.567],[80.22,30.565],[80.227,30.55],[80.218,30.542],[80.197,30.544],[80.18,30.555],[80.199,30.605],[80.218,30.602],[80.224,30.593],[80.239,30.615],[80.27,30.623],[80.277,30.605]]]}},{"type":"Feature","properties":{"sr":6},"geometry":{"type":"Polygon","coordinates":[[[81.328,30.488],[81.384,30.496],[81.413,30.475],[81.413,30.459],[81.381,30.453],[81.393,30.437],[81.389,30.425],[81.362,30.415],[81.343,30.421],[81.323,30.394],[81.305,30.389],[81.311,30.408],[81.237,30.406],[81.216,30.415],[81.235,30.427],[81.211,30.438],[81.216,30.453],[81.237,30.467],[81.267,30.472],[81.286,30.491],[81.311,30.491],[81.311,30.497],[81.328,30.488]]]}},{"type":"Feature","properties":{"sr":6},"geometry":{"type":"Polygon","coordinates":[[[80.682,30.453],[80.701,30.459],[80.707,30.434],[80.752,30.434],[80.764,30.402],[80.789,30.413],[80.803,30.408],[80.805,30.379],[80.841,30.389],[80.84,30.38],[80.815,30.351],[80.854,30.37],[80.854,30.345],[80.885,30.332],[80.886,30.316],[80.936,30.3],[80.962,30.313],[80.962,30.294],[80.987,30.3],[80.987,30.281],[81.006,30.281],[81.026,30.254],[81.025,30.243],[81.016,30.239],[80.987,30.256],[80.925,30.261],[80.904,30.288],[80.879,30.285],[80.835,30.263],[80.828,30.275],[80.831,30.3],[80.822,30.307],[80.796,30.3],[80.796,30.319],[80.739,30.37],[80.728,30.396],[80.709,30.404],[80.682,30.402],[80.682,30.421],[80.612,30.466],[80.676,30.472],[80.682,30.453]]]}},{"type":"Feature","properties":{"sr":6},"geometry":{"type":"Polygon","coordinates":[[[81.945,30.372],[81.985,30.383],[81.985,30.37],[82.004,30.377],[82.004,30.364],[82.017,30.383],[82.049,30.377],[82.049,30.364],[82.061,30.364],[82.061,30.345],[82.074,30.339],[82.061,30.326],[82.068,30.307],[82.049,30.319],[81.979,30.307],[81.966,30.332],[81.921,30.339],[81.902,30.351],[81.864,30.351],[81.846,30.363],[81.823,30.357],[81.817,30.367],[81.797,30.374],[81.812,30.387],[81.859,30.397],[81.873,30.385],[81.892,30.392],[81.903,30.37],[81.936,30.399],[81.945,30.372]]]}},{"type":"Feature","properties":{"sr":6},"geometry":{"type":"Polygon","coordinates":[[[81.467,30.307],[81.453,30.308],[81.451,30.3],[81.49,30.269],[81.489,30.249],[81.422,30.259],[81.413,30.243],[81.419,30.224],[81.404,30.209],[81.381,30.199],[81.373,30.199],[81.368,30.211],[81.338,30.208],[81.364,30.247],[81.371,30.271],[81.413,30.288],[81.419,30.326],[81.482,30.34],[81.489,30.333],[81.467,30.307]]]}},{"type":"Feature","properties":{"sr":6},"geometry":{"type":"Polygon","coordinates":[[[80.644,30.313],[80.658,30.328],[80.676,30.332],[80.676,30.313],[80.669,30.313],[80.697,30.306],[80.688,30.281],[80.698,30.277],[80.709,30.288],[80.72,30.288],[80.72,30.269],[80.757,30.241],[80.758,30.218],[80.746,30.192],[80.758,30.167],[80.752,30.122],[80.739,30.117],[80.695,30.122],[80.714,30.154],[80.71,30.199],[80.658,30.233],[80.606,30.23],[80.606,30.281],[80.631,30.275],[80.599,30.32],[80.634,30.333],[80.644,30.313]]]}},{"type":"Feature","properties":{"sr":5},"geometry":{"type":"Polygon","coordinates":[[[81.795,30.253],[81.814,30.214],[81.807,30.199],[81.826,30.205],[81.839,30.192],[81.859,30.225],[81.871,30.224],[81.871,30.192],[81.877,30.183],[81.896,30.18],[81.901,30.156],[81.921,30.141],[81.934,30.116],[81.953,30.116],[81.959,30.091],[81.981,30.108],[82.007,30.105],[82.0,30.076],[81.968,30.052],[81.981,30.033],[81.976,30.012],[81.947,30.012],[81.934,30.033],[81.887,30.025],[81.871,30.033],[81.869,30.045],[81.896,30.065],[81.894,30.077],[81.871,30.084],[81.839,30.116],[81.788,30.091],[81.778,30.099],[81.776,30.128],[81.756,30.135],[81.756,30.148],[81.727,30.142],[81.718,30.148],[81.718,30.161],[81.68,30.141],[81.706,30.121],[81.705,30.11],[81.686,30.11],[81.68,30.084],[81.624,30.072],[81.612,30.076],[81.612,30.104],[81.636,30.129],[81.626,30.143],[81.555,30.082],[81.54,30.091],[81.54,30.111],[81.572,30.124],[81.578,30.135],[81.539,30.139],[81.525,30.149],[81.546,30.167],[81.578,30.173],[81.557,30.188],[81.494,30.175],[81.47,30.18],[81.468,30.196],[81.546,30.205],[81.615,30.236],[81.636,30.237],[81.646,30.194],[81.661,30.186],[81.68,30.192],[81.697,30.188],[81.712,30.211],[81.699,30.23],[81.743,30.249],[81.743,30.224],[81.776,30.249],[81.795,30.253]]]}},{"type":"Feature","properties":{"sr":6},"geometry":{"type":"Polygon","coordinates":[[[81.522,30.039],[81.539,30.035],[81.559,30.014],[81.551,30.0],[81.514,29.995],[81.479,29.961],[81.47,29.938],[81.483,29.919],[81.491,29.92],[81.503,29.948],[81.512,29.952],[81.546,29.951],[81.553,29.938],[81.623,29.948],[81.616,29.932],[81.578,29.913],[81.54,29.919],[81.521,29.894],[81.495,29.887],[81.499,29.855],[81.481,29.83],[81.464,29.849],[81.457,29.875],[81.449,29.872],[81.426,29.836],[81.399,29.835],[81.391,29.812],[81.378,29.813],[81.356,29.864],[81.36,29.876],[81.381,29.875],[81.399,29.863],[81.41,29.885],[81.378,29.906],[81.375,29.932],[81.382,29.936],[81.407,29.925],[81.416,29.93],[81.413,29.951],[81.426,29.944],[81.435,29.989],[81.457,30.002],[81.457,30.04],[81.476,30.04],[81.497,30.059],[81.508,30.058],[81.522,30.039]]]}},{"type":"Feature","properties":{"sr":3},"geometry":{"type":"Polygon","coordinates":[[[72.043,39.154],[72.038,39.129],[72.057,39.094],[72.057,39.049],[72.07,39.053],[72.095,39.083],[72.104,39.053],[72.116,39.056],[72.114,39.084],[72.127,39.084],[72.12,39.097],[72.133,39.123],[72.178,39.116],[72.171,39.142],[72.2,39.147],[72.215,39.166],[72.222,39.167],[72.222,39.142],[72.273,39.135],[72.278,39.114],[72.267,39.097],[72.233,39.101],[72.216,39.091],[72.19,39.091],[72.203,39.078],[72.229,39.091],[72.273,39.091],[72.209,39.053],[72.26,39.072],[72.275,39.06],[72.267,39.014],[72.235,39.021],[72.235,39.008],[72.222,39.002],[72.244,38.99],[72.269,39.002],[72.29,39.029],[72.298,39.091],[72.317,39.095],[72.337,39.084],[72.317,39.053],[72.323,39.011],[72.317,38.989],[72.292,38.964],[72.285,38.913],[72.269,38.888],[72.265,38.87],[72.279,38.856],[72.278,38.884],[72.319,38.87],[72.311,38.881],[72.298,38.881],[72.296,38.887],[72.311,38.894],[72.291,38.916],[72.292,38.926],[72.311,38.919],[72.324,38.932],[72.351,38.923],[72.336,38.946],[72.317,38.957],[72.33,38.98],[72.361,38.985],[72.343,38.995],[72.337,39.021],[72.346,39.024],[72.362,39.002],[72.381,39.002],[72.394,38.964],[72.405,38.962],[72.411,38.979],[72.425,38.97],[72.422,38.946],[72.438,38.945],[72.457,38.926],[72.447,38.905],[72.464,38.9],[72.476,38.906],[72.49,38.893],[72.496,38.901],[72.492,38.913],[72.464,38.951],[72.464,38.989],[72.437,39.008],[72.438,39.014],[72.464,39.014],[72.487,39.03],[72.502,39.027],[72.504,39.012],[72.524,39.025],[72.527,39.008],[72.54,39.034],[72.551,39.005],[72.54,38.989],[72.502,38.976],[72.508,38.968],[72.546,38.983],[72.565,38.97],[72.584,38.976],[72.597,38.962],[72.604,38.97],[72.597,39.002],[72.654,38.983],[72.66,38.944],[72.654,38.932],[72.616,38.932],[72.629,38.913],[72.61,38.913],[72.604,38.887],[72.615,38.866],[72.591,38.868],[72.591,38.83],[72.61,38.843],[72.619,38.816],[72.631,38.814],[72.62,38.834],[72.622,38.849],[72.637,38.847],[72.641,38.836],[72.648,38.84],[72.661,38.862],[72.673,38.862],[72.68,38.887],[72.712,38.909],[72.724,38.906],[72.728,38.902],[72.711,38.881],[72.711,38.849],[72.737,38.83],[72.739,38.869],[72.781,38.862],[72.771,38.843],[72.781,38.836],[72.82,38.843],[72.823,38.807],[72.799,38.793],[72.821,38.78],[72.827,38.765],[72.813,38.741],[72.813,38.709],[72.794,38.716],[72.756,38.703],[72.757,38.713],[72.788,38.741],[72.769,38.767],[72.722,38.755],[72.724,38.741],[72.705,38.722],[72.696,38.729],[72.693,38.762],[72.659,38.778],[72.649,38.769],[72.667,38.746],[72.654,38.741],[72.648,38.722],[72.64,38.722],[72.635,38.748],[72.572,38.735],[72.559,38.716],[72.548,38.72],[72.546,38.744],[72.533,38.754],[72.535,38.736],[72.527,38.728],[72.483,38.748],[72.377,38.725],[72.416,38.704],[72.438,38.728],[72.47,38.722],[72.429,38.698],[72.432,38.678],[72.443,38.674],[72.479,38.713],[72.508,38.716],[72.502,38.697],[72.565,38.703],[72.564,38.69],[72.527,38.681],[72.542,38.632],[72.549,38.629],[72.557,38.639],[72.541,38.652],[72.553,38.671],[72.597,38.659],[72.616,38.665],[72.616,38.639],[72.648,38.646],[72.661,38.627],[72.691,38.636],[72.705,38.633],[72.703,38.619],[72.692,38.614],[72.739,38.596],[72.743,38.582],[72.686,38.585],[72.699,38.57],[72.69,38.534],[72.667,38.546],[72.648,38.533],[72.606,38.533],[72.597,38.512],[72.584,38.506],[72.584,38.493],[72.565,38.493],[72.591,38.487],[72.591,38.469],[72.54,38.455],[72.521,38.442],[72.544,38.427],[72.54,38.417],[72.527,38.417],[72.495,38.385],[72.495,38.404],[72.476,38.398],[72.464,38.417],[72.432,38.411],[72.4,38.423],[72.362,38.392],[72.337,38.417],[72.311,38.417],[72.324,38.442],[72.309,38.441],[72.292,38.385],[72.33,38.385],[72.327,38.373],[72.298,38.366],[72.298,38.334],[72.285,38.341],[72.274,38.328],[72.249,38.343],[72.23,38.313],[72.193,38.308],[72.19,38.296],[72.216,38.284],[72.192,38.261],[72.133,38.258],[72.139,38.22],[72.114,38.211],[72.133,38.175],[72.109,38.17],[72.082,38.175],[72.063,38.201],[72.095,38.201],[72.081,38.224],[72.076,38.226],[72.057,38.204],[72.045,38.226],[72.029,38.221],[72.012,38.226],[72.006,38.245],[71.981,38.233],[71.981,38.252],[71.948,38.243],[71.942,38.203],[71.949,38.182],[71.931,38.18],[71.917,38.188],[71.923,38.243],[71.901,38.227],[71.876,38.25],[71.879,38.22],[71.853,38.22],[71.866,38.214],[71.866,38.195],[71.852,38.179],[71.828,38.175],[71.822,38.201],[71.765,38.185],[71.769,38.167],[71.801,38.16],[71.79,38.148],[71.795,38.138],[71.78,38.131],[71.794,38.123],[71.778,38.107],[71.777,38.08],[71.72,38.048],[71.688,38.067],[71.682,38.055],[71.65,38.042],[71.644,38.067],[71.625,38.055],[71.6,38.065],[71.595,38.042],[71.625,38.029],[71.626,38.011],[71.618,38.005],[71.579,38.01],[71.561,38.023],[71.561,38.042],[71.526,38.046],[71.498,38.042],[71.491,38.017],[71.451,37.998],[71.44,38.004],[71.434,38.029],[71.377,38.042],[71.381,38.056],[71.434,38.048],[71.453,38.055],[71.421,38.097],[71.44,38.106],[71.466,38.106],[71.459,38.08],[71.475,38.076],[71.498,38.08],[71.511,38.106],[71.531,38.086],[71.561,38.08],[71.574,38.086],[71.593,38.08],[71.612,38.093],[71.644,38.083],[71.646,38.105],[71.623,38.123],[71.636,38.136],[71.679,38.124],[71.694,38.106],[71.726,38.093],[71.728,38.1],[71.707,38.106],[71.706,38.114],[71.72,38.195],[71.707,38.201],[71.707,38.214],[71.659,38.216],[71.657,38.233],[71.664,38.241],[71.695,38.226],[71.714,38.245],[71.752,38.233],[71.774,38.277],[71.823,38.289],[71.834,38.322],[71.857,38.318],[71.873,38.334],[71.873,38.353],[71.895,38.37],[71.917,38.373],[71.917,38.353],[71.905,38.34],[71.925,38.331],[71.942,38.366],[71.953,38.368],[71.957,38.356],[71.974,38.373],[71.955,38.379],[71.955,38.392],[71.977,38.391],[71.993,38.379],[71.999,38.362],[72.059,38.354],[72.031,38.347],[72.038,38.322],[72.008,38.3],[72.053,38.294],[72.075,38.273],[72.083,38.282],[72.07,38.296],[72.068,38.319],[72.075,38.334],[72.095,38.341],[72.089,38.309],[72.108,38.309],[72.108,38.285],[72.131,38.275],[72.148,38.278],[72.12,38.284],[72.114,38.315],[72.133,38.309],[72.131,38.342],[72.165,38.341],[72.184,38.36],[72.181,38.367],[72.146,38.36],[72.146,38.417],[72.126,38.389],[72.114,38.385],[72.114,38.398],[72.095,38.392],[72.076,38.411],[72.047,38.408],[72.044,38.417],[72.063,38.436],[72.089,38.442],[72.089,38.455],[72.124,38.456],[72.118,38.477],[72.089,38.481],[72.094,38.492],[72.117,38.493],[72.126,38.504],[72.089,38.5],[72.089,38.512],[72.07,38.487],[72.044,38.481],[72.031,38.468],[71.993,38.474],[71.955,38.455],[71.942,38.458],[71.937,38.474],[71.923,38.481],[71.901,38.466],[71.866,38.468],[71.866,38.481],[71.85,38.481],[71.834,38.474],[71.847,38.468],[71.841,38.455],[71.847,38.442],[71.844,38.408],[71.816,38.398],[71.79,38.417],[71.778,38.41],[71.77,38.39],[71.72,38.402],[71.707,38.398],[71.697,38.367],[71.674,38.381],[71.657,38.419],[71.659,38.425],[71.675,38.423],[71.701,38.412],[71.707,38.417],[71.691,38.44],[71.695,38.449],[71.714,38.449],[71.72,38.468],[71.741,38.454],[71.75,38.484],[71.777,38.468],[71.796,38.474],[71.815,38.461],[71.805,38.487],[71.828,38.506],[71.828,38.531],[71.836,38.533],[71.853,38.512],[71.879,38.525],[71.904,38.519],[71.906,38.532],[71.894,38.558],[71.904,38.571],[71.923,38.563],[71.941,38.578],[71.949,38.576],[71.936,38.544],[71.948,38.523],[71.936,38.506],[71.968,38.531],[72.003,38.518],[72.011,38.531],[71.987,38.538],[71.981,38.576],[71.968,38.582],[71.974,38.62],[71.985,38.623],[71.993,38.595],[72.024,38.599],[72.035,38.638],[72.069,38.661],[72.076,38.659],[72.07,38.627],[72.09,38.639],[72.095,38.627],[72.115,38.622],[72.114,38.614],[72.092,38.614],[72.08,38.603],[72.078,38.581],[72.095,38.544],[72.114,38.557],[72.139,38.548],[72.12,38.563],[72.133,38.582],[72.128,38.602],[72.159,38.582],[72.165,38.575],[72.163,38.549],[72.171,38.55],[72.188,38.565],[72.161,38.586],[72.152,38.608],[72.187,38.597],[72.184,38.62],[72.175,38.634],[72.146,38.639],[72.185,38.672],[72.141,38.668],[72.131,38.675],[72.133,38.697],[72.152,38.69],[72.139,38.735],[72.097,38.682],[72.089,38.684],[72.106,38.742],[72.1,38.744],[72.076,38.741],[72.074,38.716],[72.063,38.709],[72.012,38.716],[71.981,38.697],[71.942,38.703],[71.942,38.722],[71.898,38.728],[71.881,38.702],[71.885,38.69],[71.917,38.678],[71.908,38.669],[71.878,38.663],[71.841,38.671],[71.834,38.652],[71.809,38.646],[71.79,38.652],[71.764,38.627],[71.714,38.639],[71.695,38.627],[71.714,38.602],[71.714,38.595],[71.701,38.595],[71.701,38.582],[71.65,38.589],[71.631,38.614],[71.606,38.595],[71.616,38.579],[71.594,38.56],[71.614,38.556],[71.618,38.544],[71.593,38.544],[71.609,38.519],[71.606,38.512],[71.567,38.519],[71.574,38.55],[71.564,38.546],[71.555,38.525],[71.567,38.512],[71.561,38.481],[71.549,38.477],[71.517,38.493],[71.472,38.487],[71.491,38.481],[71.478,38.461],[71.485,38.436],[71.459,38.43],[71.46,38.458],[71.453,38.461],[71.44,38.436],[71.421,38.442],[71.415,38.43],[71.37,38.417],[71.387,38.394],[71.383,38.385],[71.368,38.378],[71.351,38.392],[71.313,38.372],[71.3,38.373],[71.301,38.386],[71.332,38.392],[71.339,38.423],[71.396,38.474],[71.386,38.481],[71.346,38.481],[71.326,38.474],[71.32,38.461],[71.287,38.468],[71.23,38.449],[71.218,38.436],[71.178,38.435],[71.173,38.443],[71.18,38.455],[71.236,38.476],[71.243,38.481],[71.241,38.491],[71.199,38.506],[71.192,38.519],[71.143,38.528],[71.154,38.538],[71.18,38.538],[71.186,38.557],[71.154,38.563],[71.161,38.589],[71.081,38.577],[71.072,38.595],[71.084,38.595],[71.091,38.608],[71.138,38.605],[71.148,38.614],[71.135,38.627],[71.135,38.646],[71.145,38.646],[71.161,38.627],[71.189,38.623],[71.201,38.668],[71.227,38.66],[71.224,38.68],[71.249,38.698],[71.261,38.689],[71.252,38.674],[71.256,38.665],[71.271,38.684],[71.279,38.66],[71.275,38.646],[71.256,38.646],[71.25,38.627],[71.23,38.614],[71.242,38.602],[71.275,38.608],[71.273,38.589],[71.237,38.576],[71.236,38.569],[71.25,38.563],[71.243,38.538],[71.258,38.533],[71.3,38.55],[71.3,38.519],[71.32,38.512],[71.347,38.534],[71.364,38.538],[71.402,38.525],[71.389,38.557],[71.346,38.559],[71.351,38.589],[71.332,38.629],[71.349,38.637],[71.377,38.608],[71.402,38.601],[71.389,38.62],[71.389,38.643],[71.4,38.652],[71.418,38.648],[71.434,38.633],[71.428,38.62],[71.44,38.601],[71.434,38.582],[71.458,38.588],[71.449,38.64],[71.453,38.659],[71.462,38.658],[71.48,38.626],[71.51,38.608],[71.492,38.648],[71.531,38.648],[71.543,38.658],[71.503,38.684],[71.468,38.695],[71.41,38.692],[71.395,38.714],[71.345,38.703],[71.332,38.741],[71.307,38.735],[71.29,38.764],[71.288,38.773],[71.32,38.773],[71.313,38.798],[71.402,38.817],[71.421,38.792],[71.445,38.795],[71.433,38.765],[71.44,38.758],[71.453,38.779],[71.471,38.79],[71.476,38.787],[71.466,38.76],[71.479,38.763],[71.487,38.79],[71.504,38.798],[71.51,38.754],[71.536,38.805],[71.549,38.794],[71.54,38.732],[71.577,38.768],[71.586,38.767],[71.569,38.714],[71.597,38.736],[71.606,38.722],[71.645,38.733],[71.652,38.725],[71.65,38.711],[71.631,38.697],[71.647,38.696],[71.682,38.722],[71.688,38.703],[71.72,38.703],[71.739,38.684],[71.758,38.69],[71.777,38.684],[71.752,38.716],[71.783,38.722],[71.771,38.735],[71.771,38.754],[71.714,38.773],[71.669,38.811],[71.695,38.817],[71.695,38.805],[71.739,38.805],[71.752,38.792],[71.777,38.805],[71.777,38.792],[71.803,38.792],[71.803,38.779],[71.845,38.782],[71.834,38.748],[71.839,38.737],[71.853,38.754],[71.873,38.759],[71.873,38.798],[71.886,38.797],[71.904,38.772],[71.929,38.777],[71.917,38.792],[71.919,38.813],[71.803,38.805],[71.772,38.822],[71.771,38.83],[71.873,38.831],[71.855,38.846],[71.815,38.85],[71.803,38.843],[71.726,38.862],[71.701,38.856],[71.596,38.878],[71.589,38.887],[71.593,38.906],[71.606,38.906],[71.606,38.919],[71.616,38.921],[71.644,38.906],[71.663,38.919],[71.665,38.933],[71.649,38.934],[71.637,38.945],[71.633,38.962],[71.638,38.976],[71.631,38.983],[71.625,38.964],[71.606,38.976],[71.593,38.957],[71.561,38.957],[71.542,38.938],[71.517,38.945],[71.499,38.911],[71.477,38.921],[71.456,38.906],[71.453,38.926],[71.434,38.913],[71.408,38.913],[71.392,38.9],[71.377,38.926],[71.368,38.924],[71.351,38.9],[71.307,38.9],[71.294,38.881],[71.256,38.868],[71.256,38.856],[71.218,38.843],[71.184,38.821],[71.15,38.828],[71.154,38.843],[71.168,38.851],[71.158,38.875],[71.174,38.881],[71.18,38.868],[71.204,38.867],[71.217,38.88],[71.192,38.887],[71.174,38.913],[71.148,38.906],[71.119,38.939],[71.127,38.944],[71.167,38.938],[71.192,38.919],[71.201,38.95],[71.219,38.957],[71.23,38.945],[71.243,38.945],[71.25,38.915],[71.262,38.919],[71.27,38.94],[71.287,38.948],[71.294,38.964],[71.313,38.957],[71.354,38.966],[71.355,39.003],[71.412,39.009],[71.426,39.001],[71.418,39.012],[71.395,39.016],[71.339,39.014],[71.342,39.054],[71.351,39.065],[71.377,39.07],[71.383,39.103],[71.397,39.098],[71.406,39.067],[71.421,39.065],[71.426,39.069],[71.415,39.078],[71.414,39.091],[71.425,39.112],[71.444,39.083],[71.479,39.087],[71.472,39.059],[71.478,39.04],[71.489,39.051],[71.479,39.126],[71.496,39.155],[71.511,39.149],[71.498,39.123],[71.517,39.046],[71.536,39.059],[71.548,39.053],[71.555,39.078],[71.592,39.068],[71.609,39.079],[71.616,39.074],[71.618,39.084],[71.686,39.09],[71.695,39.072],[71.657,39.059],[71.669,39.046],[71.657,39.021],[71.644,39.021],[71.657,39.008],[71.657,38.989],[71.675,39.04],[71.682,39.041],[71.688,39.027],[71.745,39.028],[71.726,39.053],[71.705,39.065],[71.707,39.078],[71.767,39.08],[71.783,39.091],[71.779,39.121],[71.79,39.123],[71.834,39.046],[71.845,39.052],[71.861,39.081],[71.879,39.084],[71.873,39.059],[71.892,39.053],[71.879,39.034],[71.898,39.021],[71.892,38.983],[71.907,38.994],[71.914,39.037],[71.879,39.091],[71.881,39.113],[71.893,39.117],[71.898,39.097],[71.932,39.053],[71.945,39.01],[71.955,39.014],[71.955,39.034],[71.987,39.036],[71.981,39.046],[71.963,39.041],[71.955,39.046],[71.961,39.072],[71.942,39.084],[71.961,39.11],[71.961,39.133],[71.974,39.135],[71.975,39.093],[71.993,39.097],[72.019,39.123],[72.025,39.173],[72.043,39.154]],[[72.381,38.697],[72.375,38.671],[72.355,38.678],[72.346,38.67],[72.342,38.638],[72.349,38.627],[72.363,38.624],[72.387,38.639],[72.387,38.614],[72.4,38.614],[72.407,38.599],[72.407,38.557],[72.438,38.557],[72.454,38.538],[72.451,38.56],[72.457,38.563],[72.484,38.54],[72.513,38.557],[72.514,38.563],[72.489,38.578],[72.456,38.581],[72.436,38.611],[72.476,38.589],[72.496,38.611],[72.494,38.59],[72.516,38.573],[72.523,38.583],[72.518,38.618],[72.492,38.627],[72.443,38.616],[72.422,38.634],[72.423,38.669],[72.389,38.649],[72.4,38.684],[72.381,38.697]],[[72.161,38.992],[72.178,38.976],[72.158,38.97],[72.133,38.989],[72.101,38.976],[72.139,38.945],[72.116,38.955],[72.082,38.938],[72.097,38.934],[72.108,38.919],[72.069,38.901],[72.07,38.894],[72.085,38.894],[72.146,38.926],[72.12,38.888],[72.12,38.875],[72.131,38.871],[72.181,38.896],[72.164,38.916],[72.171,38.923],[72.197,38.932],[72.207,38.946],[72.247,38.956],[72.254,38.938],[72.235,38.919],[72.233,38.904],[72.203,38.906],[72.216,38.887],[72.184,38.868],[72.202,38.86],[72.229,38.862],[72.235,38.894],[72.276,38.957],[72.273,38.976],[72.222,38.97],[72.19,38.951],[72.158,38.943],[72.211,38.978],[72.186,38.991],[72.161,38.992]]]}},{"type":"Feature","properties":{"sr":5},"geometry":{"type":"Polygon","coordinates":[[[71.055,38.3],[71.078,38.303],[71.1,38.261],[71.12,38.254],[71.135,38.226],[71.154,38.226],[71.161,38.195],[71.172,38.222],[71.18,38.22],[71.18,38.207],[71.199,38.22],[71.23,38.207],[71.232,38.2],[71.218,38.195],[71.218,38.175],[71.182,38.182],[71.174,38.175],[71.174,38.163],[71.159,38.165],[71.152,38.142],[71.211,38.15],[71.207,38.124],[71.241,38.115],[71.228,38.101],[71.199,38.106],[71.174,38.099],[71.137,38.115],[71.128,38.102],[71.149,38.088],[71.141,38.08],[71.116,38.08],[71.089,38.066],[71.052,38.067],[71.053,38.048],[71.072,38.061],[71.091,38.053],[71.104,38.023],[71.072,38.023],[71.084,37.985],[71.053,37.985],[71.072,37.972],[71.053,37.966],[71.04,37.928],[71.021,37.928],[71.014,37.915],[70.995,37.915],[71.008,37.909],[70.995,37.883],[70.987,37.882],[70.947,37.905],[70.932,37.928],[70.964,37.921],[70.957,37.966],[70.98,37.963],[70.983,37.978],[70.995,37.985],[71.008,38.036],[70.983,38.054],[70.988,38.086],[70.962,38.093],[70.946,38.112],[70.926,38.118],[70.924,38.125],[70.938,38.131],[70.919,38.145],[70.926,38.156],[70.945,38.163],[70.945,38.188],[70.97,38.185],[70.989,38.169],[70.976,38.137],[70.995,38.137],[70.996,38.113],[71.01,38.112],[71.022,38.091],[71.033,38.106],[71.053,38.112],[71.065,38.144],[71.084,38.144],[71.07,38.166],[71.072,38.175],[71.091,38.169],[71.091,38.188],[71.116,38.188],[71.107,38.197],[71.059,38.207],[71.064,38.249],[71.053,38.258],[71.035,38.251],[71.019,38.258],[71.002,38.29],[71.033,38.29],[71.031,38.298],[71.002,38.328],[70.976,38.334],[70.97,38.373],[70.978,38.373],[70.989,38.341],[71.027,38.334],[71.055,38.3]]]}},{"type":"Feature","properties":{"sr":6},"geometry":{"type":"Polygon","coordinates":[[[73.474,38.061],[73.487,38.074],[73.501,38.072],[73.534,38.053],[73.538,38.042],[73.496,38.041],[73.47,38.029],[73.502,38.016],[73.487,38.01],[73.487,37.985],[73.455,37.978],[73.449,37.959],[73.484,37.943],[73.474,37.934],[73.455,37.94],[73.424,37.934],[73.417,37.966],[73.404,37.978],[73.411,38.01],[73.392,38.029],[73.398,38.061],[73.425,38.049],[73.43,38.055],[73.404,38.074],[73.44,38.082],[73.455,38.08],[73.474,38.061]]]}},{"type":"Feature","properties":{"sr":5},"geometry":{"type":"Polygon","coordinates":[[[73.782,37.178],[73.784,37.155],[73.766,37.176],[73.742,37.174],[73.76,37.152],[73.765,37.115],[73.792,37.086],[73.766,37.057],[73.747,37.066],[73.735,37.085],[73.736,37.095],[73.754,37.104],[73.736,37.134],[73.737,37.153],[73.723,37.157],[73.703,37.133],[73.665,37.127],[73.654,37.15],[73.652,37.171],[73.697,37.165],[73.737,37.198],[73.755,37.199],[73.782,37.178]]]}},{"type":"Feature","properties":{"sr":5},"geometry":{"type":"Polygon","coordinates":[[[72.716,37.251],[72.725,37.223],[72.716,37.202],[72.705,37.223],[72.692,37.228],[72.679,37.201],[72.633,37.214],[72.616,37.209],[72.635,37.203],[72.629,37.197],[72.656,37.175],[72.687,37.167],[72.686,37.159],[72.676,37.156],[72.629,37.165],[72.629,37.146],[72.653,37.137],[72.649,37.123],[72.61,37.127],[72.584,37.108],[72.553,37.114],[72.54,37.095],[72.527,37.101],[72.533,37.076],[72.514,37.065],[72.502,37.063],[72.483,37.101],[72.457,37.095],[72.441,37.104],[72.425,37.082],[72.393,37.087],[72.387,37.103],[72.394,37.12],[72.368,37.12],[72.377,37.147],[72.367,37.152],[72.349,37.139],[72.33,37.139],[72.33,37.114],[72.317,37.114],[72.324,37.095],[72.317,37.082],[72.334,37.056],[72.33,37.044],[72.32,37.041],[72.285,37.07],[72.279,37.05],[72.26,37.057],[72.241,37.046],[72.216,37.063],[72.197,37.019],[72.183,37.019],[72.158,37.044],[72.152,37.025],[72.136,37.021],[72.108,37.038],[72.104,37.027],[72.12,37.006],[72.108,36.993],[72.108,36.961],[72.098,36.956],[72.076,36.964],[72.066,37.003],[72.051,36.981],[72.019,36.98],[72.014,36.949],[71.984,36.967],[71.993,36.93],[71.974,36.93],[72.005,36.884],[71.981,36.86],[71.947,36.874],[71.892,36.936],[71.873,36.974],[71.841,36.974],[71.834,36.987],[71.822,36.987],[71.812,37.015],[71.803,37.019],[71.783,37.0],[71.801,36.982],[71.79,36.968],[71.759,36.956],[71.733,36.974],[71.745,36.942],[71.758,36.942],[71.766,36.917],[71.774,36.945],[71.789,36.944],[71.803,36.955],[71.844,36.948],[71.873,36.911],[71.853,36.911],[71.847,36.879],[71.885,36.879],[71.911,36.834],[71.898,36.834],[71.899,36.829],[71.913,36.816],[71.901,36.806],[71.867,36.819],[71.875,36.796],[71.868,36.789],[71.81,36.815],[71.79,36.841],[71.782,36.867],[71.77,36.872],[71.777,36.847],[71.764,36.847],[71.779,36.833],[71.771,36.815],[71.79,36.79],[71.822,36.777],[71.828,36.745],[71.809,36.752],[71.79,36.739],[71.777,36.752],[71.752,36.745],[71.72,36.803],[71.711,36.794],[71.707,36.757],[71.677,36.764],[71.67,36.817],[71.683,36.837],[71.675,36.847],[71.677,36.863],[71.714,36.853],[71.715,36.86],[71.689,36.887],[71.675,36.93],[71.637,36.949],[71.657,37.014],[71.637,37.012],[71.618,36.968],[71.594,36.968],[71.599,37.0],[71.618,37.019],[71.612,37.031],[71.622,37.056],[71.592,37.103],[71.593,37.114],[71.603,37.117],[71.625,37.095],[71.637,37.095],[71.653,37.073],[71.673,37.078],[71.675,37.108],[71.667,37.121],[71.637,37.133],[71.632,37.15],[71.645,37.156],[71.644,37.171],[71.609,37.212],[71.618,37.228],[71.669,37.199],[71.675,37.152],[71.707,37.171],[71.707,37.209],[71.745,37.241],[71.752,37.19],[71.739,37.19],[71.732,37.149],[71.782,37.155],[71.798,37.148],[71.79,37.133],[71.777,37.133],[71.777,37.12],[71.745,37.114],[71.726,37.099],[71.717,37.07],[71.761,37.092],[71.777,37.089],[71.79,37.05],[71.745,37.038],[71.766,37.023],[71.847,37.038],[71.847,37.019],[71.865,36.998],[71.917,36.987],[71.885,37.012],[71.885,37.031],[71.851,37.09],[71.853,37.101],[71.904,37.101],[71.904,37.063],[71.926,37.084],[71.942,37.082],[71.949,37.072],[71.936,37.044],[71.947,37.028],[71.955,37.028],[71.981,37.044],[72.006,37.038],[72.014,37.093],[72.025,37.108],[72.058,37.087],[72.103,37.103],[72.12,37.101],[72.133,37.089],[72.115,37.132],[72.146,37.127],[72.15,37.137],[72.143,37.159],[72.152,37.165],[72.176,37.158],[72.184,37.133],[72.205,37.118],[72.219,37.116],[72.229,37.127],[72.229,37.146],[72.273,37.114],[72.303,37.157],[72.339,37.168],[72.349,37.19],[72.369,37.178],[72.412,37.196],[72.422,37.173],[72.437,37.172],[72.445,37.197],[72.47,37.19],[72.476,37.222],[72.495,37.197],[72.5,37.213],[72.489,37.222],[72.506,37.231],[72.519,37.218],[72.527,37.19],[72.546,37.203],[72.559,37.19],[72.568,37.197],[72.553,37.235],[72.564,37.245],[72.6,37.25],[72.648,37.241],[72.652,37.27],[72.661,37.279],[72.699,37.273],[72.705,37.254],[72.716,37.251]]]}},{"type":"Feature","properties":{"sr":3},"geometry":{"type":"Polygon","coordinates":[[[72.664,36.916],[72.673,36.942],[72.724,36.928],[72.737,36.936],[72.737,36.974],[72.747,36.972],[72.762,36.936],[72.794,36.911],[72.794,36.879],[72.804,36.884],[72.802,36.916],[72.838,36.885],[72.851,36.942],[72.883,36.93],[72.904,36.953],[72.937,36.92],[72.953,36.936],[72.985,36.923],[72.978,36.904],[73.012,36.919],[73.029,36.917],[73.042,36.873],[73.061,36.885],[73.043,36.917],[73.049,36.925],[73.066,36.92],[73.074,36.892],[73.093,36.885],[73.091,36.876],[73.074,36.873],[73.058,36.848],[73.023,36.866],[73.023,36.834],[72.998,36.841],[72.993,36.864],[72.969,36.833],[72.94,36.841],[72.936,36.832],[72.952,36.825],[72.95,36.803],[72.902,36.784],[72.902,36.771],[72.864,36.777],[72.864,36.796],[72.824,36.803],[72.781,36.796],[72.775,36.784],[72.75,36.784],[72.701,36.765],[72.686,36.777],[72.68,36.803],[72.666,36.795],[72.648,36.796],[72.629,36.809],[72.607,36.805],[72.601,36.802],[72.636,36.782],[72.641,36.771],[72.616,36.777],[72.595,36.758],[72.584,36.764],[72.578,36.784],[72.575,36.767],[72.597,36.75],[72.597,36.739],[72.572,36.739],[72.553,36.714],[72.501,36.709],[72.495,36.701],[72.561,36.687],[72.553,36.675],[72.533,36.675],[72.549,36.656],[72.541,36.642],[72.508,36.637],[72.508,36.65],[72.489,36.644],[72.489,36.656],[72.457,36.656],[72.457,36.669],[72.432,36.669],[72.425,36.688],[72.455,36.682],[72.462,36.687],[72.423,36.707],[72.425,36.714],[72.439,36.717],[72.475,36.706],[72.489,36.711],[72.47,36.72],[72.464,36.739],[72.445,36.733],[72.432,36.739],[72.407,36.714],[72.387,36.714],[72.387,36.688],[72.364,36.682],[72.343,36.625],[72.305,36.637],[72.279,36.625],[72.254,36.631],[72.235,36.612],[72.267,36.599],[72.267,36.576],[72.285,36.577],[72.298,36.567],[72.298,36.585],[72.308,36.593],[72.324,36.574],[72.355,36.56],[72.355,36.542],[72.317,36.548],[72.316,36.523],[72.285,36.517],[72.308,36.503],[72.292,36.485],[72.273,36.478],[72.267,36.466],[72.248,36.466],[72.209,36.434],[72.193,36.448],[72.19,36.466],[72.229,36.472],[72.221,36.479],[72.173,36.474],[72.14,36.496],[72.13,36.479],[72.12,36.482],[72.095,36.523],[72.076,36.523],[72.074,36.533],[72.094,36.538],[72.095,36.548],[72.079,36.552],[72.063,36.536],[72.063,36.521],[72.093,36.473],[72.07,36.472],[72.034,36.509],[72.026,36.481],[72.0,36.485],[72.005,36.467],[72.036,36.436],[72.038,36.409],[72.019,36.409],[72.008,36.431],[72.0,36.434],[72.006,36.409],[72.0,36.399],[71.987,36.397],[71.987,36.389],[71.99,36.381],[71.998,36.391],[72.012,36.389],[72.012,36.37],[72.044,36.37],[72.037,36.346],[72.023,36.335],[71.981,36.331],[71.966,36.351],[71.958,36.347],[71.969,36.327],[71.991,36.32],[71.993,36.3],[72.006,36.3],[72.0,36.269],[72.017,36.242],[72.012,36.231],[72.002,36.226],[71.974,36.256],[71.936,36.269],[71.938,36.257],[71.979,36.233],[71.987,36.218],[71.961,36.218],[71.937,36.192],[71.904,36.186],[71.917,36.167],[71.894,36.162],[71.866,36.167],[71.828,36.211],[71.762,36.202],[71.764,36.256],[71.729,36.282],[71.733,36.3],[71.742,36.298],[71.783,36.269],[71.771,36.288],[71.769,36.318],[71.753,36.331],[71.72,36.332],[71.701,36.358],[71.681,36.359],[71.676,36.374],[71.707,36.377],[71.669,36.402],[71.675,36.434],[71.698,36.436],[71.771,36.409],[71.745,36.428],[71.739,36.447],[71.709,36.46],[71.66,36.455],[71.644,36.44],[71.639,36.42],[71.613,36.409],[71.617,36.444],[71.657,36.459],[71.65,36.472],[71.68,36.485],[71.701,36.485],[71.714,36.466],[71.725,36.478],[71.748,36.475],[71.809,36.415],[71.819,36.419],[71.797,36.437],[71.803,36.447],[71.815,36.447],[71.822,36.498],[71.847,36.498],[71.853,36.51],[71.867,36.515],[71.904,36.515],[71.917,36.51],[71.923,36.488],[71.936,36.487],[71.94,36.498],[71.926,36.515],[71.923,36.536],[71.862,36.541],[71.86,36.555],[71.922,36.557],[71.981,36.599],[71.991,36.631],[72.012,36.65],[72.089,36.618],[72.094,36.652],[72.12,36.682],[72.09,36.735],[72.089,36.752],[72.1,36.756],[72.133,36.733],[72.158,36.726],[72.168,36.739],[72.158,36.777],[72.173,36.778],[72.197,36.745],[72.203,36.758],[72.222,36.758],[72.224,36.764],[72.209,36.771],[72.211,36.781],[72.229,36.803],[72.241,36.838],[72.254,36.841],[72.254,36.822],[72.273,36.822],[72.298,36.79],[72.317,36.796],[72.313,36.849],[72.317,36.86],[72.327,36.857],[72.349,36.809],[72.375,36.796],[72.387,36.761],[72.4,36.764],[72.405,36.775],[72.381,36.784],[72.381,36.809],[72.352,36.853],[72.364,36.869],[72.381,36.841],[72.408,36.831],[72.407,36.844],[72.377,36.88],[72.376,36.891],[72.387,36.898],[72.433,36.898],[72.456,36.863],[72.457,36.841],[72.471,36.827],[72.502,36.841],[72.472,36.879],[72.476,36.892],[72.485,36.893],[72.507,36.878],[72.519,36.853],[72.559,36.853],[72.597,36.834],[72.608,36.844],[72.584,36.853],[72.579,36.872],[72.564,36.876],[72.559,36.898],[72.548,36.872],[72.533,36.879],[72.521,36.873],[72.502,36.898],[72.527,36.898],[72.525,36.908],[72.514,36.911],[72.531,36.928],[72.554,36.926],[72.557,36.913],[72.572,36.923],[72.584,36.961],[72.598,36.951],[72.605,36.891],[72.614,36.873],[72.629,36.866],[72.616,36.898],[72.622,36.917],[72.616,36.961],[72.62,36.977],[72.635,36.981],[72.638,36.939],[72.649,36.922],[72.664,36.916]],[[71.974,36.472],[71.923,36.472],[71.911,36.466],[71.942,36.453],[71.908,36.444],[71.904,36.421],[71.924,36.427],[71.93,36.421],[71.917,36.421],[71.915,36.383],[71.917,36.37],[71.938,36.358],[71.957,36.377],[71.955,36.428],[71.974,36.428],[71.979,36.437],[71.974,36.472]],[[71.779,36.338],[71.796,36.315],[71.795,36.265],[71.838,36.245],[71.879,36.256],[71.892,36.25],[71.898,36.262],[71.934,36.273],[71.95,36.291],[71.942,36.303],[71.911,36.307],[71.904,36.32],[71.873,36.32],[71.866,36.332],[71.843,36.331],[71.841,36.313],[71.86,36.307],[71.845,36.3],[71.811,36.308],[71.83,36.327],[71.828,36.339],[71.788,36.34],[71.779,36.338]]]}},{"type":"Feature","properties":{"sr":3},"geometry":{"type":"Polygon","coordinates":[[[75.283,37.058],[75.235,37.05],[75.18,37.004],[75.222,36.993],[75.248,37.006],[75.273,36.993],[75.298,37.0],[75.318,36.987],[75.336,37.006],[75.378,36.995],[75.397,37.005],[75.426,36.987],[75.426,36.974],[75.438,36.974],[75.438,36.961],[75.452,36.987],[75.463,36.992],[75.47,36.974],[75.495,36.965],[75.479,36.945],[75.508,36.942],[75.504,36.913],[75.461,36.906],[75.497,36.897],[75.495,36.885],[75.47,36.86],[75.428,36.864],[75.413,36.86],[75.406,36.847],[75.36,36.86],[75.298,36.847],[75.305,36.866],[75.213,36.869],[75.197,36.885],[75.222,36.885],[75.235,36.904],[75.267,36.917],[75.297,36.94],[75.33,36.936],[75.343,36.949],[75.299,36.961],[75.214,36.951],[75.184,36.973],[75.171,36.993],[75.152,36.987],[75.146,37.012],[75.108,37.006],[75.108,36.981],[75.12,36.981],[75.12,36.968],[75.152,36.974],[75.184,36.93],[75.184,36.917],[75.174,36.913],[75.152,36.93],[75.12,36.936],[75.118,36.93],[75.139,36.898],[75.115,36.889],[75.101,36.892],[75.082,36.93],[75.07,36.898],[75.063,36.898],[75.046,36.943],[75.051,36.961],[75.038,37.006],[75.048,37.011],[75.071,37.004],[75.069,37.028],[75.101,37.031],[75.146,37.057],[75.148,37.044],[75.166,37.045],[75.171,37.057],[75.19,37.05],[75.187,37.08],[75.197,37.089],[75.209,37.09],[75.222,37.07],[75.242,37.073],[75.256,37.1],[75.27,37.106],[75.273,37.082],[75.292,37.07],[75.283,37.058]]]}},{"type":"Feature","properties":{"sr":3},"geometry":{"type":"Polygon","coordinates":[[[74.135,36.974],[74.152,36.977],[74.186,37.019],[74.197,37.017],[74.205,36.993],[74.218,36.987],[74.205,36.942],[74.224,36.974],[74.237,36.968],[74.268,36.983],[74.275,36.981],[74.252,36.934],[74.269,36.93],[74.288,36.955],[74.281,36.981],[74.296,36.981],[74.301,36.942],[74.326,36.954],[74.335,36.952],[74.351,36.93],[74.394,36.937],[74.371,36.899],[74.416,36.934],[74.421,36.904],[74.434,36.93],[74.447,36.93],[74.451,36.922],[74.44,36.892],[74.446,36.892],[74.459,36.917],[74.467,36.917],[74.472,36.904],[74.491,36.904],[74.501,36.891],[74.528,36.892],[74.568,36.861],[74.558,36.851],[74.517,36.86],[74.466,36.853],[74.447,36.866],[74.421,36.86],[74.408,36.873],[74.396,36.86],[74.372,36.867],[74.345,36.892],[74.355,36.862],[74.32,36.853],[74.284,36.863],[74.275,36.873],[74.275,36.906],[74.269,36.879],[74.253,36.878],[74.167,36.904],[74.194,36.885],[74.193,36.873],[74.115,36.887],[74.119,36.864],[74.159,36.858],[74.173,36.841],[74.072,36.834],[74.078,36.815],[74.126,36.825],[74.119,36.791],[74.142,36.767],[74.155,36.824],[74.173,36.834],[74.205,36.834],[74.204,36.827],[74.167,36.809],[74.174,36.758],[74.154,36.745],[74.123,36.745],[74.154,36.733],[74.199,36.733],[74.205,36.752],[74.218,36.758],[74.232,36.797],[74.271,36.818],[74.277,36.813],[74.269,36.796],[74.243,36.784],[74.243,36.752],[74.233,36.737],[74.243,36.714],[74.218,36.714],[74.254,36.705],[74.275,36.72],[74.243,36.732],[74.243,36.739],[74.275,36.739],[74.352,36.809],[74.37,36.809],[74.367,36.79],[74.307,36.733],[74.313,36.714],[74.301,36.707],[74.337,36.656],[74.358,36.661],[74.362,36.696],[74.403,36.708],[74.41,36.717],[74.406,36.736],[74.377,36.726],[74.378,36.743],[74.402,36.758],[74.377,36.796],[74.4,36.794],[74.421,36.777],[74.434,36.695],[74.471,36.698],[74.498,36.688],[74.485,36.705],[74.434,36.714],[74.439,36.741],[74.459,36.733],[74.472,36.745],[74.536,36.739],[74.58,36.714],[74.598,36.734],[74.612,36.733],[74.605,36.707],[74.631,36.688],[74.651,36.7],[74.657,36.675],[74.664,36.695],[74.677,36.701],[74.682,36.688],[74.707,36.688],[74.695,36.656],[74.748,36.656],[74.771,36.644],[74.758,36.625],[74.764,36.606],[74.721,36.588],[74.688,36.606],[74.701,36.625],[74.682,36.612],[74.618,36.618],[74.615,36.626],[74.644,36.637],[74.631,36.669],[74.605,36.669],[74.587,36.688],[74.564,36.65],[74.549,36.65],[74.555,36.688],[74.526,36.71],[74.507,36.712],[74.518,36.7],[74.517,36.688],[74.504,36.688],[74.529,36.669],[74.538,36.631],[74.593,36.618],[74.65,36.561],[74.717,36.556],[74.771,36.529],[74.796,36.529],[74.822,36.517],[74.872,36.523],[74.868,36.503],[74.811,36.487],[74.783,36.491],[74.707,36.529],[74.667,36.52],[74.634,36.526],[74.657,36.504],[74.657,36.491],[74.701,36.485],[74.733,36.491],[74.815,36.459],[74.873,36.461],[74.885,36.453],[74.869,36.446],[74.764,36.447],[74.747,36.438],[74.849,36.43],[74.877,36.413],[74.872,36.408],[74.83,36.415],[74.847,36.402],[74.841,36.389],[74.809,36.402],[74.707,36.409],[74.739,36.396],[74.803,36.396],[74.815,36.389],[74.816,36.379],[74.777,36.377],[74.752,36.358],[74.733,36.364],[74.712,36.353],[74.702,36.381],[74.682,36.364],[74.672,36.373],[74.65,36.364],[74.639,36.372],[74.649,36.392],[74.644,36.402],[74.633,36.4],[74.605,36.364],[74.581,36.357],[74.575,36.364],[74.587,36.383],[74.606,36.397],[74.601,36.408],[74.574,36.396],[74.549,36.402],[74.53,36.396],[74.509,36.41],[74.504,36.409],[74.511,36.4],[74.551,36.375],[74.555,36.358],[74.497,36.37],[74.51,36.351],[74.505,36.339],[74.476,36.32],[74.459,36.326],[74.453,36.351],[74.434,36.345],[74.44,36.383],[74.421,36.377],[74.398,36.347],[74.383,36.345],[74.402,36.377],[74.398,36.382],[74.38,36.373],[74.37,36.377],[74.383,36.396],[74.378,36.396],[74.345,36.383],[74.358,36.402],[74.352,36.426],[74.358,36.434],[74.402,36.434],[74.4,36.441],[74.358,36.459],[74.326,36.459],[74.345,36.472],[74.351,36.53],[74.302,36.499],[74.275,36.504],[74.275,36.51],[74.313,36.523],[74.269,36.521],[74.255,36.514],[74.249,36.501],[74.272,36.469],[74.269,36.459],[74.255,36.458],[74.224,36.491],[74.116,36.44],[74.116,36.383],[74.048,36.336],[74.102,36.31],[74.11,36.281],[74.072,36.3],[74.065,36.281],[74.014,36.275],[74.008,36.294],[73.972,36.304],[73.965,36.325],[73.986,36.332],[73.979,36.359],[74.021,36.332],[74.026,36.341],[74.002,36.358],[73.989,36.383],[73.964,36.389],[73.903,36.425],[73.931,36.446],[73.945,36.428],[73.976,36.421],[73.995,36.402],[74.001,36.426],[74.029,36.404],[74.063,36.414],[74.078,36.433],[74.078,36.447],[74.072,36.454],[74.04,36.453],[74.034,36.472],[74.019,36.482],[74.028,36.513],[74.068,36.497],[74.087,36.504],[74.091,36.536],[74.11,36.542],[74.078,36.574],[74.135,36.561],[74.161,36.574],[74.193,36.571],[74.224,36.548],[74.253,36.545],[74.237,36.567],[74.211,36.576],[74.199,36.599],[74.183,36.6],[74.16,36.588],[74.137,36.605],[74.14,36.616],[74.167,36.623],[74.131,36.628],[74.116,36.618],[74.125,36.597],[74.114,36.592],[74.097,36.618],[74.065,36.626],[74.065,36.637],[74.124,36.643],[74.129,36.663],[74.086,36.653],[74.091,36.688],[74.064,36.692],[74.072,36.701],[74.059,36.718],[74.065,36.745],[74.048,36.76],[73.995,36.771],[73.99,36.787],[73.953,36.765],[74.0,36.756],[73.996,36.741],[73.948,36.731],[73.932,36.714],[73.951,36.705],[74.008,36.707],[74.001,36.69],[73.919,36.695],[73.932,36.688],[73.938,36.663],[73.957,36.65],[73.952,36.638],[73.919,36.637],[73.891,36.627],[73.879,36.636],[73.894,36.644],[73.875,36.65],[73.869,36.664],[73.876,36.68],[73.868,36.688],[73.835,36.678],[73.814,36.685],[73.798,36.665],[73.779,36.663],[73.766,36.695],[73.73,36.709],[73.724,36.702],[73.734,36.672],[73.728,36.65],[73.72,36.647],[73.709,36.663],[73.665,36.656],[73.633,36.663],[73.627,36.682],[73.611,36.659],[73.601,36.663],[73.601,36.675],[73.576,36.669],[73.576,36.682],[73.525,36.669],[73.521,36.675],[73.535,36.693],[73.532,36.701],[73.521,36.702],[73.507,36.685],[73.493,36.682],[73.487,36.701],[73.474,36.701],[73.474,36.714],[73.449,36.714],[73.436,36.726],[73.417,36.726],[73.372,36.701],[73.361,36.72],[73.366,36.747],[73.347,36.739],[73.36,36.695],[73.313,36.691],[73.296,36.695],[73.296,36.707],[73.276,36.711],[73.27,36.709],[73.289,36.699],[73.287,36.684],[73.249,36.674],[73.234,36.696],[73.217,36.695],[73.233,36.675],[73.233,36.656],[73.278,36.644],[73.277,36.625],[73.252,36.625],[73.233,36.599],[73.221,36.603],[73.22,36.625],[73.201,36.637],[73.213,36.658],[73.198,36.676],[73.182,36.682],[73.156,36.65],[73.142,36.66],[73.144,36.687],[73.179,36.717],[73.175,36.771],[73.18,36.815],[73.188,36.822],[73.198,36.819],[73.195,36.784],[73.202,36.766],[73.233,36.733],[73.243,36.736],[73.22,36.758],[73.226,36.796],[73.264,36.809],[73.284,36.758],[73.299,36.772],[73.277,36.822],[73.291,36.824],[73.315,36.802],[73.317,36.771],[73.333,36.774],[73.326,36.807],[73.381,36.778],[73.366,36.834],[73.379,36.837],[73.409,36.822],[73.43,36.822],[73.448,36.833],[73.475,36.819],[73.48,36.803],[73.5,36.809],[73.5,36.764],[73.523,36.804],[73.532,36.803],[73.523,36.739],[73.585,36.759],[73.598,36.739],[73.605,36.746],[73.614,36.784],[73.597,36.798],[73.532,36.809],[73.536,36.826],[73.562,36.827],[73.633,36.815],[73.722,36.815],[73.766,36.79],[73.806,36.78],[73.829,36.755],[73.824,36.803],[73.862,36.815],[73.868,36.834],[73.862,36.853],[73.878,36.861],[73.913,36.853],[73.914,36.844],[73.887,36.834],[73.882,36.823],[73.884,36.791],[73.894,36.777],[73.919,36.777],[73.925,36.764],[73.931,36.774],[73.913,36.796],[73.957,36.79],[73.995,36.803],[74.053,36.781],[74.071,36.794],[74.019,36.804],[74.028,36.826],[74.002,36.834],[74.005,36.872],[74.013,36.884],[74.025,36.857],[74.042,36.888],[74.059,36.892],[74.059,36.873],[74.074,36.893],[74.091,36.866],[74.098,36.872],[74.091,36.892],[74.112,36.904],[74.116,36.911],[74.11,36.917],[74.123,36.936],[74.091,36.942],[74.104,36.923],[74.065,36.904],[74.024,36.908],[74.015,36.914],[74.038,36.932],[73.995,36.949],[73.995,36.974],[74.027,36.981],[74.044,36.945],[74.065,36.949],[74.067,36.955],[74.053,36.974],[74.116,36.981],[74.119,36.99],[74.097,37.0],[74.104,37.044],[74.116,37.042],[74.138,37.011],[74.135,36.974]],[[74.493,36.558],[74.496,36.547],[74.523,36.548],[74.544,36.556],[74.552,36.569],[74.561,36.567],[74.567,36.542],[74.524,36.534],[74.523,36.523],[74.601,36.501],[74.601,36.513],[74.58,36.536],[74.611,36.538],[74.618,36.555],[74.593,36.574],[74.599,36.586],[74.583,36.599],[74.537,36.612],[74.519,36.609],[74.493,36.558]],[[74.394,36.618],[74.415,36.599],[74.459,36.599],[74.498,36.611],[74.521,36.632],[74.517,36.663],[74.491,36.669],[74.487,36.686],[74.464,36.678],[74.44,36.656],[74.479,36.637],[74.462,36.632],[74.428,36.644],[74.417,36.652],[74.409,36.675],[74.396,36.675],[74.386,36.662],[74.394,36.618]],[[74.466,36.498],[74.459,36.536],[74.389,36.548],[74.363,36.516],[74.36,36.482],[74.379,36.458],[74.415,36.459],[74.434,36.491],[74.423,36.5],[74.428,36.504],[74.466,36.498]],[[74.154,36.686],[74.142,36.682],[74.148,36.663],[74.142,36.644],[74.228,36.631],[74.25,36.58],[74.269,36.58],[74.275,36.555],[74.29,36.545],[74.321,36.556],[74.326,36.567],[74.301,36.574],[74.294,36.593],[74.275,36.597],[74.269,36.611],[74.275,36.625],[74.256,36.618],[74.256,36.65],[74.245,36.659],[74.212,36.656],[74.205,36.669],[74.19,36.675],[74.18,36.65],[74.168,36.666],[74.17,36.705],[74.163,36.716],[74.15,36.706],[74.154,36.686]],[[73.713,36.791],[73.643,36.787],[73.627,36.758],[73.634,36.724],[73.651,36.717],[73.658,36.771],[73.671,36.726],[73.683,36.723],[73.716,36.745],[73.735,36.739],[73.741,36.777],[73.713,36.791]]]}},{"type":"Feature","properties":{"sr":3},"geometry":{"type":"Polygon","coordinates":[[[73.145,36.762],[73.166,36.75],[73.168,36.725],[73.149,36.706],[73.123,36.702],[73.131,36.65],[73.125,36.647],[73.103,36.665],[73.096,36.652],[73.107,36.64],[73.151,36.645],[73.155,36.629],[73.112,36.618],[73.087,36.625],[73.089,36.616],[73.131,36.606],[73.137,36.586],[73.137,36.561],[73.099,36.567],[73.161,36.544],[73.163,36.529],[73.05,36.532],[73.033,36.527],[73.026,36.51],[72.972,36.51],[72.972,36.529],[72.985,36.536],[72.993,36.57],[73.016,36.588],[73.048,36.591],[73.029,36.606],[72.985,36.606],[72.988,36.613],[73.011,36.624],[73.048,36.618],[73.051,36.627],[72.998,36.656],[72.978,36.65],[72.964,36.659],[72.959,36.675],[72.985,36.675],[72.973,36.725],[72.98,36.745],[73.003,36.74],[73.032,36.715],[73.055,36.714],[73.023,36.752],[73.042,36.764],[73.066,36.753],[73.037,36.798],[73.053,36.804],[73.107,36.717],[73.112,36.729],[73.093,36.777],[73.112,36.771],[73.106,36.809],[73.123,36.8],[73.145,36.762]]]}},{"type":"Feature","properties":{"sr":3},"geometry":{"type":"Polygon","coordinates":[[[73.328,36.631],[73.347,36.644],[73.395,36.656],[73.42,36.644],[73.423,36.628],[73.404,36.599],[73.404,36.55],[73.385,36.555],[73.372,36.567],[73.36,36.548],[73.343,36.54],[73.338,36.548],[73.341,36.567],[73.296,36.555],[73.303,36.567],[73.284,36.599],[73.322,36.599],[73.303,36.606],[73.303,36.625],[73.282,36.648],[73.284,36.656],[73.322,36.65],[73.328,36.631]]]}},{"type":"Feature","properties":{"sr":5},"geometry":{"type":"Polygon","coordinates":[[[77.716,36.774],[77.726,36.803],[77.744,36.777],[77.758,36.809],[77.768,36.815],[77.791,36.788],[77.815,36.809],[77.837,36.801],[77.841,36.841],[77.86,36.822],[77.86,36.79],[77.866,36.803],[77.879,36.79],[77.904,36.796],[77.917,36.747],[77.955,36.771],[77.968,36.745],[77.981,36.745],[77.987,36.784],[78.001,36.775],[78.017,36.746],[78.032,36.758],[78.038,36.777],[78.11,36.779],[78.12,36.777],[78.122,36.767],[78.032,36.707],[77.987,36.714],[77.974,36.707],[77.904,36.733],[77.872,36.733],[77.851,36.742],[77.834,36.722],[77.867,36.709],[77.875,36.702],[77.872,36.688],[77.834,36.688],[77.822,36.669],[77.777,36.663],[77.752,36.644],[77.726,36.65],[77.707,36.644],[77.669,36.656],[77.637,36.625],[77.58,36.606],[77.561,36.58],[77.473,36.547],[77.481,36.537],[77.472,36.523],[77.498,36.548],[77.507,36.548],[77.51,36.529],[77.529,36.542],[77.568,36.539],[77.574,36.567],[77.599,36.557],[77.606,36.574],[77.625,36.58],[77.628,36.598],[77.655,36.588],[77.709,36.62],[77.695,36.555],[77.714,36.58],[77.726,36.579],[77.726,36.612],[77.738,36.611],[77.752,36.586],[77.764,36.58],[77.769,36.551],[77.79,36.555],[77.824,36.548],[77.828,36.555],[77.788,36.601],[77.783,36.618],[77.803,36.612],[77.822,36.625],[77.829,36.596],[77.84,36.614],[77.866,36.612],[77.889,36.627],[77.901,36.618],[77.898,36.593],[77.936,36.608],[77.943,36.599],[77.93,36.561],[77.894,36.551],[77.894,36.538],[77.911,36.529],[77.94,36.545],[77.962,36.537],[77.983,36.551],[77.991,36.528],[77.981,36.51],[77.955,36.51],[77.93,36.491],[77.872,36.51],[77.828,36.504],[77.79,36.509],[77.767,36.496],[77.809,36.472],[77.875,36.466],[77.879,36.453],[77.871,36.45],[77.841,36.459],[77.828,36.453],[77.757,36.457],[77.713,36.448],[77.701,36.453],[77.676,36.498],[77.667,36.495],[77.663,36.459],[77.649,36.456],[77.632,36.469],[77.606,36.44],[77.589,36.442],[77.58,36.466],[77.555,36.44],[77.498,36.472],[77.402,36.485],[77.383,36.491],[77.377,36.504],[77.335,36.501],[77.3,36.523],[77.275,36.504],[77.25,36.517],[77.192,36.523],[77.19,36.529],[77.205,36.536],[77.192,36.565],[77.199,36.574],[77.211,36.576],[77.237,36.548],[77.256,36.555],[77.269,36.542],[77.256,36.567],[77.231,36.586],[77.231,36.612],[77.2,36.64],[77.199,36.656],[77.212,36.644],[77.227,36.663],[77.243,36.644],[77.256,36.682],[77.294,36.682],[77.282,36.65],[77.294,36.603],[77.345,36.555],[77.351,36.574],[77.37,36.561],[77.356,36.643],[77.36,36.653],[77.389,36.65],[77.409,36.625],[77.442,36.636],[77.447,36.625],[77.44,36.612],[77.459,36.612],[77.466,36.586],[77.473,36.597],[77.46,36.622],[77.466,36.631],[77.475,36.631],[77.496,36.602],[77.506,36.631],[77.523,36.631],[77.535,36.668],[77.548,36.669],[77.561,36.631],[77.574,36.671],[77.586,36.682],[77.611,36.678],[77.614,36.69],[77.606,36.701],[77.568,36.714],[77.568,36.726],[77.553,36.741],[77.51,36.764],[77.523,36.784],[77.548,36.771],[77.563,36.802],[77.574,36.803],[77.576,36.75],[77.593,36.752],[77.605,36.757],[77.593,36.777],[77.596,36.794],[77.606,36.803],[77.621,36.803],[77.637,36.79],[77.637,36.771],[77.656,36.733],[77.665,36.739],[77.673,36.732],[77.657,36.785],[77.663,36.803],[77.67,36.805],[77.688,36.784],[77.716,36.774]]]}},{"type":"Feature","properties":{"sr":3},"geometry":{"type":"Polygon","coordinates":[[[75.345,36.265],[75.356,36.307],[75.375,36.313],[75.391,36.341],[75.406,36.339],[75.41,36.327],[75.401,36.288],[75.406,36.275],[75.445,36.339],[75.438,36.358],[75.451,36.357],[75.461,36.336],[75.435,36.301],[75.434,36.284],[75.448,36.295],[75.457,36.294],[75.463,36.253],[75.47,36.25],[75.465,36.317],[75.476,36.332],[75.485,36.327],[75.493,36.292],[75.527,36.262],[75.511,36.232],[75.537,36.227],[75.508,36.218],[75.522,36.197],[75.54,36.196],[75.559,36.21],[75.572,36.19],[75.546,36.173],[75.557,36.154],[75.648,36.142],[75.654,36.116],[75.664,36.125],[75.637,36.159],[75.635,36.18],[75.655,36.219],[75.654,36.262],[75.642,36.25],[75.654,36.237],[75.635,36.231],[75.642,36.211],[75.616,36.205],[75.62,36.183],[75.601,36.181],[75.572,36.224],[75.534,36.262],[75.521,36.307],[75.534,36.308],[75.552,36.29],[75.54,36.321],[75.535,36.324],[75.518,36.31],[75.495,36.345],[75.543,36.344],[75.597,36.326],[75.64,36.307],[75.696,36.265],[75.704,36.279],[75.68,36.281],[75.677,36.295],[75.692,36.32],[75.692,36.359],[75.703,36.363],[75.718,36.351],[75.724,36.326],[75.762,36.326],[75.762,36.307],[75.773,36.305],[75.771,36.281],[75.75,36.262],[75.764,36.263],[75.801,36.294],[75.832,36.262],[75.842,36.284],[75.851,36.281],[75.902,36.199],[75.902,36.218],[75.889,36.237],[75.947,36.243],[75.966,36.229],[75.974,36.237],[75.947,36.262],[75.915,36.256],[75.864,36.288],[75.858,36.307],[75.82,36.339],[75.826,36.354],[75.851,36.358],[75.887,36.306],[75.902,36.307],[75.877,36.37],[75.896,36.358],[75.934,36.37],[75.959,36.358],[76.001,36.376],[76.023,36.37],[76.049,36.345],[76.093,36.345],[76.096,36.336],[76.061,36.332],[76.08,36.326],[76.082,36.316],[76.069,36.304],[76.061,36.307],[76.076,36.298],[76.137,36.294],[76.137,36.275],[76.156,36.283],[76.163,36.281],[76.163,36.269],[76.187,36.273],[76.178,36.251],[76.233,36.256],[76.228,36.246],[76.214,36.243],[76.218,36.236],[76.252,36.237],[76.232,36.213],[76.258,36.199],[76.284,36.218],[76.288,36.209],[76.279,36.192],[76.322,36.192],[76.29,36.167],[76.29,36.159],[76.303,36.154],[76.303,36.135],[76.322,36.148],[76.328,36.123],[76.354,36.129],[76.347,36.11],[76.354,36.084],[76.334,36.084],[76.334,36.072],[76.266,36.083],[76.284,36.059],[76.341,36.053],[76.339,36.037],[76.284,36.04],[76.255,36.009],[76.251,36.045],[76.239,36.04],[76.234,36.02],[76.22,36.04],[76.195,36.033],[76.196,36.024],[76.239,36.008],[76.268,35.961],[76.257,35.95],[76.23,35.965],[76.228,35.953],[76.188,35.913],[76.201,35.887],[76.218,35.885],[76.256,35.899],[76.264,35.906],[76.267,35.93],[76.29,35.919],[76.304,35.925],[76.328,35.964],[76.295,35.971],[76.292,35.981],[76.328,35.989],[76.367,36.024],[76.379,36.021],[76.373,35.97],[76.341,35.925],[76.347,35.906],[76.385,35.932],[76.373,35.951],[76.416,35.943],[76.436,35.917],[76.438,35.892],[76.487,35.925],[76.481,35.945],[76.468,35.95],[76.462,35.925],[76.44,35.935],[76.468,35.989],[76.451,36.027],[76.455,36.033],[76.463,36.035],[76.481,36.008],[76.5,36.002],[76.506,35.989],[76.551,35.97],[76.556,35.937],[76.549,35.927],[76.532,35.925],[76.532,35.951],[76.487,35.976],[76.506,35.932],[76.493,35.906],[76.493,35.881],[76.481,35.868],[76.534,35.88],[76.591,35.964],[76.589,35.976],[76.582,35.977],[76.563,35.964],[76.557,36.008],[76.569,36.012],[76.608,35.983],[76.639,35.995],[76.646,35.97],[76.665,35.964],[76.665,35.951],[76.68,35.943],[76.684,35.932],[76.665,35.932],[76.678,35.9],[76.633,35.919],[76.659,35.878],[76.623,35.863],[76.69,35.856],[76.758,35.902],[76.773,35.9],[76.756,35.873],[76.767,35.862],[76.76,35.83],[76.8,35.746],[76.814,35.75],[76.811,35.792],[76.828,35.781],[76.856,35.722],[76.894,35.728],[76.953,35.691],[76.97,35.697],[76.964,35.741],[77.002,35.735],[77.027,35.684],[77.072,35.665],[77.104,35.678],[77.11,35.659],[77.142,35.646],[77.169,35.594],[77.155,35.677],[77.086,35.699],[77.152,35.697],[77.186,35.678],[77.205,35.62],[77.228,35.663],[77.243,35.659],[77.243,35.639],[77.269,35.633],[77.271,35.626],[77.256,35.616],[77.259,35.61],[77.289,35.608],[77.299,35.628],[77.307,35.627],[77.335,35.581],[77.351,35.589],[77.36,35.612],[77.37,35.608],[77.37,35.595],[77.431,35.577],[77.44,35.563],[77.396,35.563],[77.402,35.554],[77.466,35.538],[77.459,35.512],[77.513,35.526],[77.53,35.522],[77.507,35.497],[77.508,35.486],[77.561,35.43],[77.599,35.423],[77.606,35.398],[77.633,35.352],[77.631,35.334],[77.6,35.329],[77.599,35.315],[77.631,35.315],[77.637,35.302],[77.653,35.299],[77.643,35.274],[77.656,35.264],[77.656,35.245],[77.683,35.23],[77.673,35.211],[77.65,35.214],[77.66,35.204],[77.701,35.195],[77.689,35.178],[77.668,35.17],[77.555,35.156],[77.549,35.151],[77.554,35.142],[77.615,35.117],[77.65,35.112],[77.688,35.131],[77.701,35.125],[77.737,35.134],[77.745,35.131],[77.746,35.121],[77.738,35.117],[77.634,35.096],[77.65,35.086],[77.695,35.099],[77.756,35.095],[77.745,35.08],[77.72,35.074],[77.732,35.054],[77.726,35.048],[77.636,35.05],[77.606,35.067],[77.597,35.06],[77.595,35.042],[77.615,35.002],[77.624,34.998],[77.634,35.009],[77.654,34.993],[77.656,35.017],[77.682,35.017],[77.695,35.029],[77.72,35.029],[77.752,35.045],[77.771,35.042],[77.764,35.023],[77.807,35.004],[77.809,34.991],[77.733,34.978],[77.752,34.959],[77.752,34.921],[77.761,34.925],[77.761,34.958],[77.771,34.972],[77.789,34.974],[77.777,34.928],[77.803,34.959],[77.82,34.952],[77.846,34.987],[77.854,34.985],[77.857,34.969],[77.834,34.928],[77.913,34.963],[77.943,34.959],[77.974,34.934],[77.974,34.896],[78.012,34.902],[78.044,34.858],[78.076,34.864],[78.078,34.854],[78.057,34.832],[78.085,34.836],[78.1,34.831],[78.1,34.792],[78.131,34.759],[78.117,34.742],[78.076,34.743],[78.063,34.775],[78.019,34.813],[78.028,34.756],[78.019,34.737],[77.968,34.743],[77.868,34.712],[77.936,34.705],[77.936,34.68],[77.973,34.71],[77.987,34.705],[77.985,34.646],[77.969,34.606],[78.02,34.636],[78.038,34.699],[78.07,34.711],[78.076,34.711],[78.076,34.692],[78.11,34.679],[78.099,34.648],[78.133,34.654],[78.127,34.629],[78.114,34.629],[78.114,34.616],[78.089,34.597],[78.092,34.587],[78.118,34.573],[78.101,34.559],[78.108,34.54],[78.057,34.54],[78.07,34.527],[78.108,34.527],[78.168,34.549],[78.178,34.527],[78.171,34.508],[78.187,34.5],[78.197,34.469],[78.197,34.464],[78.165,34.464],[78.171,34.453],[78.203,34.444],[78.205,34.437],[78.184,34.432],[78.186,34.425],[78.241,34.387],[78.222,34.362],[78.157,34.372],[78.139,34.368],[78.141,34.363],[78.184,34.355],[78.189,34.348],[78.211,34.349],[78.209,34.33],[78.234,34.339],[78.245,34.322],[78.283,34.333],[78.254,34.292],[78.254,34.254],[78.229,34.241],[78.229,34.222],[78.216,34.216],[78.222,34.178],[78.202,34.177],[78.178,34.235],[78.159,34.253],[78.133,34.248],[78.114,34.26],[78.112,34.267],[78.133,34.273],[78.13,34.283],[78.095,34.298],[78.082,34.317],[78.063,34.324],[78.07,34.336],[78.027,34.405],[78.014,34.367],[77.981,34.406],[77.974,34.394],[77.99,34.36],[77.987,34.349],[77.971,34.347],[77.955,34.375],[77.936,34.375],[77.936,34.394],[77.898,34.4],[77.872,34.389],[77.866,34.394],[77.879,34.419],[77.955,34.483],[77.993,34.495],[78.025,34.489],[78.026,34.505],[77.949,34.521],[77.936,34.534],[77.917,34.508],[77.829,34.463],[77.821,34.465],[77.825,34.497],[77.845,34.505],[77.854,34.521],[77.869,34.527],[77.871,34.538],[77.854,34.534],[77.86,34.559],[77.845,34.561],[77.831,34.556],[77.815,34.534],[77.8,34.559],[77.776,34.569],[77.799,34.591],[77.836,34.578],[77.859,34.583],[77.862,34.607],[77.839,34.637],[77.774,34.668],[77.764,34.692],[77.726,34.673],[77.707,34.672],[77.691,34.676],[77.669,34.699],[77.668,34.711],[77.707,34.686],[77.714,34.724],[77.733,34.724],[77.714,34.743],[77.688,34.75],[77.688,34.769],[77.661,34.744],[77.644,34.743],[77.621,34.779],[77.618,34.794],[77.65,34.799],[77.637,34.82],[77.618,34.832],[77.625,34.864],[77.599,34.883],[77.606,34.896],[77.593,34.914],[77.593,34.921],[77.625,34.921],[77.614,34.938],[77.568,34.972],[77.577,34.979],[77.612,34.969],[77.596,35.004],[77.573,35.011],[77.529,35.01],[77.529,35.019],[77.568,35.029],[77.549,35.058],[77.517,35.08],[77.517,35.061],[77.536,35.048],[77.525,35.026],[77.49,35.029],[77.479,35.074],[77.463,35.073],[77.429,35.046],[77.421,35.048],[77.415,35.086],[77.396,35.125],[77.377,35.112],[77.364,35.137],[77.294,35.15],[77.291,35.16],[77.307,35.188],[77.251,35.226],[77.252,35.238],[77.304,35.239],[77.334,35.23],[77.386,35.198],[77.422,35.211],[77.424,35.24],[77.38,35.241],[77.348,35.258],[77.348,35.292],[77.328,35.306],[77.329,35.334],[77.284,35.333],[77.275,35.277],[77.243,35.271],[77.215,35.275],[77.195,35.245],[77.199,35.22],[77.213,35.203],[77.199,35.195],[77.181,35.196],[77.129,35.239],[77.072,35.233],[77.123,35.214],[77.123,35.188],[77.149,35.182],[77.165,35.197],[77.174,35.195],[77.192,35.156],[77.186,35.15],[77.204,35.126],[77.196,35.096],[77.224,35.086],[77.237,35.093],[77.237,35.074],[77.269,35.067],[77.25,35.036],[77.267,35.023],[77.256,34.998],[77.307,35.01],[77.323,34.998],[77.317,34.977],[77.326,34.972],[77.332,34.953],[77.359,34.952],[77.364,34.94],[77.357,34.907],[77.332,34.883],[77.358,34.879],[77.408,34.921],[77.421,34.921],[77.415,34.896],[77.434,34.889],[77.428,34.87],[77.451,34.866],[77.453,34.858],[77.44,34.851],[77.458,34.834],[77.446,34.821],[77.415,34.826],[77.382,34.799],[77.351,34.82],[77.348,34.81],[77.37,34.788],[77.37,34.769],[77.355,34.767],[77.326,34.8],[77.3,34.8],[77.28,34.821],[77.269,34.826],[77.231,34.82],[77.229,34.831],[77.242,34.852],[77.269,34.858],[77.243,34.902],[77.269,34.896],[77.199,34.953],[77.192,34.985],[77.14,34.971],[77.123,34.978],[77.116,34.991],[77.112,34.972],[77.18,34.921],[77.167,34.902],[77.167,34.877],[77.155,34.878],[77.142,34.909],[77.11,34.947],[77.067,34.955],[77.078,34.94],[77.078,34.921],[77.107,34.873],[77.104,34.858],[77.089,34.854],[77.041,34.936],[77.021,34.941],[76.989,34.934],[76.976,34.972],[76.948,34.974],[76.919,34.915],[76.848,34.957],[76.849,34.972],[76.887,34.985],[76.878,35.0],[76.819,35.03],[76.786,35.061],[76.79,35.097],[76.805,35.125],[76.838,35.122],[76.859,35.13],[76.856,35.112],[76.862,35.098],[76.945,35.017],[76.976,35.023],[76.957,35.036],[76.961,35.051],[76.935,35.05],[76.929,35.062],[76.938,35.131],[76.976,35.131],[76.989,35.15],[77.014,35.144],[77.033,35.15],[77.03,35.156],[77.002,35.156],[76.949,35.188],[76.938,35.201],[76.969,35.218],[76.964,35.252],[76.932,35.264],[76.906,35.286],[76.894,35.283],[76.883,35.269],[76.889,35.231],[76.9,35.22],[76.945,35.22],[76.94,35.211],[76.905,35.208],[76.887,35.214],[76.875,35.233],[76.851,35.232],[76.849,35.241],[76.867,35.269],[76.862,35.283],[76.849,35.258],[76.792,35.201],[76.786,35.156],[76.776,35.154],[76.773,35.182],[76.76,35.163],[76.751,35.165],[76.747,35.182],[76.727,35.15],[76.716,35.15],[76.711,35.189],[76.676,35.221],[76.678,35.233],[76.747,35.229],[76.76,35.264],[76.792,35.277],[76.811,35.322],[76.74,35.349],[76.741,35.366],[76.754,35.372],[76.75,35.382],[76.729,35.385],[76.716,35.341],[76.676,35.388],[76.676,35.423],[76.727,35.464],[76.715,35.517],[76.716,35.461],[76.663,35.42],[76.652,35.398],[76.69,35.302],[76.667,35.32],[76.627,35.392],[76.639,35.436],[76.614,35.474],[76.604,35.536],[76.589,35.544],[76.577,35.535],[76.606,35.461],[76.603,35.4],[76.639,35.321],[76.639,35.302],[76.625,35.307],[76.596,35.358],[76.582,35.366],[76.575,35.359],[76.582,35.29],[76.57,35.292],[76.546,35.332],[76.526,35.341],[76.493,35.29],[76.485,35.306],[76.512,35.36],[76.5,35.368],[76.461,35.373],[76.455,35.385],[76.474,35.417],[76.474,35.449],[76.512,35.461],[76.509,35.469],[76.474,35.461],[76.481,35.487],[76.438,35.498],[76.43,35.506],[76.431,35.519],[76.449,35.511],[76.47,35.521],[76.474,35.563],[76.455,35.57],[76.452,35.586],[76.464,35.612],[76.493,35.633],[76.482,35.64],[76.392,35.595],[76.415,35.541],[76.404,35.525],[76.393,35.532],[76.382,35.566],[76.333,35.588],[76.323,35.586],[76.322,35.576],[76.34,35.526],[76.334,35.512],[76.269,35.514],[76.258,35.535],[76.264,35.567],[76.255,35.568],[76.226,35.544],[76.231,35.527],[76.264,35.493],[76.221,35.492],[76.201,35.468],[76.172,35.462],[76.15,35.461],[76.136,35.478],[76.122,35.478],[76.084,35.439],[76.074,35.442],[76.071,35.454],[76.106,35.493],[76.105,35.509],[76.089,35.526],[76.08,35.519],[76.08,35.5],[76.063,35.488],[76.055,35.458],[76.018,35.444],[75.998,35.449],[75.958,35.492],[75.962,35.518],[75.947,35.531],[75.915,35.519],[75.858,35.512],[75.864,35.563],[75.832,35.55],[75.813,35.563],[75.795,35.561],[75.773,35.543],[75.762,35.544],[75.761,35.557],[75.775,35.59],[75.756,35.595],[75.705,35.55],[75.711,35.589],[75.686,35.582],[75.667,35.563],[75.642,35.57],[75.636,35.58],[75.654,35.608],[75.659,35.635],[75.697,35.669],[75.724,35.678],[75.729,35.621],[75.743,35.633],[75.756,35.627],[75.782,35.654],[75.794,35.652],[75.788,35.633],[75.797,35.598],[75.801,35.659],[75.813,35.652],[75.845,35.659],[75.851,35.62],[75.845,35.582],[75.856,35.588],[75.873,35.634],[75.889,35.639],[75.896,35.621],[75.893,35.568],[75.915,35.57],[75.928,35.614],[75.921,35.639],[75.934,35.665],[75.952,35.675],[75.966,35.576],[75.959,35.544],[75.991,35.544],[75.979,35.557],[75.974,35.592],[75.991,35.614],[76.011,35.618],[76.011,35.561],[76.049,35.538],[76.061,35.57],[76.103,35.555],[76.117,35.542],[76.123,35.507],[76.137,35.533],[76.157,35.544],[76.157,35.563],[76.182,35.57],[76.179,35.577],[76.154,35.581],[76.15,35.595],[76.175,35.601],[76.195,35.621],[76.207,35.659],[76.243,35.641],[76.271,35.646],[76.264,35.62],[76.239,35.614],[76.252,35.604],[76.271,35.614],[76.29,35.652],[76.315,35.652],[76.328,35.663],[76.348,35.708],[76.341,35.728],[76.334,35.684],[76.273,35.659],[76.258,35.665],[76.26,35.674],[76.284,35.697],[76.315,35.703],[76.311,35.727],[76.287,35.734],[76.255,35.73],[76.218,35.718],[76.181,35.692],[76.157,35.69],[76.15,35.728],[76.181,35.732],[76.182,35.741],[76.155,35.757],[76.137,35.756],[76.125,35.748],[76.125,35.735],[76.112,35.735],[76.109,35.69],[76.087,35.697],[76.072,35.688],[76.067,35.666],[76.045,35.67],[76.049,35.697],[76.013,35.709],[76.01,35.722],[76.051,35.725],[76.063,35.735],[76.049,35.741],[76.044,35.765],[76.025,35.78],[76.038,35.802],[76.016,35.824],[76.003,35.865],[76.005,35.877],[76.023,35.862],[76.03,35.841],[76.041,35.838],[76.029,35.868],[76.048,35.878],[76.042,35.894],[76.019,35.909],[76.004,35.9],[75.991,35.887],[75.979,35.83],[75.971,35.83],[75.959,35.843],[75.947,35.843],[75.959,35.887],[75.934,35.894],[75.923,35.908],[75.908,35.887],[75.897,35.895],[75.902,35.919],[75.87,35.906],[75.857,35.909],[75.845,35.919],[75.879,35.942],[75.809,35.941],[75.795,35.957],[75.815,35.98],[75.832,35.983],[75.858,35.97],[75.895,35.968],[75.979,35.913],[76.003,35.933],[76.01,35.964],[76.004,35.972],[75.989,35.96],[75.979,35.964],[75.979,35.989],[75.952,35.97],[75.932,35.978],[75.914,36.001],[75.807,35.995],[75.75,36.014],[75.724,35.995],[75.756,35.976],[75.736,35.966],[75.66,35.989],[75.612,35.991],[75.711,35.9],[75.737,35.887],[75.697,35.937],[75.699,35.957],[75.715,35.955],[75.754,35.925],[75.796,35.927],[75.798,35.92],[75.781,35.907],[75.787,35.904],[75.82,35.906],[75.813,35.893],[75.762,35.875],[75.764,35.867],[75.794,35.856],[75.896,35.745],[75.917,35.703],[75.905,35.695],[75.845,35.76],[75.794,35.748],[75.782,35.754],[75.784,35.762],[75.826,35.779],[75.819,35.792],[75.81,35.793],[75.773,35.759],[75.762,35.76],[75.762,35.771],[75.794,35.805],[75.775,35.824],[75.76,35.818],[75.744,35.791],[75.73,35.786],[75.731,35.821],[75.7,35.811],[75.699,35.828],[75.721,35.838],[75.719,35.849],[75.686,35.868],[75.649,35.862],[75.663,35.9],[75.654,35.906],[75.622,35.9],[75.604,35.938],[75.572,35.964],[75.565,35.989],[75.54,35.983],[75.537,35.994],[75.548,36.006],[75.503,36.021],[75.489,36.014],[75.494,36.003],[75.523,35.994],[75.521,35.983],[75.506,35.975],[75.451,35.976],[75.451,35.951],[75.523,35.97],[75.546,35.964],[75.546,35.955],[75.502,35.938],[75.496,35.926],[75.476,35.919],[75.438,35.938],[75.4,35.932],[75.403,35.948],[75.438,35.989],[75.4,35.97],[75.375,35.983],[75.349,35.976],[75.318,35.983],[75.286,35.97],[75.26,35.989],[75.216,35.983],[75.193,36.009],[75.197,36.021],[75.226,36.026],[75.241,36.021],[75.248,36.002],[75.26,36.008],[75.279,35.989],[75.328,35.987],[75.385,36.001],[75.4,36.014],[75.396,36.026],[75.33,36.018],[75.267,36.033],[75.254,36.046],[75.235,36.04],[75.203,36.046],[75.203,36.027],[75.178,36.021],[75.171,35.995],[75.133,35.975],[75.127,35.97],[75.133,35.961],[75.178,35.945],[75.227,35.884],[75.26,35.875],[75.319,35.892],[75.336,35.887],[75.332,35.875],[75.306,35.865],[75.238,35.856],[75.216,35.862],[75.209,35.875],[75.197,35.875],[75.165,35.913],[75.134,35.926],[75.104,35.927],[75.075,35.917],[75.051,35.894],[75.043,35.871],[75.026,35.869],[75.019,35.887],[75.032,35.913],[75.051,35.919],[75.07,35.938],[75.078,35.949],[75.076,35.959],[75.044,35.97],[74.966,35.921],[74.942,35.925],[74.946,35.938],[74.99,35.965],[74.981,35.989],[74.945,35.993],[74.87,35.931],[74.841,35.925],[74.879,35.97],[74.854,35.976],[74.85,36.01],[74.834,36.008],[74.846,35.976],[74.841,35.97],[74.771,36.002],[74.758,36.021],[74.714,36.01],[74.758,36.053],[74.754,36.06],[74.72,36.059],[74.701,36.084],[74.659,36.08],[74.637,36.053],[74.669,36.065],[74.669,36.046],[74.695,36.022],[74.695,36.014],[74.65,36.033],[74.617,36.034],[74.613,36.039],[74.629,36.069],[74.644,36.078],[74.598,36.087],[74.599,36.103],[74.612,36.116],[74.582,36.102],[74.567,36.046],[74.555,36.058],[74.557,36.105],[74.499,36.042],[74.491,36.046],[74.497,36.103],[74.465,36.056],[74.453,36.053],[74.459,36.078],[74.415,36.046],[74.377,36.053],[74.396,36.091],[74.382,36.125],[74.421,36.142],[74.396,36.154],[74.383,36.18],[74.362,36.189],[74.364,36.199],[74.416,36.187],[74.434,36.192],[74.44,36.205],[74.459,36.199],[74.485,36.224],[74.491,36.205],[74.507,36.218],[74.516,36.246],[74.526,36.236],[74.513,36.198],[74.518,36.18],[74.555,36.205],[74.557,36.216],[74.547,36.215],[74.534,36.228],[74.532,36.24],[74.543,36.242],[74.568,36.224],[74.579,36.196],[74.605,36.186],[74.605,36.167],[74.657,36.142],[74.646,36.167],[74.596,36.203],[74.589,36.215],[74.593,36.231],[74.631,36.231],[74.637,36.211],[74.653,36.227],[74.663,36.224],[74.663,36.199],[74.688,36.192],[74.675,36.161],[74.683,36.149],[74.709,36.143],[74.726,36.148],[74.764,36.211],[74.751,36.243],[74.752,36.25],[74.764,36.252],[74.783,36.218],[74.809,36.221],[74.829,36.211],[74.854,36.173],[74.899,36.126],[74.903,36.111],[74.892,36.103],[74.879,36.053],[74.889,36.048],[74.898,36.072],[74.938,36.076],[74.923,36.096],[74.927,36.131],[74.917,36.161],[74.962,36.154],[74.955,36.129],[74.96,36.127],[74.985,36.137],[74.981,36.116],[74.968,36.103],[74.993,36.103],[75.012,36.142],[75.033,36.158],[75.07,36.161],[75.114,36.148],[75.125,36.163],[75.12,36.205],[75.108,36.192],[75.057,36.18],[75.019,36.192],[75.019,36.205],[75.0,36.199],[74.993,36.218],[74.962,36.224],[74.955,36.243],[74.93,36.243],[74.917,36.256],[74.866,36.269],[74.942,36.288],[74.942,36.313],[74.974,36.332],[74.938,36.327],[74.923,36.332],[74.942,36.369],[74.93,36.377],[74.911,36.37],[74.914,36.391],[74.942,36.402],[74.967,36.44],[74.981,36.44],[74.982,36.383],[74.993,36.37],[75.008,36.386],[75.019,36.498],[75.03,36.495],[75.032,36.447],[75.057,36.447],[75.057,36.345],[75.09,36.313],[75.101,36.313],[75.082,36.332],[75.089,36.364],[75.07,36.396],[75.067,36.433],[75.045,36.503],[75.07,36.492],[75.082,36.415],[75.101,36.389],[75.114,36.327],[75.127,36.32],[75.132,36.362],[75.127,36.377],[75.114,36.383],[75.12,36.409],[75.094,36.444],[75.095,36.459],[75.114,36.459],[75.126,36.472],[75.133,36.472],[75.145,36.434],[75.152,36.437],[75.15,36.462],[75.165,36.459],[75.165,36.447],[75.173,36.443],[75.184,36.455],[75.192,36.439],[75.183,36.41],[75.193,36.402],[75.207,36.407],[75.216,36.421],[75.216,36.491],[75.229,36.486],[75.241,36.415],[75.279,36.415],[75.3,36.393],[75.351,36.393],[75.345,36.361],[75.385,36.399],[75.394,36.396],[75.394,36.386],[75.368,36.364],[75.368,36.351],[75.345,36.327],[75.345,36.265]],[[77.084,35.379],[77.103,35.377],[77.11,35.366],[77.104,35.353],[77.123,35.353],[77.143,35.318],[77.144,35.28],[77.116,35.258],[77.132,35.252],[77.174,35.258],[77.189,35.288],[77.167,35.347],[77.143,35.365],[77.151,35.377],[77.098,35.409],[77.088,35.403],[77.084,35.379]],[[76.938,35.576],[76.971,35.525],[76.995,35.519],[77.008,35.544],[77.023,35.552],[77.025,35.512],[77.039,35.506],[77.084,35.506],[77.127,35.492],[77.138,35.509],[77.11,35.525],[77.104,35.544],[77.046,35.538],[77.053,35.563],[77.014,35.57],[76.976,35.544],[76.948,35.585],[76.938,35.576]],[[76.557,35.754],[76.557,35.735],[76.576,35.728],[76.613,35.689],[76.627,35.684],[76.646,35.69],[76.662,35.705],[76.723,35.661],[76.735,35.665],[76.737,35.678],[76.69,35.697],[76.67,35.718],[76.647,35.721],[76.631,35.714],[76.6,35.731],[76.582,35.754],[76.576,35.779],[76.557,35.786],[76.555,35.836],[76.539,35.822],[76.536,35.795],[76.541,35.771],[76.557,35.754]],[[76.481,35.688],[76.495,35.723],[76.487,35.735],[76.47,35.736],[76.459,35.713],[76.449,35.709],[76.455,35.741],[76.445,35.745],[76.366,35.732],[76.355,35.715],[76.36,35.665],[76.468,35.678],[76.481,35.688]],[[76.372,35.847],[76.373,35.805],[76.346,35.824],[76.334,35.824],[76.328,35.767],[76.372,35.757],[76.417,35.767],[76.417,35.781],[76.4,35.802],[76.411,35.817],[76.408,35.827],[76.385,35.849],[76.372,35.847]],[[76.241,35.75],[76.271,35.748],[76.317,35.763],[76.322,35.767],[76.316,35.785],[76.258,35.824],[76.239,35.798],[76.207,35.796],[76.188,35.811],[76.175,35.798],[76.159,35.805],[76.14,35.798],[76.15,35.773],[76.21,35.739],[76.234,35.737],[76.241,35.75]],[[76.131,36.065],[76.087,36.059],[76.087,36.033],[76.049,36.04],[75.973,36.034],[75.966,36.027],[75.987,36.02],[76.087,36.021],[76.157,36.008],[76.137,36.027],[76.157,36.031],[76.157,36.04],[76.151,36.045],[76.137,36.04],[76.131,36.065]],[[75.12,36.224],[75.139,36.205],[75.133,36.186],[75.139,36.135],[75.159,36.142],[75.171,36.123],[75.255,36.112],[75.256,36.097],[75.281,36.091],[75.308,36.106],[75.312,36.124],[75.298,36.148],[75.311,36.148],[75.322,36.14],[75.318,36.084],[75.328,36.08],[75.362,36.091],[75.375,36.072],[75.387,36.091],[75.387,36.065],[75.406,36.078],[75.406,36.18],[75.373,36.159],[75.362,36.161],[75.375,36.186],[75.328,36.169],[75.33,36.186],[75.295,36.19],[75.28,36.173],[75.28,36.138],[75.273,36.129],[75.261,36.13],[75.241,36.154],[75.203,36.161],[75.197,36.186],[75.157,36.222],[75.171,36.243],[75.133,36.239],[75.12,36.224]],[[74.974,36.269],[74.98,36.239],[75.027,36.231],[75.059,36.249],[75.063,36.26],[75.055,36.266],[75.07,36.294],[75.055,36.308],[75.032,36.307],[75.007,36.276],[74.974,36.269]],[[74.783,36.211],[74.752,36.142],[74.784,36.106],[74.76,36.09],[74.803,36.097],[74.803,36.129],[74.822,36.135],[74.834,36.157],[74.821,36.181],[74.783,36.211]]]}},{"type":"Feature","properties":{"sr":6},"geometry":{"type":"Polygon","coordinates":[[[71.147,36.461],[71.161,36.459],[71.154,36.45],[71.123,36.45],[71.167,36.432],[71.167,36.425],[71.152,36.423],[71.091,36.44],[71.097,36.409],[71.065,36.409],[71.091,36.389],[71.141,36.415],[71.141,36.396],[71.167,36.396],[71.192,36.37],[71.185,36.352],[71.167,36.345],[71.148,36.351],[71.131,36.335],[71.123,36.339],[71.123,36.351],[71.116,36.339],[71.097,36.345],[71.078,36.339],[71.046,36.351],[71.032,36.339],[71.008,36.364],[71.027,36.37],[71.027,36.409],[71.046,36.409],[71.046,36.428],[71.059,36.428],[71.065,36.459],[71.089,36.463],[71.105,36.492],[71.129,36.49],[71.147,36.461]]]}},{"type":"Feature","properties":{"sr":6},"geometry":{"type":"Polygon","coordinates":[[[70.474,36.313],[70.509,36.325],[70.519,36.32],[70.506,36.3],[70.512,36.269],[70.539,36.237],[70.538,36.231],[70.511,36.23],[70.504,36.242],[70.495,36.241],[70.5,36.224],[70.481,36.218],[70.5,36.211],[70.516,36.192],[70.473,36.168],[70.431,36.213],[70.449,36.231],[70.43,36.262],[70.432,36.271],[70.449,36.275],[70.448,36.287],[70.402,36.295],[70.391,36.313],[70.417,36.32],[70.43,36.339],[70.474,36.332],[70.474,36.313]]]}},{"type":"Feature","properties":{"sr":5},"geometry":{"type":"Polygon","coordinates":[[[79.62,36.173],[79.652,36.18],[79.697,36.154],[79.712,36.155],[79.709,36.097],[79.679,36.085],[79.63,36.091],[79.673,36.025],[79.671,36.008],[79.657,35.998],[79.572,36.004],[79.582,36.04],[79.544,36.033],[79.516,36.067],[79.519,36.076],[79.559,36.074],[79.56,36.088],[79.499,36.098],[79.525,36.118],[79.542,36.153],[79.551,36.154],[79.549,36.123],[79.582,36.135],[79.618,36.136],[79.608,36.167],[79.582,36.161],[79.602,36.187],[79.62,36.192],[79.62,36.173]]]}},{"type":"Feature","properties":{"sr":6},"geometry":{"type":"Polygon","coordinates":[[[70.772,35.816],[70.742,35.791],[70.753,35.766],[70.703,35.767],[70.703,35.748],[70.671,35.754],[70.68,35.745],[70.677,35.737],[70.641,35.722],[70.633,35.779],[70.657,35.766],[70.665,35.773],[70.658,35.792],[70.639,35.801],[70.641,35.812],[70.652,35.813],[70.672,35.797],[70.701,35.797],[70.684,35.811],[70.678,35.836],[70.694,35.837],[70.722,35.817],[70.735,35.817],[70.704,35.84],[70.717,35.849],[70.739,35.846],[70.744,35.826],[70.772,35.816]]]}},{"type":"Feature","properties":{"sr":5},"geometry":{"type":"Polygon","coordinates":[[[82.382,35.623],[82.404,35.608],[82.411,35.582],[82.405,35.571],[82.36,35.55],[82.354,35.538],[82.309,35.525],[82.322,35.506],[82.261,35.52],[82.233,35.506],[82.198,35.471],[82.182,35.468],[82.163,35.481],[82.151,35.474],[82.125,35.449],[82.137,35.43],[82.106,35.411],[82.087,35.411],[82.049,35.385],[81.991,35.392],[81.991,35.402],[82.029,35.417],[82.01,35.442],[81.998,35.436],[81.987,35.446],[81.991,35.468],[82.005,35.482],[82.036,35.487],[82.061,35.481],[82.08,35.506],[82.093,35.5],[82.11,35.513],[82.147,35.515],[82.137,35.563],[82.157,35.55],[82.17,35.568],[82.195,35.556],[82.241,35.555],[82.244,35.573],[82.229,35.564],[82.207,35.57],[82.201,35.59],[82.179,35.597],[82.182,35.627],[82.246,35.619],[82.264,35.589],[82.273,35.591],[82.277,35.614],[82.303,35.62],[82.282,35.623],[82.252,35.665],[82.256,35.677],[82.29,35.697],[82.29,35.722],[82.315,35.716],[82.341,35.722],[82.36,35.709],[82.366,35.735],[82.392,35.728],[82.392,35.748],[82.411,35.748],[82.411,35.76],[82.468,35.735],[82.494,35.735],[82.5,35.728],[82.493,35.703],[82.461,35.709],[82.449,35.697],[82.43,35.697],[82.43,35.671],[82.42,35.659],[82.455,35.646],[82.45,35.636],[82.43,35.639],[82.382,35.623]]]}},{"type":"Feature","properties":{"sr":3},"geometry":{"type":"Polygon","coordinates":[[[76.277,35.481],[76.297,35.483],[76.29,35.455],[76.334,35.461],[76.343,35.44],[76.347,35.411],[76.34,35.402],[76.315,35.411],[76.309,35.392],[76.277,35.36],[76.315,35.385],[76.309,35.36],[76.334,35.373],[76.334,35.353],[76.348,35.359],[76.368,35.333],[76.366,35.322],[76.354,35.315],[76.36,35.296],[76.334,35.263],[76.317,35.265],[76.306,35.281],[76.303,35.322],[76.245,35.302],[76.245,35.315],[76.226,35.315],[76.226,35.334],[76.214,35.347],[76.226,35.373],[76.179,35.362],[76.163,35.373],[76.167,35.399],[76.133,35.41],[76.188,35.442],[76.214,35.442],[76.252,35.469],[76.271,35.493],[76.277,35.481]]]}},{"type":"Feature","properties":{"sr":5},"geometry":{"type":"Polygon","coordinates":[[[74.707,35.385],[74.739,35.392],[74.734,35.377],[74.764,35.379],[74.756,35.357],[74.701,35.328],[74.724,35.253],[74.72,35.233],[74.704,35.242],[74.698,35.281],[74.682,35.309],[74.685,35.28],[74.644,35.226],[74.65,35.2],[74.644,35.195],[74.631,35.2],[74.615,35.229],[74.605,35.233],[74.6,35.223],[74.61,35.195],[74.567,35.22],[74.559,35.217],[74.567,35.195],[74.549,35.188],[74.51,35.195],[74.488,35.18],[74.479,35.188],[74.479,35.214],[74.466,35.191],[74.457,35.188],[74.466,35.179],[74.578,35.173],[74.517,35.15],[74.472,35.15],[74.466,35.125],[74.441,35.116],[74.463,35.038],[74.447,35.036],[74.428,35.106],[74.384,35.066],[74.342,35.054],[74.37,35.112],[74.357,35.126],[74.358,35.137],[74.383,35.15],[74.377,35.175],[74.389,35.182],[74.389,35.214],[74.447,35.226],[74.421,35.258],[74.453,35.252],[74.472,35.258],[74.479,35.277],[74.529,35.271],[74.507,35.295],[74.505,35.311],[74.547,35.312],[74.574,35.328],[74.576,35.385],[74.598,35.34],[74.636,35.328],[74.65,35.331],[74.657,35.341],[74.618,35.36],[74.642,35.387],[74.659,35.394],[74.678,35.368],[74.682,35.411],[74.689,35.411],[74.701,35.404],[74.707,35.385]]]}},{"type":"Feature","properties":{"sr":6},"geometry":{"type":"Polygon","coordinates":[[[80.828,34.457],[80.904,34.444],[80.93,34.387],[80.955,34.387],[80.981,34.33],[80.993,34.343],[81.006,34.336],[81.012,34.349],[81.051,34.343],[81.063,34.355],[81.102,34.355],[81.087,34.388],[81.095,34.4],[81.133,34.4],[81.139,34.387],[81.159,34.394],[81.163,34.374],[81.183,34.39],[81.204,34.37],[81.18,34.348],[81.104,34.337],[81.082,34.33],[81.076,34.317],[81.057,34.324],[81.044,34.305],[81.035,34.306],[81.032,34.324],[80.932,34.3],[80.914,34.303],[80.9,34.316],[80.885,34.314],[80.88,34.309],[80.898,34.305],[80.911,34.286],[80.943,34.279],[80.936,34.26],[80.943,34.235],[80.904,34.216],[80.844,34.224],[80.803,34.216],[80.809,34.235],[80.796,34.241],[80.809,34.26],[80.803,34.279],[80.822,34.292],[80.815,34.317],[80.79,34.311],[80.796,34.355],[80.809,34.375],[80.786,34.371],[80.803,34.406],[80.787,34.428],[80.79,34.438],[80.828,34.457]]]}},{"type":"Feature","properties":{"sr":3},"geometry":{"type":"Polygon","coordinates":[[[76.042,34.011],[76.087,34.019],[76.082,34.027],[76.049,34.028],[76.036,34.038],[76.035,34.06],[76.052,34.074],[76.077,34.08],[76.099,34.076],[76.099,34.057],[76.139,34.061],[76.14,34.052],[76.128,34.042],[76.112,34.038],[76.093,34.05],[76.094,34.036],[76.122,34.021],[76.163,34.044],[76.149,33.991],[76.156,33.964],[76.175,33.987],[76.201,33.966],[76.197,34.002],[76.22,34.0],[76.26,34.021],[76.277,34.019],[76.284,34.012],[76.259,33.991],[76.29,34.0],[76.289,33.978],[76.271,33.955],[76.237,33.954],[76.236,33.936],[76.258,33.936],[76.219,33.903],[76.222,33.896],[76.256,33.902],[76.281,33.894],[76.281,33.881],[76.258,33.851],[76.286,33.868],[76.296,33.866],[76.298,33.856],[76.277,33.822],[76.291,33.82],[76.334,33.841],[76.334,33.824],[76.303,33.79],[76.311,33.789],[76.338,33.81],[76.36,33.853],[76.392,33.853],[76.386,33.833],[76.347,33.784],[76.383,33.804],[76.398,33.803],[76.4,33.786],[76.354,33.745],[76.37,33.737],[76.406,33.748],[76.417,33.745],[76.416,33.736],[76.359,33.68],[76.361,33.671],[76.411,33.675],[76.421,33.663],[76.428,33.626],[76.455,33.599],[76.463,33.602],[76.464,33.622],[76.474,33.631],[76.493,33.625],[76.515,33.658],[76.542,33.651],[76.551,33.612],[76.576,33.618],[76.582,33.605],[76.61,33.622],[76.62,33.618],[76.614,33.574],[76.673,33.608],[76.69,33.605],[76.667,33.568],[76.627,33.529],[76.606,33.527],[76.601,33.51],[76.576,33.504],[76.563,33.466],[76.538,33.466],[76.544,33.44],[76.57,33.44],[76.579,33.429],[76.589,33.344],[76.57,33.332],[76.55,33.303],[76.538,33.3],[76.525,33.319],[76.506,33.319],[76.488,33.351],[76.503,33.365],[76.487,33.37],[76.48,33.385],[76.488,33.391],[76.516,33.387],[76.535,33.393],[76.532,33.408],[76.544,33.421],[76.528,33.428],[76.525,33.447],[76.5,33.421],[76.474,33.44],[76.487,33.478],[76.484,33.489],[76.448,33.521],[76.44,33.508],[76.449,33.466],[76.432,33.46],[76.423,33.497],[76.41,33.482],[76.398,33.485],[76.392,33.516],[76.381,33.479],[76.36,33.497],[76.347,33.529],[76.322,33.523],[76.304,33.539],[76.292,33.561],[76.296,33.594],[76.29,33.599],[76.27,33.562],[76.24,33.542],[76.188,33.529],[76.193,33.523],[76.239,33.523],[76.22,33.485],[76.254,33.472],[76.264,33.453],[76.264,33.44],[76.239,33.447],[76.245,33.428],[76.216,33.42],[76.201,33.396],[76.175,33.402],[76.131,33.396],[76.106,33.433],[76.093,33.44],[76.084,33.437],[76.067,33.408],[76.023,33.421],[76.029,33.472],[76.046,33.489],[76.018,33.51],[76.014,33.521],[76.055,33.536],[76.069,33.532],[76.049,33.561],[76.058,33.563],[76.08,33.548],[76.109,33.561],[76.055,33.586],[76.01,33.58],[76.004,33.599],[75.987,33.6],[75.986,33.615],[76.004,33.625],[76.036,33.618],[76.042,33.637],[76.055,33.631],[76.079,33.652],[76.101,33.635],[76.123,33.645],[76.163,33.644],[76.163,33.618],[76.171,33.634],[76.163,33.688],[76.188,33.656],[76.188,33.675],[76.201,33.694],[76.182,33.701],[76.195,33.732],[76.188,33.739],[76.106,33.701],[76.099,33.688],[76.067,33.688],[75.998,33.656],[75.953,33.65],[75.9,33.614],[75.877,33.618],[75.872,33.627],[75.896,33.644],[75.863,33.671],[75.864,33.688],[75.878,33.686],[75.883,33.675],[75.915,33.701],[75.928,33.694],[75.934,33.707],[75.966,33.694],[75.959,33.72],[75.928,33.72],[75.941,33.738],[75.985,33.733],[76.029,33.745],[76.042,33.72],[76.049,33.758],[76.087,33.764],[76.067,33.796],[76.001,33.773],[75.985,33.853],[76.045,33.859],[76.072,33.847],[76.083,33.868],[76.096,33.872],[76.102,33.844],[76.115,33.84],[76.123,33.858],[76.127,33.905],[76.144,33.911],[76.169,33.904],[76.163,33.918],[76.118,33.923],[76.067,33.955],[76.059,33.951],[76.055,33.923],[76.036,33.923],[76.01,33.904],[75.985,33.904],[75.953,33.879],[75.897,33.876],[75.87,33.898],[75.894,33.905],[75.902,33.923],[75.945,33.93],[75.949,33.941],[75.915,33.955],[75.889,33.942],[75.824,33.943],[75.749,33.903],[75.737,33.911],[75.739,33.93],[75.781,33.954],[75.788,33.968],[75.78,33.977],[75.756,33.955],[75.699,33.942],[75.68,33.955],[75.654,33.949],[75.648,33.968],[75.6,33.983],[75.591,34.001],[75.604,34.006],[75.61,34.025],[75.626,34.022],[75.654,33.987],[75.656,34.005],[75.672,34.014],[75.724,34.006],[75.82,34.012],[75.911,33.982],[75.94,33.993],[75.947,34.006],[75.967,34.003],[75.998,34.082],[76.01,34.089],[76.006,34.04],[76.019,34.02],[76.042,34.011]]]}},{"type":"Feature","properties":{"sr":3},"geometry":{"type":"Polygon","coordinates":[[[76.707,33.532],[76.697,33.497],[76.706,33.498],[76.728,33.517],[76.741,33.516],[76.747,33.491],[76.704,33.44],[76.703,33.421],[76.718,33.412],[76.755,33.431],[76.761,33.427],[76.76,33.408],[76.73,33.361],[76.729,33.345],[76.738,33.343],[76.779,33.402],[76.786,33.44],[76.805,33.44],[76.818,33.453],[76.83,33.44],[76.856,33.447],[76.854,33.434],[76.818,33.402],[76.808,33.345],[76.818,33.339],[76.835,33.341],[76.903,33.373],[76.915,33.364],[76.887,33.339],[76.848,33.324],[76.821,33.321],[76.78,33.331],[76.737,33.264],[76.741,33.25],[76.805,33.288],[76.843,33.275],[76.875,33.323],[76.9,33.326],[76.907,33.321],[76.906,33.3],[76.926,33.294],[76.906,33.25],[76.926,33.205],[76.942,33.216],[76.939,33.255],[76.972,33.28],[76.988,33.277],[77.002,33.269],[76.995,33.231],[77.013,33.203],[77.053,33.205],[77.053,33.161],[77.063,33.16],[77.074,33.178],[77.084,33.18],[77.091,33.161],[77.099,33.17],[77.1,33.196],[77.121,33.206],[77.129,33.186],[77.177,33.132],[77.191,33.1],[77.15,33.093],[77.129,33.11],[77.091,33.116],[77.053,33.142],[77.048,33.134],[77.065,33.116],[77.04,33.078],[77.095,33.098],[77.11,33.091],[77.11,33.067],[77.091,33.053],[77.018,33.048],[76.998,33.032],[76.989,33.008],[76.975,33.009],[76.945,33.033],[76.906,33.014],[76.875,33.014],[76.843,33.002],[76.811,33.014],[76.722,33.01],[76.697,33.021],[76.722,33.053],[76.643,33.051],[76.646,33.072],[76.665,33.078],[76.638,33.077],[76.62,33.091],[76.619,33.105],[76.639,33.142],[76.621,33.157],[76.62,33.167],[76.652,33.173],[76.643,33.217],[76.674,33.222],[76.684,33.199],[76.73,33.221],[76.686,33.254],[76.608,33.237],[76.646,33.294],[76.612,33.257],[76.595,33.25],[76.569,33.266],[76.557,33.294],[76.608,33.345],[76.595,33.389],[76.599,33.42],[76.589,33.44],[76.62,33.51],[76.665,33.516],[76.694,33.544],[76.707,33.532]]]}},{"type":"Feature","properties":{"sr":6},"geometry":{"type":"Polygon","coordinates":[[[78.394,31.524],[78.402,31.523],[78.405,31.536],[78.419,31.533],[78.419,31.514],[78.432,31.521],[78.438,31.508],[78.457,31.514],[78.464,31.476],[78.483,31.483],[78.495,31.463],[78.499,31.43],[78.466,31.402],[78.464,31.387],[78.406,31.404],[78.378,31.396],[78.394,31.425],[78.368,31.432],[78.381,31.457],[78.343,31.438],[78.322,31.44],[78.294,31.461],[78.311,31.483],[78.337,31.476],[78.354,31.495],[78.337,31.53],[78.38,31.541],[78.387,31.54],[78.394,31.524]]]}},{"type":"Feature","properties":{"sr":3},"geometry":{"type":"Polygon","coordinates":[[[79.442,31.076],[79.5,31.089],[79.532,31.082],[79.563,31.1],[79.583,31.069],[79.576,31.044],[79.59,31.045],[79.608,31.082],[79.62,31.063],[79.627,31.089],[79.671,31.095],[79.722,31.019],[79.741,31.031],[79.754,30.981],[79.779,30.949],[79.818,30.942],[79.836,30.923],[79.841,30.907],[79.824,30.898],[79.83,30.872],[79.814,30.874],[79.779,30.904],[79.774,30.897],[79.786,30.872],[79.773,30.841],[79.786,30.809],[79.767,30.771],[79.786,30.745],[79.79,30.714],[79.783,30.702],[79.767,30.707],[79.762,30.725],[79.76,30.71],[79.788,30.689],[79.789,30.666],[79.689,30.583],[79.665,30.586],[79.671,30.624],[79.647,30.641],[79.665,30.656],[79.659,30.675],[79.671,30.682],[79.652,30.694],[79.62,30.694],[79.633,30.745],[79.627,30.75],[79.614,30.739],[79.589,30.745],[79.563,30.714],[79.525,30.72],[79.509,30.74],[79.538,30.805],[79.525,30.828],[79.512,30.834],[79.557,30.876],[79.506,30.853],[79.488,30.864],[79.471,30.883],[79.471,30.897],[79.5,30.892],[79.519,30.879],[79.51,30.892],[79.455,30.923],[79.456,30.935],[79.48,30.955],[79.474,30.966],[79.43,31.019],[79.391,31.021],[79.411,31.038],[79.417,31.095],[79.43,31.108],[79.454,31.115],[79.438,31.091],[79.442,31.076]]]}},{"type":"Feature","properties":{"sr":5},"geometry":{"type":"Polygon","coordinates":[[[79.928,30.585],[79.919,30.606],[79.926,30.618],[79.913,30.647],[79.915,30.661],[79.951,30.656],[79.979,30.671],[79.989,30.669],[79.995,30.612],[80.014,30.624],[80.046,30.612],[80.082,30.611],[80.091,30.605],[80.091,30.593],[80.11,30.593],[80.116,30.574],[80.142,30.591],[80.155,30.586],[80.167,30.548],[80.155,30.504],[80.104,30.516],[80.101,30.548],[80.076,30.538],[80.11,30.497],[80.125,30.449],[80.093,30.469],[80.089,30.443],[80.065,30.421],[80.125,30.422],[80.11,30.408],[80.084,30.402],[80.104,30.396],[80.093,30.374],[80.039,30.369],[80.025,30.358],[80.04,30.351],[80.04,30.326],[80.078,30.345],[80.078,30.332],[80.097,30.339],[80.111,30.324],[80.097,30.311],[80.104,30.307],[80.155,30.319],[80.151,30.304],[80.12,30.287],[80.116,30.262],[80.128,30.283],[80.143,30.287],[80.18,30.249],[80.167,30.211],[80.151,30.208],[80.116,30.23],[80.091,30.205],[80.072,30.218],[80.046,30.218],[80.046,30.237],[80.017,30.242],[79.99,30.274],[79.976,30.264],[79.976,30.23],[79.969,30.215],[79.938,30.222],[79.915,30.253],[79.908,30.252],[79.887,30.23],[79.868,30.23],[79.86,30.195],[79.84,30.185],[79.824,30.205],[79.805,30.205],[79.773,30.249],[79.735,30.256],[79.729,30.307],[79.754,30.307],[79.69,30.345],[79.678,30.383],[79.697,30.377],[79.684,30.415],[79.725,30.424],[79.741,30.421],[79.754,30.408],[79.811,30.402],[79.836,30.408],[79.84,30.4],[79.825,30.38],[79.845,30.352],[79.842,30.385],[79.849,30.393],[79.862,30.389],[79.868,30.421],[79.881,30.44],[79.868,30.447],[79.875,30.472],[79.826,30.469],[79.811,30.478],[79.822,30.506],[79.818,30.536],[79.826,30.547],[79.843,30.536],[79.843,30.562],[79.875,30.555],[79.883,30.562],[79.881,30.586],[79.9,30.592],[79.928,30.585]]]}},{"type":"Feature","properties":{"sr":5},"geometry":{"type":"Polygon","coordinates":[[[80.301,30.472],[80.332,30.485],[80.351,30.466],[80.376,30.463],[80.348,30.422],[80.354,30.414],[80.428,30.417],[80.421,30.396],[80.434,30.383],[80.415,30.345],[80.463,30.329],[80.466,30.319],[80.454,30.3],[80.479,30.294],[80.479,30.262],[80.51,30.237],[80.498,30.211],[80.51,30.167],[80.504,30.148],[80.53,30.128],[80.523,30.116],[80.474,30.085],[80.466,30.084],[80.466,30.103],[80.428,30.129],[80.43,30.153],[80.421,30.161],[80.403,30.151],[80.393,30.154],[80.394,30.17],[80.37,30.205],[80.336,30.204],[80.361,30.231],[80.327,30.228],[80.329,30.26],[80.301,30.281],[80.306,30.294],[80.339,30.313],[80.345,30.345],[80.317,30.315],[80.301,30.313],[80.298,30.32],[80.32,30.351],[80.315,30.358],[80.282,30.345],[80.275,30.364],[80.25,30.364],[80.256,30.377],[80.231,30.377],[80.243,30.402],[80.194,30.42],[80.193,30.44],[80.231,30.453],[80.195,30.499],[80.199,30.516],[80.231,30.504],[80.294,30.497],[80.301,30.472]]]}},{"type":"Feature","properties":{"sr":5},"geometry":{"type":"Polygon","coordinates":[[[72.54,38.201],[72.546,38.144],[72.559,38.137],[72.551,38.123],[72.508,38.125],[72.489,38.093],[72.52,38.09],[72.559,38.106],[72.546,38.074],[72.572,38.067],[72.572,38.048],[72.584,38.042],[72.578,38.023],[72.584,38.008],[72.563,37.989],[72.581,37.978],[72.592,37.986],[72.597,37.966],[72.622,37.972],[72.622,37.947],[72.667,37.921],[72.68,37.883],[72.667,37.851],[72.68,37.813],[72.654,37.82],[72.628,37.858],[72.624,37.884],[72.584,37.909],[72.583,37.915],[72.597,37.921],[72.591,37.947],[72.544,37.94],[72.544,37.967],[72.534,37.974],[72.522,37.954],[72.499,37.944],[72.512,37.906],[72.54,37.877],[72.545,37.878],[72.527,37.896],[72.538,37.914],[72.565,37.921],[72.575,37.911],[72.591,37.873],[72.559,37.877],[72.572,37.858],[72.594,37.858],[72.604,37.807],[72.521,37.807],[72.521,37.82],[72.508,37.807],[72.489,37.81],[72.464,37.845],[72.445,37.839],[72.411,37.868],[72.393,37.845],[72.401,37.838],[72.418,37.844],[72.432,37.839],[72.443,37.828],[72.445,37.8],[72.502,37.775],[72.491,37.763],[72.413,37.781],[72.394,37.775],[72.394,37.8],[72.368,37.826],[72.349,37.83],[72.32,37.822],[72.322,37.809],[72.307,37.792],[72.27,37.789],[72.26,37.794],[72.267,37.813],[72.25,37.807],[72.241,37.793],[72.26,37.775],[72.222,37.769],[72.21,37.818],[72.2,37.834],[72.19,37.839],[72.184,37.832],[72.181,37.839],[72.184,37.813],[72.165,37.8],[72.178,37.775],[72.171,37.769],[72.104,37.763],[72.097,37.769],[72.093,37.804],[72.058,37.79],[72.038,37.77],[71.993,37.8],[71.989,37.822],[71.993,37.864],[72.038,37.864],[71.995,37.891],[72.037,37.897],[72.038,37.911],[72.015,37.943],[72.019,37.959],[72.031,37.94],[72.07,37.947],[72.07,37.934],[72.101,37.915],[72.095,37.902],[72.114,37.902],[72.115,37.885],[72.158,37.877],[72.145,37.89],[72.146,37.896],[72.158,37.896],[72.139,37.909],[72.152,37.915],[72.149,37.921],[72.127,37.947],[72.114,37.947],[72.095,37.978],[72.038,37.991],[72.038,38.004],[72.012,37.991],[72.012,38.01],[72.007,38.011],[71.993,38.004],[71.974,38.01],[71.956,37.994],[71.894,38.0],[71.899,38.019],[71.911,38.023],[71.917,38.017],[71.93,38.036],[71.955,38.029],[71.961,38.042],[71.981,38.042],[71.968,38.067],[71.974,38.093],[72.012,38.074],[72.004,38.054],[72.021,38.041],[72.07,38.036],[72.089,38.023],[72.108,38.036],[72.127,38.029],[72.15,38.034],[72.139,38.011],[72.171,38.01],[72.197,37.998],[72.19,37.985],[72.209,37.978],[72.184,37.953],[72.19,37.915],[72.203,37.934],[72.227,37.922],[72.222,37.947],[72.241,37.949],[72.267,37.947],[72.273,37.928],[72.312,37.922],[72.322,37.961],[72.292,37.966],[72.292,37.978],[72.26,37.982],[72.262,38.007],[72.249,38.003],[72.229,38.029],[72.236,38.046],[72.222,38.048],[72.203,38.067],[72.202,38.074],[72.216,38.08],[72.203,38.099],[72.222,38.093],[72.236,38.1],[72.242,38.119],[72.254,38.118],[72.257,38.11],[72.243,38.074],[72.267,38.08],[72.26,38.061],[72.292,38.061],[72.279,38.036],[72.298,38.029],[72.304,38.016],[72.319,38.023],[72.317,38.061],[72.345,38.08],[72.355,38.08],[72.358,38.073],[72.343,38.048],[72.348,38.023],[72.362,38.004],[72.394,38.036],[72.424,38.025],[72.431,38.013],[72.43,37.964],[72.445,37.94],[72.451,37.978],[72.47,37.978],[72.476,37.991],[72.502,37.991],[72.483,38.01],[72.489,38.029],[72.445,38.036],[72.451,38.055],[72.446,38.062],[72.394,38.086],[72.394,38.106],[72.368,38.099],[72.363,38.112],[72.387,38.125],[72.383,38.132],[72.349,38.131],[72.349,38.144],[72.276,38.143],[72.267,38.163],[72.306,38.168],[72.317,38.195],[72.337,38.182],[72.335,38.161],[72.362,38.174],[72.367,38.161],[72.382,38.156],[72.417,38.166],[72.425,38.195],[72.433,38.197],[72.459,38.178],[72.489,38.188],[72.495,38.201],[72.521,38.205],[72.54,38.201]]]}},{"type":"Feature","properties":{"sr":5},"geometry":{"type":"Polygon","coordinates":[[[73.091,38.173],[73.054,38.154],[73.058,38.147],[73.118,38.131],[73.125,38.144],[73.214,38.137],[73.18,38.115],[73.144,38.118],[73.137,38.099],[73.099,38.106],[73.112,38.088],[73.142,38.069],[73.176,38.074],[73.199,38.098],[73.214,38.099],[73.219,38.072],[73.233,38.074],[73.239,38.086],[73.252,38.08],[73.271,38.106],[73.284,38.106],[73.284,38.118],[73.296,38.112],[73.315,38.135],[73.328,38.131],[73.322,38.112],[73.327,38.074],[73.277,38.061],[73.303,38.029],[73.287,38.028],[73.263,38.044],[73.248,38.042],[73.265,38.027],[73.26,38.007],[73.247,37.998],[73.204,37.996],[73.2,37.984],[73.207,37.973],[73.22,37.972],[73.255,37.986],[73.267,37.983],[73.228,37.922],[73.285,37.935],[73.308,37.93],[73.314,37.912],[73.287,37.906],[73.276,37.882],[73.266,37.88],[73.267,37.903],[73.261,37.903],[73.253,37.893],[73.208,37.874],[73.198,37.887],[73.195,37.915],[73.185,37.914],[73.161,37.882],[73.176,37.845],[73.125,37.864],[73.123,37.87],[73.137,37.877],[73.118,37.902],[73.099,37.896],[73.087,37.902],[73.08,37.89],[73.042,37.902],[73.036,37.89],[73.017,37.896],[72.985,37.889],[72.975,37.893],[72.972,37.909],[72.953,37.909],[72.955,37.925],[73.004,37.915],[73.004,37.959],[73.023,37.959],[73.05,37.986],[73.065,37.977],[73.042,37.953],[73.061,37.934],[73.072,37.945],[73.059,37.961],[73.074,37.966],[73.084,37.961],[73.091,37.941],[73.118,37.959],[73.147,37.94],[73.176,37.952],[73.163,37.957],[73.17,37.975],[73.141,37.976],[73.143,37.993],[73.124,38.002],[73.125,38.023],[73.029,38.029],[73.042,38.055],[73.068,38.055],[73.071,38.079],[73.063,38.088],[73.039,38.091],[73.023,38.074],[73.01,38.08],[72.972,38.067],[72.956,38.081],[72.959,38.093],[72.969,38.097],[73.029,38.106],[73.036,38.118],[73.061,38.118],[73.031,38.129],[73.02,38.115],[72.991,38.117],[72.953,38.134],[72.948,38.15],[72.969,38.155],[72.998,38.144],[73.004,38.156],[73.017,38.156],[73.033,38.183],[73.061,38.175],[73.061,38.198],[73.081,38.192],[73.091,38.173]]]}},{"type":"Feature","properties":{"sr":6},"geometry":{"type":"Polygon","coordinates":[[[71.184,37.745],[71.205,37.731],[71.211,37.699],[71.23,37.692],[71.224,37.673],[71.241,37.666],[71.273,37.667],[71.32,37.692],[71.32,37.686],[71.343,37.676],[71.421,37.667],[71.425,37.661],[71.408,37.642],[71.428,37.603],[71.412,37.596],[71.377,37.623],[71.345,37.623],[71.307,37.648],[71.287,37.621],[71.275,37.629],[71.194,37.619],[71.167,37.623],[71.16,37.642],[71.166,37.65],[71.186,37.642],[71.19,37.66],[71.167,37.673],[71.18,37.692],[71.161,37.718],[71.161,37.731],[71.145,37.742],[71.148,37.75],[71.184,37.745]]]}},{"type":"Feature","properties":{"sr":5},"geometry":{"type":"Polygon","coordinates":[[[74.116,37.381],[74.127,37.386],[74.13,37.405],[74.142,37.406],[74.148,37.375],[74.17,37.394],[74.18,37.394],[74.189,37.349],[74.205,37.356],[74.211,37.368],[74.223,37.366],[74.236,37.322],[74.207,37.317],[74.179,37.329],[74.16,37.325],[74.166,37.319],[74.161,37.305],[74.135,37.292],[74.135,37.26],[74.124,37.259],[74.11,37.286],[74.147,37.329],[74.073,37.317],[74.053,37.298],[74.034,37.298],[74.067,37.255],[74.065,37.241],[74.057,37.24],[74.034,37.267],[73.985,37.274],[74.011,37.263],[74.02,37.25],[74.021,37.228],[74.009,37.225],[73.97,37.26],[73.907,37.273],[73.948,37.248],[73.951,37.235],[73.945,37.232],[73.916,37.238],[73.928,37.212],[73.92,37.213],[73.895,37.224],[73.887,37.248],[73.869,37.257],[73.861,37.249],[73.862,37.228],[73.894,37.212],[73.898,37.194],[73.887,37.197],[73.873,37.179],[73.855,37.201],[73.842,37.193],[73.885,37.142],[73.83,37.132],[73.821,37.136],[73.825,37.162],[73.808,37.19],[73.815,37.215],[73.779,37.222],[73.753,37.206],[73.703,37.203],[73.705,37.231],[73.684,37.241],[73.677,37.236],[73.671,37.203],[73.658,37.209],[73.617,37.192],[73.601,37.197],[73.601,37.206],[73.632,37.222],[73.639,37.235],[73.633,37.241],[73.595,37.228],[73.589,37.254],[73.544,37.311],[73.579,37.311],[73.557,37.33],[73.582,37.362],[73.605,37.353],[73.602,37.304],[73.627,37.298],[73.646,37.324],[73.63,37.354],[73.676,37.36],[73.69,37.356],[73.678,37.324],[73.709,37.336],[73.735,37.324],[73.719,37.349],[73.722,37.362],[73.733,37.367],[73.754,37.343],[73.786,37.362],[73.784,37.342],[73.747,37.308],[73.671,37.292],[73.684,37.273],[73.728,37.267],[73.754,37.241],[73.768,37.24],[73.772,37.25],[73.786,37.254],[73.828,37.238],[73.837,37.248],[73.824,37.292],[73.862,37.279],[73.943,37.297],[73.956,37.332],[73.97,37.33],[74.0,37.299],[74.008,37.311],[74.008,37.336],[74.036,37.327],[74.033,37.358],[74.049,37.373],[74.059,37.375],[74.066,37.341],[74.095,37.338],[74.082,37.387],[74.088,37.412],[74.104,37.406],[74.116,37.381]]]}},{"type":"Feature","properties":{"sr":6},"geometry":{"type":"Polygon","coordinates":[[[73.201,37.239],[73.201,37.241],[73.203,37.237],[73.201,37.239]]]}},{"type":"Feature","properties":{"sr":5},"geometry":{"type":"Polygon","coordinates":[[[73.201,37.235],[73.195,37.228],[73.203,37.185],[73.214,37.225],[73.233,37.222],[73.239,37.209],[73.248,37.21],[73.252,37.228],[73.265,37.228],[73.274,37.21],[73.272,37.236],[73.232,37.277],[73.233,37.286],[73.241,37.289],[73.258,37.273],[73.282,37.267],[73.303,37.254],[73.309,37.222],[73.322,37.216],[73.315,37.197],[73.347,37.178],[73.341,37.152],[73.366,37.171],[73.384,37.174],[73.36,37.184],[73.359,37.191],[73.372,37.197],[73.37,37.206],[73.347,37.259],[73.33,37.27],[73.334,37.279],[73.323,37.315],[73.334,37.324],[73.372,37.298],[73.375,37.275],[73.411,37.242],[73.43,37.241],[73.444,37.252],[73.466,37.243],[73.449,37.267],[73.411,37.279],[73.404,37.317],[73.443,37.333],[73.453,37.302],[73.467,37.3],[73.473,37.312],[73.465,37.34],[73.468,37.349],[73.483,37.35],[73.494,37.34],[73.506,37.311],[73.5,37.241],[73.505,37.235],[73.519,37.245],[73.532,37.241],[73.538,37.203],[73.519,37.197],[73.512,37.178],[73.468,37.184],[73.462,37.171],[73.429,37.18],[73.438,37.154],[73.404,37.139],[73.416,37.121],[73.392,37.114],[73.399,37.105],[73.435,37.111],[73.428,37.089],[73.455,37.096],[73.46,37.091],[73.461,37.071],[73.43,37.07],[73.43,37.06],[73.447,37.048],[73.442,37.044],[73.398,37.044],[73.392,37.076],[73.354,37.082],[73.347,37.095],[73.34,37.095],[73.334,37.082],[73.321,37.085],[73.284,37.108],[73.274,37.102],[73.277,37.076],[73.267,37.068],[73.277,37.05],[73.303,37.05],[73.28,37.032],[73.169,37.031],[73.144,37.025],[73.125,37.044],[73.131,37.063],[73.114,37.063],[73.093,37.038],[73.068,37.038],[73.036,37.025],[73.023,37.042],[73.023,37.057],[73.036,37.057],[73.077,37.082],[73.055,37.082],[73.042,37.091],[73.048,37.101],[73.068,37.108],[72.999,37.117],[73.002,37.149],[72.972,37.165],[72.975,37.171],[72.998,37.178],[73.023,37.165],[73.027,37.133],[73.042,37.127],[73.042,37.146],[73.074,37.146],[73.074,37.171],[73.106,37.184],[73.106,37.152],[73.128,37.121],[73.131,37.133],[73.156,37.133],[73.15,37.209],[73.181,37.216],[73.163,37.254],[73.186,37.251],[73.201,37.235]]]}},{"type":"Feature","properties":{"sr":3},"geometry":{"type":"Polygon","coordinates":[[[75.604,36.805],[75.624,36.815],[75.629,36.803],[75.667,36.803],[75.667,36.784],[75.692,36.79],[75.73,36.758],[75.725,36.747],[75.703,36.743],[75.686,36.745],[75.655,36.767],[75.585,36.768],[75.57,36.761],[75.572,36.739],[75.597,36.758],[75.61,36.752],[75.61,36.733],[75.654,36.752],[75.66,36.72],[75.608,36.701],[75.607,36.682],[75.624,36.691],[75.642,36.688],[75.66,36.669],[75.662,36.643],[75.686,36.637],[75.692,36.618],[75.705,36.675],[75.713,36.67],[75.711,36.631],[75.744,36.667],[75.752,36.666],[75.775,36.612],[75.794,36.643],[75.807,36.644],[75.807,36.625],[75.818,36.615],[75.809,36.595],[75.845,36.599],[75.871,36.594],[75.878,36.585],[75.865,36.538],[75.815,36.551],[75.826,36.529],[75.877,36.523],[75.87,36.498],[75.911,36.51],[75.94,36.504],[75.94,36.485],[75.966,36.491],[75.953,36.466],[75.98,36.443],[75.979,36.434],[75.877,36.428],[75.851,36.44],[75.845,36.437],[75.854,36.424],[75.851,36.415],[75.832,36.421],[75.826,36.409],[75.813,36.409],[75.788,36.389],[75.788,36.415],[75.769,36.409],[75.762,36.421],[75.73,36.428],[75.737,36.472],[75.728,36.468],[75.717,36.443],[75.705,36.44],[75.705,36.466],[75.68,36.459],[75.68,36.478],[75.66,36.485],[75.663,36.499],[75.68,36.507],[75.68,36.517],[75.658,36.516],[75.644,36.564],[75.629,36.555],[75.629,36.523],[75.616,36.526],[75.61,36.555],[75.588,36.559],[75.56,36.58],[75.545,36.575],[75.539,36.557],[75.546,36.536],[75.565,36.517],[75.562,36.506],[75.54,36.498],[75.534,36.478],[75.489,36.517],[75.445,36.529],[75.457,36.555],[75.439,36.564],[75.397,36.537],[75.375,36.536],[75.368,36.567],[75.381,36.561],[75.4,36.593],[75.413,36.593],[75.413,36.606],[75.426,36.599],[75.457,36.618],[75.49,36.599],[75.502,36.606],[75.503,36.612],[75.489,36.618],[75.491,36.629],[75.446,36.636],[75.475,36.661],[75.527,36.669],[75.489,36.707],[75.483,36.695],[75.47,36.701],[75.432,36.669],[75.413,36.682],[75.376,36.664],[75.353,36.663],[75.343,36.682],[75.391,36.695],[75.4,36.707],[75.336,36.714],[75.324,36.739],[75.298,36.739],[75.271,36.756],[75.26,36.752],[75.314,36.708],[75.318,36.695],[75.311,36.682],[75.248,36.701],[75.222,36.701],[75.216,36.714],[75.197,36.714],[75.19,36.733],[75.159,36.726],[75.152,36.739],[75.139,36.739],[75.133,36.758],[75.108,36.764],[75.095,36.777],[75.034,36.79],[75.011,36.812],[75.006,36.828],[75.019,36.847],[75.032,36.841],[75.057,36.847],[75.07,36.815],[75.101,36.834],[75.108,36.809],[75.134,36.849],[75.152,36.847],[75.157,36.842],[75.139,36.822],[75.143,36.797],[75.157,36.782],[75.171,36.779],[75.178,36.79],[75.168,36.824],[75.171,36.841],[75.209,36.828],[75.209,36.803],[75.241,36.815],[75.241,36.803],[75.314,36.798],[75.33,36.79],[75.33,36.764],[75.356,36.771],[75.394,36.758],[75.406,36.771],[75.357,36.791],[75.368,36.809],[75.381,36.822],[75.403,36.816],[75.459,36.844],[75.47,36.841],[75.478,36.795],[75.476,36.784],[75.457,36.784],[75.471,36.771],[75.483,36.771],[75.495,36.779],[75.499,36.81],[75.508,36.822],[75.518,36.823],[75.527,36.809],[75.546,36.815],[75.546,36.803],[75.552,36.813],[75.539,36.834],[75.54,36.847],[75.559,36.841],[75.565,36.853],[75.593,36.849],[75.597,36.879],[75.648,36.879],[75.644,36.894],[75.618,36.92],[75.616,36.936],[75.624,36.944],[75.648,36.923],[75.667,36.936],[75.65,37.013],[75.66,37.031],[75.682,37.034],[75.699,37.019],[75.678,36.985],[75.692,36.974],[75.711,36.974],[75.7,36.951],[75.711,36.949],[75.709,36.926],[75.737,36.911],[75.73,36.892],[75.735,36.882],[75.751,36.886],[75.756,36.898],[75.764,36.965],[75.782,36.961],[75.788,36.949],[75.826,36.968],[75.827,36.954],[75.794,36.93],[75.788,36.892],[75.82,36.879],[75.845,36.885],[75.843,36.871],[75.79,36.841],[75.789,36.829],[75.82,36.809],[75.859,36.85],[75.87,36.834],[75.874,36.808],[75.899,36.798],[75.883,36.784],[75.889,36.764],[75.934,36.771],[75.928,36.745],[75.94,36.739],[75.966,36.745],[75.968,36.732],[75.953,36.707],[75.962,36.686],[75.992,36.714],[76.016,36.72],[76.012,36.691],[76.023,36.688],[76.029,36.675],[76.061,36.675],[76.062,36.653],[76.074,36.644],[76.102,36.64],[76.099,36.631],[76.042,36.626],[76.023,36.631],[75.982,36.661],[75.92,36.678],[75.899,36.712],[75.866,36.716],[75.82,36.758],[75.782,36.764],[75.75,36.81],[75.717,36.823],[75.692,36.847],[75.699,36.873],[75.684,36.884],[75.667,36.872],[75.66,36.847],[75.68,36.841],[75.665,36.831],[75.616,36.828],[75.604,36.805]]]}},{"type":"Feature","properties":{"sr":6},"geometry":{"type":"Polygon","coordinates":[[[76.738,36.788],[76.739,36.746],[76.747,36.745],[76.754,36.758],[76.786,36.726],[76.812,36.736],[76.818,36.695],[76.843,36.72],[76.836,36.745],[76.849,36.744],[76.865,36.72],[76.887,36.72],[76.858,36.746],[76.867,36.766],[76.891,36.746],[76.897,36.728],[76.913,36.72],[76.879,36.682],[76.894,36.669],[76.906,36.682],[76.926,36.65],[76.903,36.637],[76.875,36.656],[76.83,36.663],[76.811,36.688],[76.786,36.688],[76.749,36.716],[76.722,36.72],[76.722,36.739],[76.705,36.767],[76.709,36.777],[76.722,36.777],[76.716,36.79],[76.738,36.788]]]}},{"type":"Feature","properties":{"sr":6},"geometry":{"type":"Polygon","coordinates":[[[72.864,36.663],[72.851,36.663],[72.851,36.637],[72.839,36.644],[72.799,36.63],[72.762,36.637],[72.769,36.65],[72.756,36.669],[72.769,36.669],[72.808,36.703],[72.857,36.71],[72.864,36.707],[72.864,36.663]]]}},{"type":"Feature","properties":{"sr":6},"geometry":{"type":"Polygon","coordinates":[[[76.172,37.014],[76.204,37.018],[76.207,36.993],[76.186,36.984],[76.188,36.974],[76.193,36.969],[76.214,36.981],[76.233,36.961],[76.207,36.93],[76.229,36.925],[76.226,36.911],[76.213,36.899],[76.223,36.871],[76.26,36.869],[76.25,36.842],[76.278,36.825],[76.284,36.853],[76.298,36.87],[76.31,36.872],[76.322,36.847],[76.309,36.796],[76.341,36.803],[76.334,36.771],[76.366,36.771],[76.36,36.752],[76.404,36.764],[76.411,36.739],[76.436,36.739],[76.436,36.714],[76.468,36.714],[76.462,36.688],[76.5,36.675],[76.525,36.688],[76.524,36.655],[76.532,36.644],[76.582,36.625],[76.589,36.599],[76.605,36.62],[76.614,36.618],[76.611,36.599],[76.627,36.593],[76.627,36.574],[76.652,36.574],[76.652,36.555],[76.689,36.562],[76.709,36.548],[76.703,36.523],[76.716,36.517],[76.716,36.498],[76.698,36.498],[76.633,36.529],[76.615,36.522],[76.593,36.497],[76.57,36.498],[76.576,36.523],[76.532,36.555],[76.538,36.574],[76.522,36.603],[76.487,36.612],[76.455,36.606],[76.455,36.625],[76.431,36.631],[76.452,36.653],[76.385,36.65],[76.368,36.667],[76.373,36.682],[76.365,36.686],[76.315,36.688],[76.322,36.707],[76.29,36.72],[76.298,36.747],[76.272,36.735],[76.274,36.764],[76.264,36.777],[76.232,36.749],[76.216,36.746],[76.206,36.775],[76.229,36.795],[76.212,36.841],[76.199,36.851],[76.175,36.853],[76.182,36.873],[76.144,36.898],[76.165,36.914],[76.163,36.93],[76.15,36.936],[76.157,36.949],[76.144,36.974],[76.112,36.968],[76.093,36.987],[76.098,37.004],[76.137,36.993],[76.141,37.005],[76.129,37.03],[76.141,37.045],[76.163,37.044],[76.172,37.014]]]}},{"type":"Feature","properties":{"sr":5},"geometry":{"type":"Polygon","coordinates":[[[76.264,36.485],[76.296,36.491],[76.296,36.472],[76.315,36.504],[76.328,36.498],[76.348,36.516],[76.36,36.51],[76.341,36.472],[76.36,36.466],[76.351,36.427],[76.366,36.421],[76.385,36.428],[76.385,36.415],[76.408,36.421],[76.417,36.415],[76.411,36.396],[76.424,36.377],[76.438,36.394],[76.444,36.386],[76.455,36.389],[76.492,36.373],[76.499,36.375],[76.509,36.402],[76.522,36.396],[76.529,36.372],[76.524,36.358],[76.481,36.326],[76.449,36.326],[76.452,36.317],[76.487,36.32],[76.487,36.307],[76.502,36.295],[76.494,36.276],[76.468,36.275],[76.449,36.256],[76.474,36.242],[76.436,36.224],[76.443,36.199],[76.428,36.2],[76.398,36.224],[76.379,36.224],[76.399,36.251],[76.398,36.269],[76.338,36.278],[76.322,36.288],[76.328,36.294],[76.322,36.313],[76.347,36.331],[76.334,36.345],[76.288,36.362],[76.296,36.37],[76.347,36.364],[76.226,36.453],[76.22,36.485],[76.169,36.536],[76.183,36.553],[76.224,36.557],[76.242,36.593],[76.253,36.58],[76.266,36.586],[76.275,36.571],[76.295,36.577],[76.277,36.548],[76.277,36.517],[76.264,36.499],[76.264,36.485]]]}},{"type":"Feature","properties":{"sr":6},"geometry":{"type":"Polygon","coordinates":[[[73.619,36.532],[73.633,36.523],[73.665,36.536],[73.658,36.517],[73.681,36.484],[73.678,36.472],[73.627,36.466],[73.601,36.498],[73.557,36.491],[73.544,36.527],[73.548,36.539],[73.58,36.553],[73.589,36.536],[73.607,36.555],[73.619,36.532]]]}},{"type":"Feature","properties":{"sr":6},"geometry":{"type":"Polygon","coordinates":[[[78.292,36.453],[78.243,36.422],[78.277,36.411],[78.273,36.396],[78.281,36.382],[78.267,36.375],[78.221,36.381],[78.203,36.389],[78.197,36.409],[78.13,36.418],[78.108,36.43],[78.108,36.459],[78.12,36.479],[78.146,36.453],[78.167,36.474],[78.197,36.459],[78.216,36.466],[78.225,36.484],[78.256,36.49],[78.273,36.485],[78.292,36.453]]]}},{"type":"Feature","properties":{"sr":3},"geometry":{"type":"Polygon","coordinates":[[[72.92,36.488],[72.928,36.478],[72.943,36.525],[72.959,36.517],[72.969,36.496],[73.008,36.494],[73.029,36.451],[73.055,36.421],[73.023,36.402],[73.025,36.369],[73.006,36.369],[73.0,36.383],[72.998,36.409],[73.015,36.429],[73.01,36.434],[73.004,36.428],[72.991,36.44],[72.972,36.44],[72.972,36.453],[72.929,36.455],[72.889,36.447],[72.908,36.428],[72.891,36.426],[72.887,36.417],[72.908,36.421],[72.928,36.409],[72.928,36.395],[72.889,36.383],[72.87,36.364],[72.845,36.358],[72.826,36.363],[72.804,36.327],[72.788,36.326],[72.788,36.351],[72.709,36.365],[72.708,36.391],[72.718,36.383],[72.759,36.39],[72.789,36.381],[72.835,36.42],[72.832,36.453],[72.807,36.478],[72.832,36.485],[72.826,36.51],[72.842,36.511],[72.854,36.494],[72.87,36.523],[72.921,36.536],[72.926,36.519],[72.92,36.488]]]}},{"type":"Feature","properties":{"sr":3},"geometry":{"type":"Polygon","coordinates":[[[75.648,36.381],[75.681,36.37],[75.674,36.352],[75.648,36.332],[75.638,36.333],[75.629,36.351],[75.559,36.358],[75.534,36.377],[75.495,36.377],[75.483,36.409],[75.486,36.415],[75.51,36.416],[75.523,36.39],[75.553,36.4],[75.588,36.383],[75.602,36.388],[75.607,36.41],[75.65,36.43],[75.66,36.415],[75.648,36.381]]]}},{"type":"Feature","properties":{"sr":6},"geometry":{"type":"Polygon","coordinates":[[[73.091,36.302],[73.074,36.3],[73.074,36.275],[73.029,36.275],[73.004,36.243],[72.947,36.307],[72.945,36.321],[72.991,36.32],[72.988,36.305],[73.01,36.313],[73.017,36.3],[73.03,36.312],[73.033,36.328],[73.061,36.326],[73.09,36.317],[73.091,36.302]]]}},{"type":"Feature","properties":{"sr":6},"geometry":{"type":"Polygon","coordinates":[[[70.972,36.288],[70.997,36.291],[71.021,36.275],[71.022,36.267],[71.002,36.25],[71.025,36.227],[71.008,36.199],[71.027,36.18],[71.027,36.167],[71.04,36.151],[71.021,36.143],[71.004,36.12],[70.995,36.135],[70.975,36.123],[70.964,36.129],[70.957,36.161],[70.938,36.167],[70.951,36.186],[70.938,36.198],[70.945,36.211],[70.939,36.239],[70.953,36.258],[70.945,36.269],[70.951,36.281],[70.945,36.294],[70.952,36.299],[70.972,36.288]]]}},{"type":"Feature","properties":{"sr":6},"geometry":{"type":"Polygon","coordinates":[[[71.339,36.281],[71.364,36.269],[71.358,36.243],[71.383,36.237],[71.381,36.216],[71.408,36.224],[71.428,36.242],[71.452,36.235],[71.485,36.243],[71.51,36.199],[71.491,36.192],[71.485,36.205],[71.466,36.205],[71.466,36.218],[71.432,36.22],[71.384,36.194],[71.402,36.173],[71.377,36.173],[71.336,36.16],[71.323,36.165],[71.332,36.183],[71.313,36.192],[71.32,36.204],[71.312,36.217],[71.294,36.199],[71.237,36.192],[71.243,36.211],[71.271,36.217],[71.308,36.258],[71.297,36.283],[71.268,36.284],[71.272,36.293],[71.332,36.307],[71.339,36.281]]]}},{"type":"Feature","properties":{"sr":5},"geometry":{"type":"Polygon","coordinates":[[[79.277,36.129],[79.309,36.097],[79.34,36.115],[79.347,36.11],[79.341,36.097],[79.354,36.091],[79.356,36.078],[79.365,36.087],[79.354,36.116],[79.379,36.103],[79.404,36.103],[79.417,36.051],[79.434,36.048],[79.446,36.057],[79.444,36.071],[79.409,36.104],[79.423,36.112],[79.476,36.078],[79.5,36.04],[79.528,36.036],[79.519,36.002],[79.496,36.006],[79.506,35.989],[79.539,35.999],[79.54,35.976],[79.489,35.964],[79.477,35.954],[79.484,35.949],[79.519,35.957],[79.521,35.948],[79.506,35.938],[79.519,35.894],[79.557,35.951],[79.576,35.945],[79.589,35.976],[79.604,35.963],[79.615,35.907],[79.658,35.961],[79.671,35.951],[79.664,35.923],[79.649,35.904],[79.627,35.894],[79.627,35.875],[79.608,35.858],[79.608,35.849],[79.633,35.849],[79.639,35.834],[79.685,35.834],[79.692,35.848],[79.678,35.875],[79.716,35.881],[79.722,35.862],[79.752,35.873],[79.76,35.868],[79.76,35.849],[79.741,35.836],[79.741,35.805],[79.665,35.779],[79.671,35.754],[79.633,35.741],[79.633,35.76],[79.608,35.754],[79.601,35.773],[79.563,35.798],[79.551,35.836],[79.458,35.841],[79.427,35.881],[79.394,35.905],[79.411,35.938],[79.43,35.951],[79.425,35.975],[79.443,35.986],[79.435,35.996],[79.392,35.995],[79.372,35.977],[79.363,35.947],[79.344,35.939],[79.341,35.957],[79.328,35.951],[79.31,35.989],[79.281,35.992],[79.288,36.034],[79.277,36.053],[79.252,36.059],[79.22,36.04],[79.201,36.072],[79.154,36.072],[79.142,36.088],[79.163,36.11],[79.195,36.103],[79.205,36.117],[79.235,36.112],[79.247,36.09],[79.254,36.095],[79.252,36.123],[79.264,36.11],[79.277,36.129]]]}},{"type":"Feature","properties":{"sr":5},"geometry":{"type":"Polygon","coordinates":[[[72.692,36.008],[72.686,35.976],[72.673,35.976],[72.686,35.951],[72.673,35.951],[72.673,35.939],[72.688,35.924],[72.686,35.913],[72.667,35.899],[72.654,35.874],[72.667,35.868],[72.667,35.856],[72.699,35.856],[72.699,35.824],[72.661,35.83],[72.635,35.856],[72.584,35.862],[72.554,35.904],[72.533,35.9],[72.514,35.925],[72.495,35.856],[72.476,35.849],[72.457,35.83],[72.425,35.83],[72.425,35.811],[72.413,35.786],[72.375,35.773],[72.375,35.754],[72.343,35.76],[72.317,35.754],[72.292,35.767],[72.269,35.768],[72.22,35.759],[72.188,35.742],[72.178,35.748],[72.171,35.767],[72.139,35.76],[72.127,35.791],[72.111,35.761],[72.091,35.775],[72.089,35.786],[72.101,35.798],[72.114,35.792],[72.095,35.824],[72.127,35.811],[72.12,35.837],[72.127,35.856],[72.135,35.859],[72.15,35.851],[72.159,35.89],[72.173,35.886],[72.19,35.862],[72.196,35.872],[72.19,35.906],[72.203,35.906],[72.198,35.927],[72.209,35.938],[72.194,35.975],[72.197,35.983],[72.207,35.984],[72.214,35.975],[72.229,35.938],[72.279,35.989],[72.289,35.987],[72.324,35.945],[72.295,35.925],[72.311,35.894],[72.285,35.906],[72.279,35.887],[72.254,35.881],[72.248,35.868],[72.229,35.868],[72.222,35.849],[72.197,35.843],[72.203,35.824],[72.19,35.824],[72.19,35.805],[72.171,35.805],[72.199,35.787],[72.207,35.796],[72.206,35.811],[72.222,35.81],[72.222,35.835],[72.252,35.856],[72.285,35.849],[72.3,35.878],[72.317,35.881],[72.324,35.849],[72.343,35.856],[72.355,35.843],[72.349,35.862],[72.362,35.862],[72.343,35.9],[72.387,35.9],[72.366,35.93],[72.368,35.945],[72.378,35.949],[72.413,35.941],[72.411,35.929],[72.426,35.916],[72.419,35.9],[72.438,35.881],[72.451,35.906],[72.479,35.893],[72.487,35.897],[72.498,35.909],[72.474,35.904],[72.468,35.914],[72.482,35.938],[72.451,35.945],[72.464,35.957],[72.448,35.98],[72.451,35.989],[72.459,35.991],[72.481,35.967],[72.491,35.977],[72.502,35.97],[72.514,35.983],[72.533,35.983],[72.56,36.011],[72.574,35.988],[72.578,35.957],[72.565,35.945],[72.595,35.908],[72.614,35.903],[72.622,35.913],[72.615,35.96],[72.644,35.941],[72.641,35.964],[72.661,35.983],[72.646,36.007],[72.648,36.014],[72.667,36.014],[72.697,36.037],[72.709,36.027],[72.692,36.008]]]}},{"type":"Feature","properties":{"sr":6},"geometry":{"type":"Polygon","coordinates":[[[71.109,35.899],[71.141,35.887],[71.141,35.868],[71.199,35.856],[71.208,35.835],[71.18,35.824],[71.18,35.836],[71.104,35.83],[71.11,35.849],[71.091,35.843],[71.091,35.856],[71.078,35.856],[71.064,35.869],[71.072,35.843],[71.046,35.836],[71.046,35.815],[71.032,35.811],[71.0,35.848],[71.002,35.875],[71.027,35.881],[71.04,35.894],[71.059,35.881],[71.068,35.897],[71.078,35.9],[71.041,35.922],[71.065,35.945],[71.072,35.964],[71.097,35.97],[71.123,35.989],[71.128,35.984],[71.123,35.964],[71.143,35.945],[71.126,35.936],[71.145,35.928],[71.148,35.919],[71.11,35.913],[71.109,35.899]]]}},{"type":"Feature","properties":{"sr":3},"geometry":{"type":"Polygon","coordinates":[[[77.172,35.951],[77.212,35.919],[77.233,35.933],[77.231,35.881],[77.262,35.854],[77.282,35.856],[77.302,35.846],[77.316,35.865],[77.384,35.862],[77.364,35.83],[77.338,35.809],[77.262,35.805],[77.243,35.83],[77.186,35.843],[77.142,35.887],[77.104,35.9],[77.104,35.919],[77.085,35.961],[77.125,35.96],[77.139,35.999],[77.156,36.005],[77.172,35.951]]]}},{"type":"Feature","properties":{"sr":3},"geometry":{"type":"Polygon","coordinates":[[[74.955,35.889],[74.981,35.894],[74.981,35.875],[75.0,35.866],[75.0,35.856],[74.955,35.836],[74.993,35.811],[75.025,35.811],[75.063,35.767],[75.025,35.786],[74.987,35.786],[74.967,35.806],[74.962,35.805],[74.97,35.745],[74.942,35.741],[74.936,35.754],[74.918,35.759],[74.916,35.791],[74.892,35.773],[74.879,35.805],[74.887,35.818],[74.826,35.796],[74.809,35.798],[74.841,35.836],[74.841,35.856],[74.866,35.849],[74.891,35.854],[74.936,35.875],[74.86,35.886],[74.842,35.908],[74.879,35.9],[74.945,35.91],[74.955,35.889]]]}},{"type":"Feature","properties":{"sr":3},"geometry":{"type":"Polygon","coordinates":[[[77.49,35.79],[77.498,35.773],[77.523,35.786],[77.529,35.754],[77.548,35.76],[77.548,35.703],[77.6,35.701],[77.555,35.684],[77.572,35.655],[77.569,35.638],[77.536,35.633],[77.517,35.608],[77.488,35.605],[77.396,35.62],[77.326,35.652],[77.339,35.664],[77.408,35.644],[77.428,35.646],[77.428,35.654],[77.396,35.659],[77.377,35.697],[77.358,35.69],[77.348,35.714],[77.322,35.729],[77.326,35.761],[77.345,35.773],[77.364,35.773],[77.364,35.79],[77.37,35.792],[77.415,35.754],[77.418,35.764],[77.393,35.801],[77.428,35.8],[77.447,35.824],[77.447,35.856],[77.472,35.843],[77.459,35.817],[77.49,35.79]]]}},{"type":"Feature","properties":{"sr":6},"geometry":{"type":"Polygon","coordinates":[[[79.976,35.697],[79.989,35.703],[80.008,35.69],[80.02,35.702],[80.038,35.701],[80.053,35.678],[80.11,35.669],[80.116,35.652],[80.109,35.607],[80.095,35.583],[80.084,35.576],[79.95,35.563],[79.926,35.576],[79.9,35.659],[79.913,35.659],[79.907,35.684],[79.919,35.678],[79.926,35.69],[79.951,35.697],[79.961,35.712],[79.976,35.697]]]}},{"type":"Feature","properties":{"sr":3},"geometry":{"type":"Polygon","coordinates":[[[81.271,35.305],[81.267,35.283],[81.216,35.309],[81.235,35.264],[81.216,35.256],[81.197,35.283],[81.165,35.283],[81.178,35.258],[81.209,35.227],[81.209,35.214],[81.19,35.214],[81.186,35.194],[81.152,35.226],[81.109,35.212],[81.08,35.229],[81.059,35.201],[81.038,35.201],[81.034,35.209],[81.057,35.233],[81.038,35.245],[81.025,35.226],[81.0,35.233],[80.975,35.212],[80.955,35.233],[80.943,35.207],[80.918,35.203],[80.891,35.207],[80.879,35.22],[80.828,35.207],[80.825,35.233],[80.815,35.24],[80.803,35.219],[80.815,35.214],[80.823,35.198],[80.81,35.192],[80.777,35.207],[80.733,35.201],[80.676,35.233],[80.625,35.22],[80.62,35.229],[80.633,35.25],[80.604,35.256],[80.593,35.277],[80.606,35.309],[80.599,35.334],[80.587,35.302],[80.579,35.302],[80.567,35.315],[80.536,35.31],[80.523,35.315],[80.517,35.341],[80.472,35.33],[80.447,35.347],[80.446,35.354],[80.459,35.36],[80.459,35.392],[80.418,35.38],[80.409,35.398],[80.409,35.423],[80.395,35.423],[80.382,35.402],[80.37,35.404],[80.345,35.461],[80.313,35.455],[80.301,35.512],[80.255,35.499],[80.243,35.506],[80.243,35.518],[80.269,35.55],[80.269,35.576],[80.282,35.589],[80.256,35.627],[80.243,35.633],[80.243,35.646],[80.217,35.662],[80.218,35.671],[80.269,35.671],[80.294,35.639],[80.294,35.62],[80.326,35.601],[80.336,35.548],[80.311,35.51],[80.326,35.512],[80.339,35.531],[80.364,35.531],[80.377,35.55],[80.389,35.544],[80.378,35.573],[80.386,35.582],[80.453,35.576],[80.498,35.595],[80.514,35.575],[80.545,35.565],[80.533,35.593],[80.57,35.579],[80.557,35.611],[80.562,35.625],[80.575,35.63],[80.599,35.62],[80.612,35.601],[80.675,35.591],[80.663,35.57],[80.637,35.57],[80.644,35.55],[80.695,35.57],[80.695,35.55],[80.714,35.539],[80.732,35.505],[80.747,35.5],[80.764,35.512],[80.764,35.493],[80.774,35.498],[80.771,35.519],[80.783,35.519],[80.79,35.563],[80.828,35.556],[80.841,35.525],[80.853,35.533],[80.842,35.559],[80.847,35.57],[80.864,35.569],[80.874,35.545],[80.896,35.565],[80.909,35.565],[80.962,35.544],[80.966,35.525],[80.97,35.547],[80.981,35.544],[80.993,35.563],[81.019,35.57],[81.058,35.596],[81.076,35.595],[81.09,35.571],[81.079,35.557],[81.095,35.539],[81.102,35.54],[81.113,35.569],[81.127,35.55],[81.171,35.563],[81.171,35.55],[81.19,35.557],[81.19,35.544],[81.226,35.54],[81.248,35.525],[81.241,35.512],[81.254,35.487],[81.26,35.5],[81.292,35.506],[81.273,35.519],[81.28,35.55],[81.305,35.55],[81.311,35.563],[81.324,35.562],[81.337,35.538],[81.368,35.531],[81.375,35.512],[81.394,35.506],[81.375,35.442],[81.405,35.45],[81.426,35.417],[81.445,35.423],[81.452,35.407],[81.464,35.404],[81.498,35.434],[81.525,35.425],[81.542,35.437],[81.546,35.468],[81.537,35.553],[81.553,35.563],[81.578,35.57],[81.597,35.557],[81.623,35.563],[81.636,35.525],[81.661,35.525],[81.667,35.538],[81.698,35.528],[81.712,35.564],[81.743,35.57],[81.742,35.545],[81.75,35.538],[81.778,35.539],[81.782,35.531],[81.777,35.522],[81.737,35.5],[81.731,35.487],[81.718,35.487],[81.718,35.474],[81.705,35.474],[81.705,35.455],[81.686,35.449],[81.674,35.43],[81.654,35.43],[81.654,35.411],[81.629,35.411],[81.623,35.385],[81.572,35.349],[81.569,35.334],[81.553,35.315],[81.584,35.305],[81.584,35.277],[81.565,35.277],[81.534,35.245],[81.554,35.219],[81.54,35.214],[81.527,35.22],[81.489,35.201],[81.434,35.209],[81.413,35.222],[81.4,35.239],[81.431,35.262],[81.4,35.271],[81.412,35.287],[81.4,35.283],[81.388,35.291],[81.394,35.303],[81.419,35.315],[81.411,35.32],[81.381,35.315],[81.343,35.322],[81.337,35.296],[81.303,35.309],[81.271,35.305]]]}},{"type":"Feature","properties":{"sr":6},"geometry":{"type":"Polygon","coordinates":[[[72.685,35.42],[72.737,35.417],[72.743,35.392],[72.756,35.385],[72.779,35.388],[72.788,35.379],[72.776,35.35],[72.78,35.325],[72.765,35.299],[72.749,35.306],[72.743,35.328],[72.711,35.309],[72.673,35.328],[72.677,35.336],[72.705,35.334],[72.743,35.356],[72.716,35.394],[72.661,35.398],[72.662,35.432],[72.678,35.437],[72.685,35.42]]]}},{"type":"Feature","properties":{"sr":5},"geometry":{"type":"Polygon","coordinates":[[[78.247,34.997],[78.267,35.004],[78.286,34.991],[78.317,35.01],[78.356,34.985],[78.378,35.007],[78.387,35.004],[78.387,34.991],[78.441,34.996],[78.451,34.985],[78.445,34.972],[78.464,34.959],[78.457,34.94],[78.521,34.934],[78.522,34.926],[78.502,34.921],[78.521,34.851],[78.483,34.87],[78.459,34.853],[78.457,34.87],[78.441,34.875],[78.436,34.892],[78.419,34.87],[78.445,34.851],[78.445,34.839],[78.46,34.818],[78.454,34.79],[78.416,34.761],[78.393,34.765],[78.381,34.775],[78.349,34.775],[78.337,34.794],[78.317,34.8],[78.317,34.808],[78.33,34.813],[78.33,34.839],[78.349,34.832],[78.362,34.839],[78.362,34.826],[78.381,34.839],[78.381,34.82],[78.387,34.832],[78.407,34.832],[78.407,34.841],[78.387,34.851],[78.387,34.883],[78.394,34.887],[78.386,34.898],[78.407,34.896],[78.438,34.931],[78.407,34.921],[78.343,34.934],[78.337,34.909],[78.326,34.911],[78.293,34.935],[78.301,34.967],[78.242,34.975],[78.232,34.964],[78.254,34.953],[78.254,34.934],[78.267,34.934],[78.261,34.921],[78.279,34.921],[78.286,34.896],[78.305,34.902],[78.311,34.889],[78.324,34.889],[78.324,34.877],[78.352,34.873],[78.349,34.864],[78.325,34.86],[78.203,34.87],[78.184,34.877],[78.159,34.928],[78.114,34.947],[78.124,34.959],[78.163,34.954],[78.152,34.966],[78.057,35.004],[78.061,35.016],[78.108,35.01],[78.151,35.017],[78.201,34.998],[78.209,35.004],[78.209,35.023],[78.235,35.017],[78.247,34.997]]]}},{"type":"Feature","properties":{"sr":5},"geometry":{"type":"Polygon","coordinates":[[[78.448,34.217],[78.458,34.21],[78.511,34.235],[78.527,34.216],[78.576,34.258],[78.597,34.254],[78.603,34.209],[78.617,34.19],[78.639,34.227],[78.661,34.24],[78.693,34.222],[78.697,34.208],[78.682,34.201],[78.68,34.19],[78.699,34.171],[78.673,34.139],[78.635,34.127],[78.637,34.114],[78.68,34.127],[78.686,34.108],[78.715,34.128],[78.737,34.108],[78.769,34.133],[78.782,34.133],[78.801,34.165],[78.824,34.156],[78.826,34.171],[78.864,34.197],[78.869,34.209],[78.864,34.235],[78.898,34.255],[78.892,34.23],[78.902,34.209],[78.902,34.184],[78.913,34.18],[78.922,34.201],[78.934,34.203],[78.934,34.19],[78.953,34.216],[78.959,34.197],[78.985,34.203],[79.017,34.178],[79.042,34.178],[79.036,34.158],[79.05,34.147],[79.099,34.139],[79.09,34.128],[79.039,34.112],[79.017,34.114],[78.991,34.152],[78.975,34.147],[78.962,34.118],[78.959,34.05],[78.943,34.051],[78.933,34.072],[78.93,34.1],[78.94,34.133],[78.931,34.136],[78.89,34.12],[78.879,34.126],[78.874,34.113],[78.882,34.036],[78.876,34.026],[78.864,34.025],[78.861,34.088],[78.84,34.095],[78.845,34.073],[78.839,34.063],[78.815,34.067],[78.804,34.122],[78.782,34.101],[78.769,34.076],[78.717,34.067],[78.711,34.05],[78.743,34.05],[78.743,34.031],[78.769,34.031],[78.756,34.019],[78.765,34.013],[78.807,34.012],[78.803,34.0],[78.762,33.993],[78.756,33.981],[78.718,34.006],[78.693,34.006],[78.661,34.019],[78.603,34.012],[78.601,34.021],[78.616,34.044],[78.597,34.114],[78.533,34.127],[78.495,34.158],[78.468,34.153],[78.41,34.118],[78.394,34.101],[78.387,34.076],[78.349,34.101],[78.335,34.091],[78.325,34.061],[78.305,34.063],[78.292,34.076],[78.227,34.077],[78.222,34.095],[78.248,34.095],[78.248,34.12],[78.292,34.127],[78.292,34.146],[78.305,34.146],[78.305,34.197],[78.317,34.197],[78.322,34.209],[78.317,34.241],[78.325,34.246],[78.343,34.235],[78.349,34.254],[78.4,34.279],[78.436,34.275],[78.445,34.273],[78.448,34.256],[78.464,34.254],[78.448,34.217]]]}},{"type":"Feature","properties":{"sr":5},"geometry":{"type":"Polygon","coordinates":[[[77.881,34.298],[77.987,34.267],[77.993,34.248],[78.018,34.263],[78.032,34.254],[78.031,34.246],[78.006,34.228],[78.01,34.222],[78.038,34.222],[78.051,34.209],[78.089,34.209],[78.101,34.152],[78.089,34.158],[78.068,34.142],[78.051,34.171],[78.019,34.171],[77.975,34.201],[77.958,34.204],[77.898,34.158],[77.882,34.134],[77.911,34.139],[77.924,34.152],[77.938,34.152],[77.936,34.133],[77.98,34.143],[77.996,34.13],[77.986,34.107],[77.924,34.101],[77.955,34.076],[78.036,34.093],[78.063,34.089],[78.076,34.07],[78.082,34.044],[77.981,34.038],[77.96,34.024],[77.955,34.006],[78.022,33.969],[78.025,33.949],[78.012,33.942],[78.017,33.926],[78.034,33.908],[78.057,33.917],[78.071,33.86],[78.07,33.917],[78.095,33.917],[78.112,33.93],[78.127,33.93],[78.131,33.923],[78.152,33.931],[78.159,33.923],[78.155,33.914],[78.105,33.88],[78.178,33.879],[78.166,33.858],[78.145,33.843],[78.178,33.841],[78.171,33.803],[78.184,33.81],[78.202,33.848],[78.212,33.852],[78.247,33.822],[78.254,33.828],[78.254,33.847],[78.283,33.832],[78.286,33.796],[78.222,33.752],[78.216,33.726],[78.226,33.727],[78.261,33.764],[78.27,33.764],[78.273,33.745],[78.301,33.741],[78.299,33.72],[78.286,33.707],[78.298,33.707],[78.324,33.739],[78.348,33.737],[78.343,33.707],[78.288,33.662],[78.299,33.637],[78.318,33.629],[78.309,33.609],[78.279,33.605],[78.217,33.57],[78.196,33.567],[78.203,33.599],[78.243,33.64],[78.246,33.675],[78.235,33.688],[78.207,33.692],[78.157,33.665],[78.133,33.663],[78.12,33.694],[78.163,33.712],[78.171,33.72],[78.166,33.727],[78.127,33.752],[78.12,33.777],[78.082,33.771],[78.07,33.803],[78.038,33.796],[78.038,33.809],[78.006,33.809],[77.993,33.822],[77.974,33.822],[77.968,33.866],[77.917,33.917],[77.924,33.955],[77.911,33.987],[77.917,34.019],[77.897,34.036],[77.852,34.054],[77.815,34.101],[77.777,34.108],[77.778,34.122],[77.793,34.147],[77.803,34.152],[77.834,34.146],[77.867,34.184],[77.872,34.248],[77.921,34.226],[77.936,34.235],[77.933,34.252],[77.872,34.286],[77.881,34.298]]]}},{"type":"Feature","properties":{"sr":6},"geometry":{"type":"Polygon","coordinates":[[[78.457,32.214],[78.438,32.201],[78.457,32.188],[78.441,32.159],[78.479,32.142],[78.463,32.108],[78.439,32.108],[78.418,32.136],[78.4,32.146],[78.407,32.168],[78.395,32.183],[78.375,32.188],[78.345,32.171],[78.355,32.202],[78.39,32.205],[78.4,32.22],[78.397,32.234],[78.438,32.249],[78.451,32.239],[78.457,32.214]]]}},{"type":"Feature","properties":{"sr":5},"geometry":{"type":"Polygon","coordinates":[[[77.755,32.391],[77.784,32.412],[77.809,32.411],[77.834,32.398],[77.892,32.405],[77.904,32.398],[77.893,32.368],[77.872,32.36],[77.822,32.366],[77.758,32.29],[77.752,32.258],[77.774,32.26],[77.827,32.311],[77.847,32.315],[77.834,32.283],[77.8,32.24],[77.796,32.221],[77.803,32.207],[77.847,32.232],[77.879,32.283],[77.924,32.291],[77.939,32.283],[77.917,32.271],[77.918,32.257],[77.937,32.239],[77.936,32.226],[77.917,32.226],[77.885,32.182],[77.844,32.164],[77.834,32.15],[77.834,32.124],[77.798,32.081],[77.841,32.074],[77.831,32.047],[77.772,32.038],[77.714,32.042],[77.688,32.055],[77.676,32.042],[77.618,32.086],[77.561,32.061],[77.548,32.074],[77.504,32.074],[77.495,32.125],[77.473,32.147],[77.498,32.182],[77.465,32.17],[77.453,32.175],[77.466,32.252],[77.504,32.258],[77.513,32.228],[77.542,32.267],[77.555,32.27],[77.568,32.252],[77.58,32.194],[77.593,32.169],[77.618,32.163],[77.637,32.169],[77.688,32.15],[77.616,32.209],[77.593,32.252],[77.637,32.226],[77.632,32.289],[77.637,32.309],[77.663,32.322],[77.704,32.308],[77.714,32.315],[77.682,32.36],[77.644,32.353],[77.64,32.366],[77.682,32.385],[77.682,32.407],[77.695,32.423],[77.737,32.412],[77.755,32.391]]]}},{"type":"Feature","properties":{"sr":6},"geometry":{"type":"Polygon","coordinates":[[[79.571,32.378],[79.571,32.406],[79.603,32.423],[79.614,32.423],[79.62,32.398],[79.639,32.385],[79.659,32.403],[79.671,32.398],[79.703,32.347],[79.703,32.296],[79.729,32.302],[79.76,32.277],[79.778,32.283],[79.786,32.277],[79.782,32.24],[79.803,32.201],[79.817,32.206],[79.83,32.225],[79.847,32.214],[79.846,32.193],[79.83,32.175],[79.856,32.169],[79.856,32.15],[79.868,32.15],[79.859,32.123],[79.87,32.118],[79.9,32.124],[79.912,32.095],[79.913,32.086],[79.862,32.08],[79.893,32.058],[79.973,32.052],[79.983,32.036],[79.982,32.029],[79.951,32.029],[79.925,32.017],[79.945,32.01],[79.938,31.997],[79.957,31.991],[79.951,31.978],[79.983,31.953],[79.988,31.925],[79.981,31.904],[79.965,31.897],[79.938,31.908],[79.863,31.983],[79.862,31.997],[79.891,32.007],[79.84,32.043],[79.83,32.067],[79.798,32.099],[79.798,32.131],[79.773,32.163],[79.792,32.163],[79.782,32.182],[79.736,32.218],[79.722,32.239],[79.722,32.264],[79.695,32.27],[79.669,32.245],[79.659,32.245],[79.653,32.266],[79.66,32.324],[79.652,32.341],[79.633,32.341],[79.633,32.36],[79.62,32.362],[79.616,32.347],[79.601,32.341],[79.577,32.347],[79.569,32.323],[79.545,32.335],[79.506,32.372],[79.517,32.437],[79.544,32.48],[79.552,32.468],[79.56,32.388],[79.571,32.378]]]}},{"type":"Feature","properties":{"sr":5},"geometry":{"type":"Polygon","coordinates":[[[77.541,31.95],[77.517,31.915],[77.526,31.909],[77.568,31.908],[77.575,31.93],[77.593,31.934],[77.637,31.927],[77.625,31.902],[77.66,31.902],[77.677,31.89],[77.684,31.905],[77.695,31.908],[77.695,31.889],[77.752,31.889],[77.758,31.858],[77.772,31.844],[77.771,31.832],[77.752,31.832],[77.777,31.8],[77.79,31.8],[77.795,31.789],[77.822,31.794],[77.834,31.781],[77.834,31.749],[77.854,31.788],[77.887,31.773],[77.898,31.756],[77.892,31.743],[77.898,31.731],[77.924,31.714],[77.962,31.711],[77.958,31.688],[77.934,31.686],[77.879,31.699],[77.854,31.686],[77.735,31.692],[77.695,31.686],[77.645,31.648],[77.594,31.659],[77.586,31.673],[77.64,31.693],[77.65,31.705],[77.637,31.724],[77.612,31.718],[77.621,31.746],[77.695,31.753],[77.715,31.762],[77.726,31.781],[77.682,31.762],[77.67,31.825],[77.599,31.851],[77.572,31.829],[77.555,31.832],[77.538,31.847],[77.547,31.867],[77.523,31.87],[77.517,31.883],[77.485,31.877],[77.465,31.884],[77.453,31.927],[77.479,31.927],[77.472,31.953],[77.498,31.953],[77.526,31.972],[77.541,31.95]]]}},{"type":"Feature","properties":{"sr":5},"geometry":{"type":"Polygon","coordinates":[[[78.412,31.275],[78.43,31.275],[78.464,31.292],[78.464,31.267],[78.498,31.333],[78.508,31.33],[78.51,31.32],[78.489,31.273],[78.496,31.269],[78.54,31.273],[78.553,31.25],[78.61,31.267],[78.603,31.241],[78.616,31.254],[78.635,31.254],[78.655,31.275],[78.667,31.273],[78.661,31.254],[78.667,31.228],[78.655,31.209],[78.618,31.195],[78.61,31.171],[78.627,31.155],[78.627,31.129],[78.62,31.122],[78.589,31.125],[78.577,31.118],[78.591,31.097],[78.591,31.069],[78.623,31.076],[78.616,31.057],[78.642,31.044],[78.636,31.034],[78.61,31.024],[78.603,31.012],[78.624,30.995],[78.617,30.982],[78.559,30.968],[78.536,30.985],[78.521,30.961],[78.512,30.968],[78.508,31.0],[78.47,30.999],[78.47,31.012],[78.481,31.017],[78.516,31.014],[78.533,31.019],[78.546,31.033],[78.543,31.047],[78.515,31.069],[78.483,31.063],[78.439,31.085],[78.438,31.095],[78.448,31.097],[78.476,31.082],[78.506,31.08],[78.532,31.089],[78.489,31.095],[78.487,31.103],[78.502,31.127],[78.464,31.127],[78.419,31.146],[78.417,31.157],[78.438,31.184],[78.438,31.206],[78.448,31.214],[78.471,31.215],[78.47,31.235],[78.385,31.199],[78.368,31.184],[78.305,31.177],[78.301,31.187],[78.343,31.197],[78.343,31.216],[78.356,31.241],[78.34,31.247],[78.286,31.241],[78.29,31.252],[78.305,31.254],[78.267,31.26],[78.267,31.279],[78.235,31.279],[78.223,31.288],[78.247,31.299],[78.292,31.292],[78.324,31.305],[78.33,31.292],[78.362,31.305],[78.413,31.289],[78.412,31.275]]]}},{"type":"Feature","properties":{"sr":5},"geometry":{"type":"Polygon","coordinates":[[[78.413,31.289],[78.413,31.292],[78.415,31.289],[78.413,31.289]]]}},{"type":"Feature","properties":{"sr":6},"geometry":{"type":"Polygon","coordinates":[[[78.902,31.336],[78.858,31.286],[78.825,31.277],[78.82,31.267],[78.846,31.253],[78.845,31.235],[78.807,31.235],[78.82,31.222],[78.801,31.197],[78.757,31.19],[78.713,31.2],[78.693,31.228],[78.709,31.225],[78.704,31.236],[78.724,31.241],[78.724,31.254],[78.75,31.26],[78.745,31.27],[78.724,31.273],[78.724,31.286],[78.759,31.297],[78.748,31.338],[78.753,31.345],[78.794,31.34],[78.812,31.373],[78.829,31.386],[78.84,31.388],[78.842,31.379],[78.826,31.328],[78.832,31.317],[78.839,31.343],[78.864,31.368],[78.864,31.394],[78.896,31.387],[78.902,31.336]]]}},{"type":"Feature","properties":{"sr":3},"geometry":{"type":"Polygon","coordinates":[[[79.125,31.076],[79.124,31.035],[79.137,31.031],[79.157,31.082],[79.195,31.089],[79.198,31.058],[79.211,31.033],[79.244,31.018],[79.256,31.048],[79.285,31.043],[79.293,31.055],[79.288,31.076],[79.315,31.082],[79.322,31.076],[79.347,31.089],[79.38,31.069],[79.379,31.057],[79.366,31.05],[79.366,31.025],[79.354,31.019],[79.379,31.0],[79.385,30.981],[79.398,30.974],[79.398,30.961],[79.449,30.911],[79.442,30.879],[79.458,30.835],[79.455,30.815],[79.424,30.802],[79.417,30.777],[79.373,30.777],[79.347,30.758],[79.303,30.756],[79.294,30.731],[79.31,30.739],[79.334,30.739],[79.341,30.726],[79.366,30.714],[79.36,30.675],[79.367,30.668],[79.411,30.669],[79.411,30.63],[79.398,30.599],[79.334,30.605],[79.309,30.637],[79.288,30.644],[79.284,30.649],[79.298,30.678],[79.271,30.688],[79.271,30.707],[79.252,30.723],[79.226,30.733],[79.188,30.726],[79.176,30.752],[79.131,30.745],[79.131,30.777],[79.15,30.777],[79.131,30.802],[79.112,30.771],[79.08,30.758],[79.074,30.739],[79.042,30.753],[79.051,30.724],[79.046,30.712],[79.026,30.728],[78.983,30.72],[78.947,30.726],[78.944,30.736],[78.972,30.745],[78.958,30.778],[78.933,30.787],[78.883,30.783],[78.864,30.796],[78.839,30.79],[78.832,30.834],[78.8,30.813],[78.788,30.815],[78.794,30.828],[78.785,30.852],[78.815,30.871],[78.794,30.879],[78.782,30.872],[78.778,30.881],[78.807,30.911],[78.832,30.911],[78.813,30.936],[78.788,30.936],[78.762,30.987],[78.767,30.991],[78.832,30.981],[78.851,30.961],[78.858,30.974],[78.896,30.968],[78.883,30.949],[78.909,30.93],[78.94,30.936],[78.94,30.917],[78.966,30.963],[78.985,30.974],[78.993,30.974],[78.997,30.961],[79.023,30.968],[79.01,30.949],[79.042,30.961],[79.042,30.93],[79.059,30.931],[79.073,30.947],[79.079,30.968],[79.068,30.987],[79.029,30.993],[79.029,31.006],[79.017,31.006],[79.023,31.031],[79.006,31.04],[79.009,31.055],[79.025,31.064],[79.042,31.063],[79.068,31.044],[79.068,31.063],[79.093,31.057],[79.074,31.095],[79.088,31.098],[79.102,31.096],[79.125,31.076]]]}},{"type":"Feature","properties":{"sr":5},"geometry":{"type":"Polygon","coordinates":[[[81.057,30.205],[81.082,30.192],[81.095,30.173],[81.115,30.168],[81.108,30.141],[81.134,30.141],[81.12,30.11],[81.145,30.126],[81.155,30.121],[81.153,30.114],[81.175,30.105],[81.171,30.059],[81.159,30.053],[81.165,30.04],[81.178,30.059],[81.203,30.065],[81.201,30.05],[81.177,30.021],[81.159,30.021],[81.152,29.97],[81.133,29.919],[81.12,29.92],[81.11,29.93],[81.095,30.008],[81.089,29.995],[81.076,29.995],[81.071,29.951],[81.046,29.937],[81.101,29.923],[81.07,29.906],[81.077,29.888],[81.076,29.881],[81.057,29.875],[81.063,29.855],[81.108,29.875],[81.114,29.83],[81.144,29.842],[81.152,29.83],[81.148,29.819],[81.114,29.798],[81.109,29.771],[81.102,29.767],[81.082,29.792],[81.063,29.792],[81.051,29.817],[81.006,29.824],[80.993,29.849],[80.963,29.841],[80.95,29.853],[80.946,29.873],[80.955,29.889],[80.974,29.881],[81.003,29.903],[80.968,29.919],[80.963,29.929],[81.0,29.957],[80.986,29.99],[80.922,29.988],[80.904,29.995],[80.93,29.964],[80.908,29.947],[80.889,29.946],[80.892,29.916],[80.825,29.916],[80.818,29.939],[80.854,29.97],[80.86,30.002],[80.848,30.029],[80.854,30.04],[80.879,30.033],[80.866,30.059],[80.872,30.073],[80.885,30.065],[80.891,30.046],[80.904,30.062],[80.93,30.053],[80.962,30.072],[80.962,30.046],[80.974,30.053],[80.974,30.072],[81.012,30.059],[81.019,30.04],[81.027,30.043],[81.019,30.065],[81.051,30.059],[81.04,30.088],[81.075,30.083],[81.07,30.097],[81.057,30.103],[81.07,30.129],[81.051,30.157],[81.019,30.173],[81.0,30.154],[80.97,30.187],[80.974,30.218],[81.0,30.211],[81.047,30.237],[81.073,30.226],[81.057,30.205]]]}}]}