{"type":"FeatureCollection","features":[{"type":"Feature","properties":{"sr":null},"geometry":{"type":"MultiPolygon","coordinates":[[[[30.0,-20.0],[30.0,60.0],[130.0,60.0],[130.0,-20.0],[30.0,-20.0]],[[105.01,9.873],[105.01,9.874],[105.01,9.875],[105.01,9.876],[105.009,9.877],[105.009,9.878],[105.008,9.879],[105.008,9.879],[105.007,9.88],[105.006,9.881],[105.005,9.881],[105.005,9.882],[105.004,9.882],[105.003,9.883],[105.002,9.883],[105.001,9.883],[105.0,9.883],[104.999,9.883],[104.998,9.883],[104.997,9.882],[104.996,9.882],[104.995,9.882],[104.898,9.825],[104.897,9.824],[104.896,9.823],[104.896,9.823],[104.895,9.822],[104.895,9.821],[104.894,9.82],[104.894,9.82],[104.893,9.819],[104.835,9.609],[104.835,9.608],[104.835,9.606],[104.809,8.802],[104.809,8.801],[104.809,8.8],[104.809,8.799],[104.81,8.798],[104.81,8.798],[104.811,8.797],[104.811,8.796],[104.812,8.795],[104.812,8.794],[104.813,8.794],[104.881,8.745],[104.762,8.604],[104.762,8.604],[104.761,8.603],[104.761,8.602],[104.76,8.601],[104.76,8.6],[104.76,8.599],[104.76,8.598],[104.76,8.597],[104.76,8.596],[104.76,8.595],[104.761,8.595],[104.761,8.594],[104.761,8.593],[104.762,8.592],[104.763,8.591],[104.763,8.591],[104.764,8.59],[104.765,8.589],[104.766,8.589],[104.767,8.589],[104.767,8.588],[104.768,8.588],[104.769,8.588],[104.77,8.588],[105.0,8.596],[105.001,8.596],[105.002,8.596],[105.003,8.597],[105.004,8.597],[105.005,8.597],[105.006,8.598],[105.006,8.598],[105.007,8.599],[105.008,8.6],[105.008,8.601],[105.009,8.601],[105.009,8.602],[105.01,8.603],[105.01,8.604],[105.01,8.605],[105.01,8.606],[105.01,9.873]],[[89.908,22.115],[89.908,22.114],[89.909,22.112],[89.945,22.019],[89.945,22.018],[89.946,22.018],[89.946,22.017],[89.947,22.016],[89.948,22.015],[89.948,22.015],[89.949,22.014],[89.95,22.014],[89.951,22.013],[89.952,22.013],[89.953,22.013],[89.954,22.013],[89.955,22.013],[89.956,22.013],[89.957,22.013],[89.958,22.014],[89.959,22.014],[90.168,22.123],[90.08,22.024],[90.08,22.023],[90.079,22.022],[90.079,22.021],[90.079,22.02],[90.078,22.019],[90.078,22.018],[90.061,21.888],[90.061,21.887],[90.061,21.886],[90.061,21.885],[90.061,21.884],[90.062,21.883],[90.062,21.882],[90.063,21.881],[90.063,21.881],[90.064,21.88],[90.065,21.879],[90.153,21.809],[90.154,21.809],[90.154,21.808],[90.155,21.808],[90.156,21.807],[90.157,21.807],[90.158,21.807],[90.159,21.807],[90.16,21.807],[90.161,21.807],[90.233,21.82],[90.234,21.82],[90.235,21.821],[90.236,21.821],[90.236,21.822],[90.237,21.822],[90.238,21.823],[90.239,21.823],[90.239,21.824],[90.24,21.825],[90.364,22.042],[90.596,22.251],[90.596,22.251],[90.597,22.252],[90.598,22.253],[90.598,22.254],[90.598,22.255],[90.599,22.255],[90.626,22.359],[90.626,22.36],[90.626,22.361],[90.626,22.362],[90.626,22.363],[90.626,22.364],[90.625,22.365],[90.625,22.366],[90.625,22.367],[90.498,22.591],[90.508,22.633],[90.508,22.634],[90.508,22.635],[90.508,22.636],[90.508,22.637],[90.508,22.638],[90.507,22.639],[90.507,22.64],[90.446,22.754],[90.471,22.874],[90.554,22.895],[90.555,22.896],[90.556,22.896],[90.557,22.896],[90.558,22.897],[90.559,22.898],[90.559,22.898],[90.56,22.899],[90.561,22.9],[90.561,22.901],[90.561,22.902],[90.562,22.903],[90.562,22.904],[90.562,22.905],[90.562,22.905],[90.562,22.906],[90.562,22.907],[90.561,22.908],[90.561,22.909],[90.561,22.91],[90.56,22.911],[90.559,22.912],[90.487,22.992],[90.477,23.049],[90.6,23.126],[90.601,23.126],[90.602,23.127],[90.602,23.127],[90.603,23.128],[90.604,23.129],[90.604,23.13],[90.604,23.131],[90.605,23.131],[90.605,23.132],[90.605,23.133],[90.605,23.134],[90.601,23.266],[90.601,23.267],[90.601,23.268],[90.6,23.269],[90.6,23.27],[90.6,23.271],[90.599,23.272],[90.599,23.272],[90.531,23.352],[90.53,23.353],[90.529,23.354],[90.528,23.354],[90.527,23.355],[90.527,23.355],[90.526,23.356],[90.525,23.356],[90.396,23.376],[90.306,23.442],[90.555,23.412],[90.556,23.412],[90.557,23.412],[90.558,23.412],[90.559,23.412],[90.56,23.413],[90.56,23.413],[90.561,23.414],[90.562,23.414],[90.563,23.415],[90.563,23.415],[90.564,23.416],[90.565,23.417],[90.565,23.418],[90.565,23.419],[90.566,23.42],[90.566,23.421],[90.566,23.421],[90.572,23.533],[90.598,23.567],[90.646,23.273],[90.624,23.095],[90.624,23.094],[90.624,23.093],[90.624,23.092],[90.624,23.091],[90.646,23.022],[90.647,23.021],[90.647,23.02],[90.818,22.716],[90.819,22.715],[90.819,22.715],[90.82,22.714],[90.939,22.59],[90.939,22.589],[90.94,22.589],[90.941,22.588],[90.942,22.588],[90.943,22.588],[90.944,22.587],[90.945,22.587],[90.946,22.587],[90.947,22.587],[90.948,22.587],[91.218,22.632],[91.219,22.632],[91.22,22.633],[91.22,22.633],[91.221,22.633],[91.222,22.634],[91.223,22.635],[91.471,22.863],[91.472,22.797],[91.472,22.796],[91.472,22.795],[91.472,22.794],[91.473,22.793],[91.473,22.792],[91.521,22.703],[91.522,22.702],[91.522,22.702],[91.685,22.5],[91.788,22.293],[91.789,22.292],[91.789,22.291],[91.79,22.29],[91.79,22.289],[91.791,22.289],[91.792,22.288],[91.793,22.288],[91.794,22.287],[91.795,22.287],[91.796,22.287],[91.797,22.287],[91.798,22.287],[91.799,22.287],[91.8,22.287],[91.801,22.288],[91.802,22.288],[91.802,22.289],[91.803,22.289],[91.844,22.322],[91.815,22.232],[91.815,22.231],[91.815,22.23],[91.815,22.229],[91.815,22.228],[91.815,22.227],[91.815,22.227],[91.903,21.881],[91.904,21.88],[91.904,21.879],[91.998,21.682],[92.046,21.174],[92.046,21.173],[92.046,21.172],[92.047,21.171],[92.047,21.17],[92.048,21.17],[92.3,20.785],[92.3,20.784],[92.301,20.783],[92.6,20.464],[92.715,20.29],[92.715,20.29],[92.716,20.289],[92.717,20.288],[92.717,20.288],[92.718,20.287],[92.719,20.287],[92.72,20.286],[92.721,20.286],[92.722,20.286],[92.723,20.286],[92.724,20.286],[92.725,20.286],[92.726,20.286],[92.727,20.287],[92.727,20.287],[92.728,20.288],[92.729,20.288],[92.73,20.289],[92.731,20.289],[92.731,20.29],[92.732,20.291],[92.732,20.292],[92.732,20.293],[92.733,20.294],[92.733,20.295],[92.733,20.296],[92.733,20.297],[92.72,20.554],[92.731,20.553],[92.879,20.34],[92.783,20.217],[92.783,20.216],[92.782,20.215],[92.782,20.215],[92.781,20.214],[92.781,20.213],[92.781,20.212],[92.781,20.211],[92.781,20.21],[92.781,20.209],[92.782,20.208],[92.782,20.207],[92.782,20.206],[92.783,20.205],[92.784,20.204],[92.784,20.204],[92.821,20.171],[92.822,20.17],[92.823,20.169],[92.824,20.169],[92.878,20.143],[92.879,20.143],[92.879,20.142],[92.88,20.142],[92.881,20.142],[92.882,20.142],[92.883,20.142],[92.884,20.142],[92.885,20.143],[92.886,20.143],[92.887,20.143],[92.888,20.144],[92.888,20.144],[92.889,20.145],[92.89,20.146],[92.999,20.282],[92.999,20.283],[93.0,20.284],[93.0,20.285],[93.039,20.389],[93.056,20.375],[93.005,20.188],[93.005,20.187],[93.005,20.186],[93.005,20.185],[93.005,20.184],[93.005,20.183],[93.006,20.182],[93.006,20.181],[93.006,20.18],[93.007,20.179],[93.008,20.178],[93.008,20.178],[93.009,20.177],[93.01,20.176],[93.011,20.176],[93.012,20.176],[93.013,20.175],[93.014,20.175],[93.015,20.175],[93.075,20.172],[92.995,20.082],[92.994,20.081],[92.993,20.08],[92.993,20.079],[92.993,20.078],[92.992,20.077],[92.992,20.076],[92.992,20.075],[92.992,20.075],[92.992,20.074],[92.992,20.073],[92.993,20.072],[92.993,20.071],[92.993,20.07],[93.12,19.853],[93.121,19.852],[93.122,19.851],[93.122,19.851],[93.123,19.85],[93.124,19.849],[93.125,19.849],[93.126,19.849],[93.127,19.848],[93.128,19.848],[93.19,19.841],[93.191,19.841],[93.192,19.841],[93.193,19.841],[93.194,19.841],[93.195,19.842],[93.196,19.842],[93.197,19.843],[93.197,19.843],[93.198,19.844],[93.199,19.845],[93.199,19.846],[93.2,19.846],[93.2,19.847],[93.201,19.848],[93.201,19.849],[93.209,19.896],[93.209,19.897],[93.209,19.898],[93.209,19.899],[93.209,19.9],[93.209,19.901],[93.169,20.034],[93.251,20.06],[93.406,20.029],[93.576,19.902],[93.577,19.901],[93.578,19.901],[93.578,19.901],[93.579,19.9],[93.58,19.9],[93.581,19.9],[93.582,19.9],[93.688,19.902],[93.604,19.782],[93.603,19.781],[93.603,19.78],[93.603,19.779],[93.602,19.778],[93.602,19.777],[93.602,19.776],[93.602,19.775],[93.602,19.774],[93.602,19.774],[93.603,19.773],[93.603,19.772],[93.603,19.771],[93.604,19.77],[93.605,19.769],[93.605,19.769],[93.606,19.768],[93.607,19.767],[93.733,19.69],[93.831,19.529],[93.832,19.528],[93.833,19.527],[93.833,19.527],[93.834,19.526],[93.835,19.525],[93.986,19.436],[93.954,19.335],[93.823,19.249],[93.733,19.276],[93.586,19.408],[93.585,19.409],[93.584,19.41],[93.583,19.41],[93.582,19.41],[93.581,19.411],[93.58,19.411],[93.579,19.411],[93.578,19.411],[93.577,19.411],[93.576,19.411],[93.576,19.41],[93.49,19.378],[93.489,19.378],[93.488,19.378],[93.487,19.377],[93.486,19.376],[93.486,19.376],[93.485,19.375],[93.484,19.374],[93.484,19.373],[93.484,19.372],[93.483,19.371],[93.483,19.37],[93.483,19.369],[93.483,19.368],[93.483,19.367],[93.483,19.366],[93.484,19.365],[93.484,19.365],[93.485,19.364],[93.697,19.022],[93.697,19.021],[93.698,19.02],[93.698,19.019],[93.699,19.019],[93.7,19.018],[93.924,18.891],[93.925,18.891],[93.926,18.89],[93.927,18.89],[93.928,18.89],[93.929,18.89],[93.93,18.89],[93.931,18.89],[93.932,18.89],[93.933,18.891],[93.934,18.891],[93.934,18.892],[93.935,18.892],[93.936,18.893],[93.937,18.894],[93.937,18.894],[93.938,18.895],[93.938,18.896],[93.977,18.991],[93.978,18.992],[93.978,18.993],[93.978,18.994],[93.978,18.995],[93.978,18.996],[93.978,18.997],[93.952,19.141],[94.007,19.173],[94.008,19.174],[94.009,19.174],[94.009,19.175],[94.01,19.176],[94.01,19.177],[94.011,19.177],[94.011,19.178],[94.038,19.243],[94.06,18.892],[94.06,18.891],[94.06,18.89],[94.061,18.889],[94.061,18.889],[94.062,18.888],[94.062,18.887],[94.063,18.886],[94.063,18.885],[94.222,18.748],[94.17,18.742],[94.169,18.742],[94.168,18.741],[94.167,18.741],[94.166,18.741],[94.165,18.74],[94.164,18.74],[94.164,18.739],[94.163,18.738],[94.162,18.737],[94.162,18.736],[94.162,18.735],[94.161,18.734],[94.161,18.733],[94.161,18.732],[94.161,18.731],[94.161,18.73],[94.161,18.729],[94.162,18.729],[94.162,18.728],[94.421,18.199],[94.484,17.823],[94.484,17.822],[94.485,17.822],[94.579,17.568],[94.554,17.312],[94.464,17.14],[94.464,17.139],[94.463,17.138],[94.463,17.137],[94.463,17.136],[94.442,16.957],[94.391,16.873],[94.391,16.872],[94.39,16.871],[94.39,16.87],[94.344,16.644],[94.263,16.523],[94.262,16.522],[94.262,16.521],[94.261,16.52],[94.261,16.519],[94.261,16.518],[94.214,16.017],[94.214,16.016],[94.214,16.015],[94.214,16.014],[94.214,16.013],[94.215,16.012],[94.215,16.011],[94.216,16.01],[94.216,16.01],[94.217,16.009],[94.218,16.008],[94.218,16.008],[94.219,16.007],[94.22,16.007],[94.221,16.006],[94.222,16.006],[94.223,16.006],[94.298,15.998],[94.299,15.998],[94.3,15.998],[94.301,15.998],[94.302,15.998],[94.302,15.999],[94.303,15.999],[94.304,15.999],[94.447,16.085],[94.448,16.086],[94.449,16.087],[94.449,16.087],[94.45,16.088],[94.595,16.281],[94.67,16.327],[94.671,16.328],[94.672,16.329],[94.673,16.329],[94.673,16.33],[94.674,16.331],[94.674,16.332],[94.675,16.333],[94.675,16.334],[94.701,16.456],[94.71,16.399],[94.641,16.067],[94.641,16.066],[94.641,16.065],[94.641,16.064],[94.652,15.903],[94.652,15.902],[94.652,15.901],[94.653,15.9],[94.653,15.9],[94.654,15.899],[94.654,15.898],[94.655,15.897],[94.655,15.896],[94.656,15.896],[94.657,15.895],[94.658,15.895],[94.659,15.895],[94.66,15.894],[94.661,15.894],[94.662,15.894],[94.663,15.894],[94.664,15.894],[94.665,15.894],[94.666,15.895],[94.666,15.895],[94.802,15.962],[94.803,15.963],[94.804,15.963],[94.805,15.964],[94.806,15.964],[94.806,15.965],[94.807,15.966],[94.807,15.967],[94.883,16.135],[94.881,15.979],[94.881,15.978],[94.881,15.977],[94.881,15.976],[94.933,15.815],[94.934,15.814],[94.934,15.813],[94.935,15.812],[94.935,15.811],[94.936,15.811],[94.937,15.81],[94.938,15.81],[94.939,15.809],[94.939,15.809],[94.94,15.808],[94.941,15.808],[94.942,15.808],[94.943,15.808],[95.177,15.816],[95.178,15.816],[95.179,15.816],[95.18,15.817],[95.181,15.817],[95.182,15.817],[95.183,15.818],[95.184,15.819],[95.184,15.819],[95.185,15.82],[95.341,16.027],[95.342,16.028],[95.342,16.029],[95.342,16.03],[95.343,16.031],[95.346,16.044],[95.355,15.987],[95.299,15.885],[95.299,15.884],[95.298,15.883],[95.298,15.882],[95.298,15.881],[95.291,15.757],[95.291,15.756],[95.291,15.755],[95.291,15.754],[95.292,15.753],[95.292,15.752],[95.292,15.751],[95.293,15.75],[95.294,15.749],[95.294,15.749],[95.295,15.748],[95.296,15.747],[95.297,15.747],[95.298,15.747],[95.387,15.714],[95.387,15.713],[95.388,15.713],[95.389,15.713],[95.39,15.713],[95.391,15.713],[95.392,15.713],[95.393,15.714],[95.394,15.714],[95.395,15.714],[95.396,15.715],[95.562,15.83],[95.563,15.831],[95.563,15.831],[95.686,15.97],[95.687,15.971],[95.688,15.972],[95.688,15.973],[95.77,16.161],[96.015,16.245],[96.016,16.245],[96.017,16.245],[96.018,16.246],[96.019,16.247],[96.019,16.247],[96.02,16.248],[96.021,16.249],[96.021,16.25],[96.021,16.251],[96.05,16.33],[96.135,16.333],[96.136,16.333],[96.137,16.333],[96.138,16.333],[96.139,16.334],[96.14,16.334],[96.329,16.435],[96.33,16.436],[96.33,16.436],[96.331,16.437],[96.332,16.438],[96.332,16.439],[96.333,16.439],[96.333,16.44],[96.334,16.441],[96.334,16.442],[96.334,16.443],[96.334,16.444],[96.334,16.445],[96.334,16.446],[96.334,16.447],[96.333,16.448],[96.333,16.449],[96.332,16.45],[96.246,16.571],[96.202,16.757],[96.241,16.755],[96.272,16.594],[96.272,16.593],[96.273,16.592],[96.273,16.591],[96.274,16.59],[96.275,16.589],[96.275,16.589],[96.357,16.514],[96.358,16.513],[96.359,16.512],[96.36,16.512],[96.361,16.512],[96.362,16.511],[96.429,16.495],[96.43,16.495],[96.431,16.495],[96.432,16.495],[96.433,16.495],[96.434,16.495],[96.625,16.554],[96.626,16.555],[96.627,16.555],[96.628,16.556],[96.628,16.556],[96.629,16.557],[96.772,16.703],[96.773,16.704],[96.773,16.704],[96.774,16.705],[96.774,16.706],[96.918,17.027],[96.918,17.028],[96.919,17.029],[96.919,17.03],[96.919,17.031],[96.919,17.031],[96.919,17.032],[96.919,17.033],[96.918,17.034],[96.862,17.202],[96.919,17.3],[96.919,17.301],[96.919,17.302],[96.92,17.303],[96.92,17.304],[96.92,17.305],[96.92,17.306],[96.92,17.307],[96.92,17.308],[96.919,17.308],[96.919,17.309],[96.919,17.31],[96.894,17.35],[97.187,17.093],[97.17,17.068],[97.169,17.067],[97.169,17.066],[97.168,17.065],[97.168,17.064],[97.168,17.063],[97.168,17.062],[97.168,17.061],[97.168,17.06],[97.202,16.891],[97.202,16.89],[97.203,16.889],[97.367,16.519],[97.367,16.518],[97.368,16.517],[97.368,16.516],[97.369,16.516],[97.37,16.515],[97.371,16.515],[97.372,16.514],[97.372,16.514],[97.373,16.513],[97.374,16.513],[97.375,16.513],[97.376,16.513],[97.377,16.513],[97.702,16.556],[97.626,16.464],[97.626,16.464],[97.625,16.463],[97.625,16.462],[97.624,16.461],[97.624,16.46],[97.624,16.459],[97.624,16.458],[97.631,16.255],[97.574,16.022],[97.574,16.021],[97.574,16.02],[97.574,16.02],[97.574,16.019],[97.574,16.018],[97.575,16.017],[97.575,16.016],[97.575,16.015],[97.576,16.014],[97.576,16.013],[97.701,15.872],[97.764,15.431],[97.734,15.309],[97.734,15.308],[97.734,15.307],[97.734,15.307],[97.734,15.306],[97.734,15.305],[97.735,15.304],[97.735,15.303],[97.79,15.183],[97.802,14.859],[97.802,14.858],[97.802,14.857],[97.803,14.856],[97.803,14.855],[97.86,14.735],[97.86,14.734],[97.861,14.733],[97.862,14.732],[97.862,14.732],[97.863,14.731],[97.864,14.73],[97.865,14.73],[97.866,14.73],[97.867,14.729],[97.868,14.729],[97.869,14.729],[97.87,14.729],[97.871,14.729],[97.872,14.729],[97.872,14.73],[97.933,14.752],[97.987,14.679],[97.933,14.705],[97.932,14.705],[97.931,14.706],[97.93,14.706],[97.929,14.706],[97.928,14.706],[97.927,14.706],[97.926,14.706],[97.926,14.705],[97.925,14.705],[97.924,14.705],[97.923,14.704],[97.922,14.703],[97.921,14.703],[97.921,14.702],[97.92,14.701],[97.92,14.7],[97.901,14.657],[97.901,14.656],[97.9,14.655],[97.9,14.654],[97.9,14.653],[97.9,14.652],[97.9,14.651],[97.9,14.65],[97.988,14.332],[97.989,14.332],[97.989,14.331],[97.989,14.33],[98.09,14.16],[98.063,13.988],[98.063,13.987],[98.063,13.986],[98.063,13.985],[98.101,13.712],[98.101,13.711],[98.102,13.71],[98.102,13.709],[98.102,13.708],[98.141,13.643],[98.142,13.642],[98.143,13.641],[98.143,13.641],[98.144,13.64],[98.145,13.639],[98.146,13.639],[98.147,13.639],[98.148,13.638],[98.149,13.638],[98.15,13.638],[98.15,13.638],[98.151,13.638],[98.152,13.638],[98.153,13.639],[98.154,13.639],[98.155,13.639],[98.156,13.64],[98.157,13.641],[98.157,13.641],[98.158,13.642],[98.159,13.643],[98.159,13.644],[98.159,13.645],[98.16,13.646],[98.16,13.647],[98.207,13.957],[98.229,13.93],[98.235,13.733],[98.235,13.732],[98.235,13.731],[98.236,13.73],[98.236,13.729],[98.236,13.728],[98.237,13.727],[98.412,13.479],[98.478,13.29],[98.478,13.289],[98.478,13.288],[98.479,13.287],[98.567,13.158],[98.653,12.661],[98.655,12.542],[98.615,12.445],[98.614,12.444],[98.614,12.443],[98.614,12.442],[98.614,12.441],[98.614,12.44],[98.614,12.439],[98.615,12.438],[98.615,12.437],[98.615,12.436],[98.667,12.349],[98.592,12.251],[98.592,12.25],[98.591,12.249],[98.591,12.249],[98.59,12.248],[98.59,12.247],[98.59,12.246],[98.59,12.245],[98.59,12.244],[98.59,12.243],[98.59,12.242],[98.591,12.241],[98.591,12.24],[98.592,12.239],[98.592,12.239],[98.593,12.238],[98.594,12.237],[98.594,12.237],[98.595,12.236],[98.596,12.236],[98.597,12.235],[98.598,12.235],[98.683,12.217],[98.654,12.13],[98.654,12.129],[98.654,12.128],[98.654,12.127],[98.654,12.126],[98.654,12.126],[98.678,11.96],[98.638,11.917],[98.637,11.916],[98.636,11.915],[98.636,11.914],[98.636,11.913],[98.635,11.912],[98.635,11.912],[98.635,11.911],[98.626,11.739],[98.626,11.738],[98.626,11.737],[98.626,11.736],[98.627,11.735],[98.627,11.734],[98.627,11.733],[98.628,11.732],[98.629,11.731],[98.629,11.731],[98.63,11.73],[98.631,11.729],[98.632,11.729],[98.633,11.729],[98.691,11.709],[98.692,11.708],[98.693,11.708],[98.693,11.708],[98.694,11.708],[98.695,11.708],[98.696,11.708],[98.697,11.708],[98.698,11.709],[98.699,11.709],[98.804,11.767],[98.861,11.72],[98.734,11.599],[98.733,11.599],[98.733,11.598],[98.732,11.597],[98.732,11.596],[98.731,11.595],[98.731,11.594],[98.731,11.593],[98.731,11.592],[98.735,11.243],[98.674,11.138],[98.674,11.137],[98.674,11.136],[98.673,11.135],[98.673,11.134],[98.673,11.133],[98.666,10.99],[98.528,10.747],[98.458,10.683],[98.458,10.683],[98.457,10.682],[98.456,10.681],[98.456,10.68],[98.456,10.679],[98.455,10.678],[98.455,10.677],[98.455,10.676],[98.455,10.675],[98.455,10.674],[98.513,10.353],[98.487,10.185],[98.487,10.184],[98.487,10.183],[98.487,10.182],[98.487,10.181],[98.488,10.18],[98.488,10.179],[98.554,10.031],[98.554,10.03],[98.555,10.029],[98.555,10.028],[98.556,10.028],[98.557,10.027],[98.558,10.027],[98.558,10.026],[98.559,10.026],[98.56,10.025],[98.561,10.025],[98.562,10.025],[98.563,10.025],[98.564,10.025],[98.565,10.025],[98.566,10.025],[98.567,10.026],[98.568,10.026],[98.569,10.027],[98.569,10.027],[98.57,10.028],[98.571,10.029],[98.571,10.029],[98.664,10.17],[98.686,10.176],[98.553,9.842],[98.552,9.84],[98.484,9.564],[98.362,9.295],[98.362,9.294],[98.361,9.293],[98.361,9.292],[98.316,8.972],[98.233,8.772],[98.232,8.771],[98.232,8.77],[98.232,8.769],[98.232,8.768],[98.228,8.423],[98.228,8.422],[98.228,8.421],[98.229,8.42],[98.296,8.223],[98.296,8.222],[98.296,8.221],[98.297,8.22],[98.297,8.22],[98.298,8.219],[98.299,8.218],[98.3,8.218],[98.3,8.217],[98.301,8.217],[98.417,8.169],[98.418,8.168],[98.419,8.168],[98.42,8.168],[98.421,8.168],[98.422,8.168],[98.423,8.168],[98.424,8.168],[98.425,8.169],[98.426,8.169],[98.426,8.17],[98.427,8.17],[98.428,8.171],[98.429,8.172],[98.429,8.172],[98.43,8.173],[98.507,8.31],[98.577,8.333],[98.696,8.25],[98.78,8.056],[98.78,8.055],[98.781,8.054],[98.781,8.054],[98.782,8.053],[98.783,8.052],[98.784,8.052],[98.784,8.051],[98.968,7.955],[99.041,7.884],[99.033,7.767],[99.033,7.766],[99.033,7.765],[99.033,7.764],[99.034,7.763],[99.034,7.762],[99.034,7.761],[99.035,7.76],[99.07,7.712],[99.071,7.711],[99.071,7.711],[99.072,7.71],[99.073,7.71],[99.073,7.709],[99.074,7.709],[99.075,7.708],[99.076,7.708],[99.077,7.708],[99.078,7.708],[99.178,7.708],[99.255,7.614],[99.35,7.368],[99.35,7.368],[99.35,7.367],[99.351,7.366],[99.352,7.365],[99.352,7.365],[99.353,7.364],[99.354,7.364],[99.355,7.363],[99.431,7.325],[99.431,7.325],[99.432,7.324],[99.433,7.324],[99.434,7.324],[99.435,7.324],[99.436,7.324],[99.583,7.344],[99.543,7.222],[99.543,7.221],[99.543,7.22],[99.543,7.219],[99.543,7.218],[99.543,7.217],[99.543,7.216],[99.544,7.215],[99.544,7.215],[99.545,7.214],[99.545,7.213],[99.594,7.149],[99.595,7.148],[99.595,7.148],[99.596,7.147],[99.597,7.146],[99.598,7.146],[99.599,7.146],[99.6,7.145],[99.6,7.145],[99.601,7.145],[99.664,7.141],[99.71,7.102],[99.686,6.878],[99.686,6.877],[99.686,6.876],[99.686,6.875],[99.686,6.874],[99.687,6.873],[99.687,6.873],[99.688,6.872],[99.688,6.871],[99.689,6.87],[99.689,6.87],[99.69,6.869],[99.862,6.743],[100.111,6.437],[100.333,5.981],[100.364,5.778],[100.343,5.589],[100.343,5.588],[100.343,5.587],[100.343,5.586],[100.463,5.042],[100.464,5.041],[100.605,4.65],[100.605,4.373],[100.605,4.372],[100.605,4.371],[100.605,4.37],[100.651,4.223],[100.652,4.222],[100.652,4.221],[100.653,4.22],[100.782,4.026],[100.709,3.974],[100.708,3.974],[100.708,3.973],[100.707,3.972],[100.707,3.971],[100.706,3.97],[100.706,3.97],[100.705,3.969],[100.705,3.968],[100.705,3.967],[100.705,3.966],[100.705,3.965],[100.705,3.964],[100.706,3.963],[100.706,3.962],[100.706,3.961],[100.707,3.96],[100.843,3.771],[100.844,3.77],[100.844,3.769],[101.018,3.618],[101.291,3.249],[101.344,3.012],[101.287,2.889],[101.287,2.888],[101.286,2.887],[101.286,2.886],[101.286,2.886],[101.286,2.885],[101.286,2.884],[101.286,2.883],[101.287,2.882],[101.287,2.881],[101.287,2.88],[101.288,2.879],[101.288,2.878],[101.289,2.878],[101.29,2.877],[101.291,2.877],[101.4,2.805],[101.512,2.677],[101.513,2.677],[101.514,2.676],[101.515,2.676],[101.515,2.675],[101.516,2.675],[101.775,2.566],[101.882,2.442],[101.883,2.442],[101.884,2.441],[102.14,2.24],[102.141,2.24],[102.141,2.239],[102.542,2.034],[102.72,1.849],[102.72,1.848],[102.721,1.848],[102.722,1.847],[102.723,1.847],[103.35,1.538],[103.471,1.324],[103.472,1.323],[103.472,1.322],[103.473,1.322],[103.474,1.321],[103.475,1.32],[103.476,1.32],[103.477,1.32],[103.478,1.319],[103.479,1.319],[103.48,1.319],[103.481,1.319],[103.551,1.323],[103.552,1.323],[103.553,1.323],[103.554,1.324],[103.555,1.324],[103.555,1.325],[103.556,1.325],[103.699,1.441],[103.817,1.467],[103.991,1.445],[103.992,1.445],[103.993,1.445],[103.994,1.445],[103.995,1.445],[103.996,1.446],[103.996,1.446],[103.997,1.447],[103.998,1.447],[103.999,1.448],[104.0,1.448],[104.0,1.449],[104.001,1.45],[104.001,1.451],[104.001,1.452],[104.002,1.453],[104.002,1.454],[104.002,1.455],[104.002,1.456],[103.993,1.598],[104.067,1.525],[104.106,1.409],[104.106,1.408],[104.106,1.407],[104.107,1.406],[104.107,1.405],[104.108,1.405],[104.109,1.404],[104.17,1.357],[104.171,1.357],[104.172,1.356],[104.173,1.356],[104.174,1.355],[104.174,1.355],[104.176,1.355],[104.177,1.355],[104.178,1.355],[104.179,1.355],[104.179,1.356],[104.18,1.356],[104.284,1.407],[104.285,1.408],[104.286,1.408],[104.287,1.409],[104.288,1.409],[104.288,1.41],[104.289,1.411],[104.289,1.412],[104.289,1.413],[104.29,1.414],[104.29,1.415],[104.298,1.48],[104.298,1.481],[104.298,1.482],[104.298,1.483],[104.298,1.484],[104.229,1.726],[104.228,1.727],[104.228,1.727],[103.821,2.584],[103.821,2.585],[103.82,2.586],[103.819,2.587],[103.819,2.588],[103.818,2.588],[103.544,2.782],[103.449,2.936],[103.439,3.378],[103.464,3.519],[103.464,3.52],[103.464,3.521],[103.464,3.522],[103.464,3.523],[103.464,3.524],[103.463,3.525],[103.463,3.526],[103.383,3.674],[103.372,3.768],[103.431,3.974],[103.431,3.975],[103.431,3.976],[103.479,4.392],[103.479,4.393],[103.479,4.394],[103.464,4.67],[103.464,4.67],[103.464,4.671],[103.426,4.852],[103.426,4.853],[103.425,4.854],[103.425,4.855],[103.206,5.267],[103.205,5.268],[103.205,5.268],[102.99,5.531],[102.989,5.532],[102.988,5.533],[102.541,5.87],[102.348,6.177],[102.348,6.178],[102.347,6.179],[102.346,6.18],[102.346,6.18],[102.345,6.181],[102.344,6.181],[102.343,6.182],[102.106,6.251],[101.806,6.482],[101.622,6.76],[101.622,6.76],[101.621,6.761],[101.505,6.872],[101.504,6.873],[101.503,6.873],[101.503,6.874],[101.502,6.874],[101.501,6.875],[101.5,6.875],[101.304,6.918],[101.303,6.918],[101.302,6.918],[101.301,6.918],[101.3,6.918],[101.02,6.871],[100.799,7.003],[100.593,7.184],[100.592,7.184],[100.591,7.185],[100.59,7.185],[100.589,7.185],[100.588,7.186],[100.587,7.186],[100.586,7.186],[100.585,7.186],[100.584,7.186],[100.491,7.171],[100.431,7.196],[100.171,7.602],[100.168,7.722],[100.255,7.763],[100.307,7.711],[100.314,7.646],[100.275,7.556],[100.274,7.555],[100.274,7.554],[100.274,7.553],[100.274,7.552],[100.274,7.551],[100.274,7.55],[100.274,7.549],[100.275,7.548],[100.275,7.547],[100.276,7.547],[100.276,7.546],[100.277,7.545],[100.278,7.544],[100.278,7.544],[100.279,7.543],[100.28,7.543],[100.281,7.542],[100.282,7.542],[100.283,7.542],[100.372,7.533],[100.429,7.279],[100.43,7.278],[100.43,7.277],[100.43,7.276],[100.431,7.275],[100.431,7.274],[100.432,7.274],[100.433,7.273],[100.434,7.273],[100.434,7.272],[100.54,7.218],[100.541,7.218],[100.542,7.217],[100.543,7.217],[100.544,7.217],[100.545,7.217],[100.546,7.217],[100.547,7.217],[100.548,7.217],[100.549,7.218],[100.55,7.218],[100.551,7.219],[100.551,7.219],[100.552,7.22],[100.553,7.221],[100.553,7.222],[100.554,7.222],[100.554,7.223],[100.555,7.224],[100.555,7.225],[100.555,7.226],[100.555,7.227],[100.555,7.228],[100.555,7.229],[100.555,7.23],[100.554,7.231],[100.464,7.445],[100.289,8.271],[100.289,8.272],[100.239,8.428],[100.238,8.429],[100.238,8.43],[100.237,8.43],[100.237,8.431],[100.171,8.514],[100.17,8.515],[100.169,8.516],[100.169,8.516],[100.168,8.517],[100.167,8.517],[100.166,8.518],[100.165,8.518],[100.164,8.518],[100.163,8.518],[100.162,8.518],[100.161,8.518],[100.16,8.518],[100.159,8.517],[100.158,8.517],[100.158,8.516],[100.157,8.516],[100.156,8.515],[100.155,8.514],[100.155,8.514],[100.154,8.513],[100.154,8.512],[100.126,8.447],[99.999,8.593],[99.915,9.115],[99.915,9.116],[99.914,9.117],[99.845,9.292],[99.845,9.293],[99.844,9.293],[99.844,9.294],[99.843,9.295],[99.843,9.296],[99.842,9.296],[99.841,9.297],[99.84,9.297],[99.839,9.297],[99.838,9.298],[99.726,9.324],[99.725,9.324],[99.724,9.324],[99.723,9.324],[99.722,9.324],[99.721,9.324],[99.394,9.225],[99.266,9.271],[99.298,9.413],[99.298,9.414],[99.298,9.415],[99.298,9.416],[99.298,9.417],[99.298,9.418],[99.297,9.419],[99.171,9.736],[99.205,10.174],[99.205,10.175],[99.205,10.176],[99.205,10.177],[99.176,10.317],[99.244,10.381],[99.245,10.381],[99.245,10.382],[99.246,10.383],[99.246,10.384],[99.246,10.385],[99.247,10.385],[99.294,10.565],[99.495,10.885],[99.496,10.886],[99.496,10.887],[99.497,10.888],[99.497,10.889],[99.524,11.099],[99.636,11.459],[99.808,11.744],[99.808,11.745],[99.809,11.746],[99.809,11.747],[99.846,11.933],[99.997,12.166],[99.998,12.166],[99.998,12.167],[99.999,12.168],[99.999,12.169],[99.999,12.17],[100.016,12.354],[100.016,12.355],[100.016,12.356],[99.974,12.689],[100.099,13.043],[100.1,13.044],[100.1,13.044],[100.1,13.045],[100.1,13.046],[100.1,13.047],[100.1,13.048],[100.1,13.049],[100.061,13.174],[100.06,13.175],[100.06,13.176],[100.059,13.177],[100.059,13.177],[100.002,13.246],[100.026,13.347],[100.239,13.474],[100.537,13.504],[100.538,13.504],[100.539,13.504],[100.54,13.505],[100.541,13.505],[100.541,13.506],[100.542,13.506],[100.603,13.555],[100.649,13.514],[100.65,13.513],[100.651,13.512],[100.652,13.512],[100.652,13.512],[100.653,13.511],[100.952,13.425],[100.853,12.716],[100.853,12.715],[100.853,12.715],[100.853,12.714],[100.853,12.713],[100.854,12.712],[100.854,12.711],[100.854,12.71],[100.889,12.649],[100.89,12.648],[100.891,12.647],[100.891,12.647],[100.892,12.646],[100.893,12.645],[100.949,12.612],[100.95,12.612],[100.951,12.612],[100.952,12.611],[100.953,12.611],[100.954,12.611],[100.955,12.611],[100.956,12.611],[100.957,12.611],[100.958,12.612],[101.091,12.664],[101.443,12.609],[101.444,12.609],[101.445,12.609],[101.446,12.609],[101.447,12.609],[101.723,12.678],[102.028,12.524],[102.223,12.325],[102.224,12.324],[102.224,12.324],[102.225,12.323],[102.226,12.323],[102.227,12.322],[102.228,12.322],[102.229,12.322],[102.23,12.322],[102.231,12.322],[102.232,12.322],[102.233,12.322],[102.234,12.323],[102.234,12.323],[102.235,12.323],[102.236,12.324],[102.237,12.325],[102.237,12.325],[102.238,12.326],[102.239,12.327],[102.239,12.328],[102.26,12.373],[102.334,12.248],[102.335,12.247],[102.336,12.246],[102.336,12.246],[102.337,12.245],[102.534,12.101],[102.535,12.1],[102.536,12.1],[102.537,12.1],[102.538,12.099],[102.539,12.099],[102.54,12.099],[102.541,12.099],[102.542,12.099],[102.543,12.099],[102.543,12.1],[102.544,12.1],[102.545,12.101],[102.546,12.101],[102.547,12.102],[102.548,12.102],[102.548,12.103],[102.549,12.104],[102.596,12.186],[102.754,12.007],[102.782,11.887],[102.782,11.886],[102.783,11.885],[102.783,11.884],[102.784,11.884],[102.904,11.699],[102.904,11.698],[102.905,11.697],[102.906,11.696],[102.906,11.696],[102.907,11.695],[102.908,11.695],[102.909,11.694],[102.91,11.694],[102.911,11.694],[102.912,11.694],[102.913,11.694],[102.914,11.694],[102.915,11.694],[102.916,11.695],[102.917,11.695],[102.918,11.696],[102.918,11.696],[102.919,11.697],[102.92,11.698],[102.92,11.698],[102.921,11.699],[102.951,11.756],[102.994,11.707],[103.001,11.588],[103.001,11.587],[103.001,11.587],[103.002,11.586],[103.002,11.585],[103.002,11.584],[103.003,11.583],[103.004,11.582],[103.114,11.458],[103.081,11.212],[103.081,11.211],[103.081,11.21],[103.081,11.209],[103.143,10.912],[103.143,10.911],[103.144,10.91],[103.144,10.909],[103.145,10.908],[103.145,10.908],[103.146,10.907],[103.147,10.906],[103.148,10.906],[103.149,10.905],[103.149,10.905],[103.15,10.904],[103.151,10.904],[103.152,10.904],[103.153,10.904],[103.354,10.912],[103.355,10.912],[103.356,10.912],[103.357,10.913],[103.358,10.913],[103.359,10.913],[103.36,10.914],[103.361,10.914],[103.361,10.915],[103.362,10.916],[103.534,11.133],[103.646,11.053],[103.711,10.89],[103.673,10.765],[103.535,10.677],[103.534,10.677],[103.533,10.676],[103.532,10.676],[103.532,10.675],[103.531,10.674],[103.531,10.673],[103.531,10.672],[103.53,10.671],[103.53,10.67],[103.522,10.606],[103.522,10.605],[103.522,10.604],[103.522,10.603],[103.522,10.602],[103.523,10.601],[103.523,10.6],[103.524,10.599],[103.524,10.599],[103.525,10.598],[103.58,10.545],[103.581,10.544],[103.581,10.544],[103.582,10.543],[103.657,10.5],[103.658,10.5],[103.659,10.5],[103.66,10.499],[103.661,10.499],[103.662,10.499],[103.663,10.499],[103.664,10.499],[103.665,10.499],[103.666,10.5],[103.845,10.572],[103.846,10.572],[103.847,10.573],[103.847,10.573],[103.848,10.574],[103.849,10.575],[103.849,10.575],[103.85,10.576],[103.85,10.577],[103.875,10.637],[103.93,10.58],[103.931,10.579],[103.931,10.579],[103.932,10.578],[103.933,10.578],[103.934,10.578],[103.935,10.577],[103.936,10.577],[104.258,10.531],[104.509,10.333],[104.655,10.163],[104.656,10.163],[104.657,10.162],[104.658,10.162],[104.659,10.161],[104.659,10.161],[104.66,10.16],[104.661,10.16],[104.662,10.16],[104.663,10.16],[104.664,10.16],[104.665,10.16],[104.798,10.192],[104.865,10.109],[104.866,10.108],[104.867,10.107],[104.868,10.107],[104.868,10.106],[104.869,10.106],[104.87,10.105],[104.997,10.072],[104.998,10.072],[104.999,10.072],[105.0,10.072],[105.001,10.072],[105.002,10.072],[105.003,10.073],[105.004,10.073],[105.005,10.073],[105.006,10.074],[105.006,10.074],[105.007,10.075],[105.008,10.076],[105.008,10.077],[105.009,10.077],[105.009,10.078],[105.01,10.079],[105.01,10.08],[105.01,10.081],[105.01,10.082],[105.01,45.0],[105.01,45.001],[105.01,45.002],[105.01,45.003],[105.009,45.004],[105.009,45.005],[105.008,45.006],[105.008,45.006],[105.007,45.007],[105.006,45.008],[105.006,45.008],[105.005,45.009],[105.004,45.009],[105.003,45.01],[105.002,45.01],[105.001,45.01],[105.0,45.01],[55.0,45.01],[54.999,45.01],[54.998,45.01],[54.997,45.01],[54.996,45.009],[54.995,45.009],[54.994,45.008],[54.994,45.008],[54.993,45.007],[54.992,45.006],[54.992,45.006],[54.991,45.005],[54.991,45.004],[54.99,45.003],[54.99,45.002],[54.99,45.001],[54.99,45.0],[54.99,26.625],[54.99,26.624],[54.99,26.623],[54.99,26.622],[54.991,26.621],[54.991,26.62],[54.992,26.619],[54.992,26.619],[54.993,26.618],[54.994,26.617],[54.994,26.617],[54.995,26.616],[54.996,26.616],[54.997,26.615],[54.998,26.615],[54.999,26.615],[55.0,26.615],[55.001,26.615],[55.002,26.615],[55.003,26.615],[55.004,26.616],[55.005,26.616],[55.296,26.776],[55.423,26.761],[55.424,26.761],[55.425,26.761],[55.426,26.761],[55.427,26.761],[55.428,26.762],[55.428,26.762],[55.429,26.762],[55.43,26.763],[55.431,26.764],[55.655,26.969],[55.943,27.028],[55.944,27.028],[55.945,27.029],[55.946,27.029],[56.122,27.134],[56.356,27.19],[56.724,27.119],[56.903,26.988],[57.026,26.797],[57.094,26.369],[57.094,26.369],[57.095,26.368],[57.095,26.367],[57.191,26.157],[57.196,26.037],[57.196,26.036],[57.196,26.035],[57.196,26.034],[57.197,26.033],[57.197,26.032],[57.326,25.787],[57.327,25.786],[57.327,25.786],[57.328,25.785],[57.329,25.784],[57.33,25.784],[57.33,25.783],[57.331,25.783],[57.332,25.782],[57.333,25.782],[57.728,25.716],[57.788,25.646],[57.789,25.646],[57.79,25.645],[57.791,25.644],[57.792,25.644],[57.793,25.644],[57.794,25.643],[57.795,25.643],[57.796,25.643],[57.797,25.643],[57.798,25.643],[57.799,25.643],[57.937,25.681],[58.199,25.583],[58.2,25.582],[58.201,25.582],[58.202,25.582],[58.203,25.582],[58.53,25.582],[58.795,25.545],[59.041,25.408],[59.042,25.408],[59.043,25.408],[59.044,25.407],[59.045,25.407],[59.046,25.407],[59.047,25.407],[59.048,25.407],[59.454,25.471],[59.612,25.394],[59.612,25.394],[59.613,25.393],[59.614,25.393],[59.615,25.393],[59.616,25.393],[59.816,25.391],[59.893,25.353],[59.894,25.353],[59.895,25.352],[59.896,25.352],[59.897,25.352],[59.898,25.352],[59.899,25.352],[60.025,25.374],[60.398,25.302],[60.399,25.302],[60.4,25.302],[60.401,25.302],[60.402,25.302],[60.403,25.302],[60.404,25.303],[60.405,25.303],[60.405,25.304],[60.406,25.304],[60.407,25.305],[60.407,25.305],[60.514,25.426],[60.58,25.406],[60.655,25.277],[60.656,25.276],[60.657,25.275],[60.657,25.275],[60.658,25.274],[60.659,25.273],[60.66,25.273],[60.661,25.273],[60.662,25.272],[61.41,25.092],[61.411,25.092],[61.412,25.092],[61.413,25.092],[61.414,25.092],[61.415,25.092],[61.416,25.093],[61.416,25.093],[61.417,25.094],[61.418,25.094],[61.535,25.185],[61.741,25.128],[61.742,25.128],[61.744,25.128],[61.908,25.121],[61.908,25.121],[61.909,25.121],[62.09,25.145],[62.091,25.145],[62.092,25.146],[62.093,25.146],[62.094,25.147],[62.198,25.213],[62.309,25.127],[62.31,25.127],[62.311,25.126],[62.311,25.126],[62.312,25.125],[62.313,25.125],[62.314,25.125],[62.315,25.125],[62.316,25.125],[62.317,25.125],[62.318,25.126],[62.319,25.126],[62.575,25.245],[62.665,25.255],[63.014,25.215],[63.015,25.215],[63.016,25.215],[63.017,25.215],[63.17,25.245],[63.49,25.201],[63.491,25.201],[63.492,25.201],[63.493,25.201],[63.493,25.201],[63.494,25.202],[63.495,25.202],[63.496,25.202],[63.497,25.203],[63.498,25.204],[63.498,25.204],[63.499,25.205],[63.5,25.206],[63.5,25.207],[63.5,25.208],[63.501,25.209],[63.501,25.209],[63.501,25.21],[63.506,25.293],[63.562,25.344],[63.721,25.376],[63.934,25.333],[63.935,25.333],[63.936,25.333],[63.937,25.333],[63.938,25.333],[63.939,25.333],[63.94,25.334],[63.94,25.334],[64.058,25.391],[64.146,25.325],[64.147,25.325],[64.148,25.324],[64.148,25.324],[64.149,25.323],[64.656,25.174],[64.657,25.174],[64.658,25.174],[64.659,25.174],[64.66,25.174],[64.661,25.174],[64.662,25.174],[64.663,25.175],[64.664,25.175],[64.665,25.176],[64.665,25.176],[64.666,25.177],[64.781,25.297],[65.061,25.301],[65.062,25.301],[65.063,25.301],[65.407,25.364],[65.679,25.345],[65.68,25.345],[65.681,25.345],[65.682,25.345],[65.683,25.345],[65.886,25.41],[66.235,25.454],[66.467,25.435],[66.468,25.435],[66.469,25.435],[66.47,25.435],[66.471,25.435],[66.472,25.436],[66.473,25.436],[66.474,25.437],[66.474,25.437],[66.475,25.438],[66.476,25.439],[66.476,25.439],[66.477,25.44],[66.477,25.441],[66.478,25.442],[66.478,25.443],[66.478,25.444],[66.478,25.445],[66.478,25.446],[66.478,25.447],[66.478,25.448],[66.477,25.449],[66.477,25.45],[66.476,25.45],[66.476,25.451],[66.475,25.452],[66.474,25.453],[66.474,25.453],[66.473,25.454],[66.361,25.516],[66.36,25.516],[66.359,25.517],[66.358,25.517],[66.357,25.517],[66.356,25.517],[66.355,25.517],[66.155,25.505],[66.223,25.58],[66.425,25.565],[66.525,25.478],[66.561,25.376],[66.561,25.375],[66.561,25.374],[66.562,25.373],[66.562,25.373],[66.689,25.222],[66.693,24.861],[66.693,24.86],[66.693,24.859],[66.693,24.858],[66.694,24.857],[66.694,24.856],[66.695,24.855],[66.695,24.855],[66.696,24.854],[66.697,24.853],[66.697,24.853],[66.698,24.852],[66.699,24.852],[66.7,24.851],[66.701,24.851],[67.163,24.748],[67.279,24.366],[67.299,24.174],[67.299,24.173],[67.299,24.172],[67.3,24.171],[67.3,24.17],[67.301,24.169],[67.357,24.086],[67.357,24.086],[67.358,24.085],[67.359,24.084],[67.359,24.084],[67.47,24.011],[67.555,23.877],[67.555,23.876],[67.556,23.875],[67.556,23.874],[67.557,23.874],[67.558,23.873],[67.559,23.873],[67.56,23.873],[67.561,23.872],[67.562,23.872],[67.563,23.872],[67.563,23.872],[67.564,23.872],[67.565,23.872],[67.566,23.873],[67.567,23.873],[67.639,23.906],[67.658,23.809],[67.658,23.808],[67.659,23.807],[67.659,23.806],[67.66,23.805],[67.66,23.805],[67.661,23.804],[67.662,23.803],[67.663,23.803],[67.663,23.802],[67.664,23.802],[67.665,23.801],[67.666,23.801],[67.667,23.801],[67.668,23.801],[67.669,23.801],[67.82,23.818],[67.821,23.818],[67.822,23.818],[67.823,23.819],[67.824,23.819],[67.825,23.82],[67.825,23.82],[67.826,23.821],[67.827,23.822],[67.827,23.822],[67.828,23.823],[67.863,23.888],[67.945,23.821],[67.945,23.821],[67.946,23.82],[67.947,23.82],[67.948,23.819],[67.949,23.819],[67.95,23.819],[67.951,23.819],[67.952,23.819],[67.953,23.819],[68.033,23.837],[68.108,23.747],[68.109,23.746],[68.11,23.745],[68.111,23.745],[68.111,23.744],[68.112,23.744],[68.113,23.743],[68.114,23.743],[68.115,23.743],[68.116,23.743],[68.117,23.743],[68.118,23.743],[68.119,23.744],[68.12,23.744],[68.121,23.744],[68.122,23.745],[68.123,23.746],[68.123,23.746],[68.124,23.747],[68.125,23.748],[68.125,23.749],[68.162,23.828],[68.225,23.594],[68.226,23.593],[68.226,23.593],[68.227,23.592],[68.227,23.591],[68.228,23.59],[68.228,23.589],[68.229,23.589],[68.23,23.588],[68.231,23.588],[68.232,23.587],[68.233,23.587],[68.234,23.587],[68.235,23.587],[68.236,23.587],[68.237,23.587],[68.345,23.607],[68.346,23.607],[68.347,23.608],[68.348,23.608],[68.349,23.609],[68.349,23.609],[68.502,23.739],[68.705,23.815],[68.448,23.637],[68.448,23.637],[68.447,23.636],[68.446,23.635],[68.446,23.634],[68.409,23.576],[68.408,23.576],[68.408,23.575],[68.407,23.574],[68.407,23.573],[68.407,23.572],[68.407,23.571],[68.407,23.57],[68.407,23.569],[68.408,23.568],[68.408,23.567],[68.408,23.566],[68.632,23.185],[68.633,23.184],[68.633,23.183],[68.634,23.183],[68.635,23.182],[68.811,23.046],[68.812,23.046],[68.813,23.045],[69.232,22.84],[69.232,22.84],[69.233,22.839],[69.234,22.839],[69.663,22.749],[69.664,22.749],[69.665,22.749],[69.666,22.749],[69.667,22.749],[69.668,22.749],[69.669,22.75],[70.121,22.937],[70.25,22.961],[70.336,22.931],[70.337,22.93],[70.338,22.93],[70.339,22.93],[70.34,22.93],[70.341,22.93],[70.342,22.93],[70.343,22.931],[70.343,22.931],[70.344,22.932],[70.345,22.932],[70.346,22.933],[70.347,22.933],[70.347,22.934],[70.441,23.068],[70.482,23.078],[70.501,23.008],[70.436,22.979],[70.435,22.979],[70.434,22.978],[70.434,22.978],[70.433,22.977],[70.432,22.976],[70.432,22.976],[70.171,22.582],[70.005,22.558],[70.003,22.558],[70.002,22.557],[70.001,22.557],[69.817,22.462],[69.729,22.475],[69.728,22.475],[69.728,22.475],[69.727,22.475],[69.726,22.475],[69.725,22.474],[69.724,22.474],[69.723,22.474],[69.722,22.473],[69.722,22.473],[69.652,22.414],[69.549,22.418],[69.548,22.418],[69.548,22.418],[69.547,22.418],[69.546,22.417],[69.545,22.417],[69.279,22.297],[69.138,22.423],[69.137,22.424],[69.136,22.425],[69.135,22.425],[69.134,22.425],[69.134,22.426],[69.055,22.447],[69.054,22.447],[69.053,22.447],[69.052,22.447],[69.051,22.447],[69.05,22.447],[69.049,22.446],[69.048,22.446],[69.047,22.446],[69.046,22.445],[68.977,22.393],[68.976,22.392],[68.976,22.392],[68.975,22.391],[68.974,22.39],[68.974,22.389],[68.974,22.388],[68.973,22.387],[68.973,22.386],[68.96,22.291],[68.96,22.29],[68.96,22.289],[68.96,22.288],[68.96,22.287],[68.961,22.286],[69.0,22.193],[69.0,22.192],[69.001,22.191],[69.002,22.19],[69.185,21.985],[69.185,21.984],[69.741,21.499],[70.12,21.088],[70.12,21.087],[70.121,21.087],[70.479,20.832],[70.48,20.831],[70.481,20.831],[70.715,20.731],[70.716,20.731],[70.717,20.73],[70.717,20.73],[70.878,20.705],[70.88,20.705],[70.881,20.705],[70.882,20.705],[71.027,20.729],[71.027,20.729],[71.028,20.73],[71.399,20.861],[71.4,20.861],[72.019,21.147],[72.02,21.147],[72.021,21.148],[72.022,21.148],[72.022,21.149],[72.023,21.15],[72.023,21.151],[72.262,21.526],[72.263,21.526],[72.263,21.527],[72.264,21.528],[72.264,21.529],[72.264,21.53],[72.264,21.531],[72.267,21.661],[72.267,21.662],[72.267,21.663],[72.267,21.664],[72.266,21.665],[72.266,21.666],[72.265,21.667],[72.218,21.734],[72.218,21.734],[72.179,21.78],[72.178,21.781],[72.177,21.782],[72.176,21.782],[72.175,21.783],[72.174,21.783],[72.052,21.828],[72.102,21.913],[72.25,22.02],[72.251,22.021],[72.251,22.021],[72.252,22.022],[72.253,22.023],[72.253,22.024],[72.283,22.086],[72.284,22.087],[72.316,22.186],[72.316,22.187],[72.316,22.188],[72.316,22.189],[72.316,22.19],[72.316,22.191],[72.316,22.192],[72.315,22.193],[72.315,22.194],[72.314,22.195],[72.314,22.195],[72.313,22.196],[72.312,22.197],[72.311,22.197],[72.221,22.257],[72.455,22.238],[72.456,22.238],[72.457,22.238],[72.458,22.238],[72.59,22.268],[72.767,22.231],[72.55,22.17],[72.549,22.169],[72.548,22.169],[72.547,22.168],[72.547,22.168],[72.546,22.167],[72.545,22.166],[72.545,22.165],[72.544,22.165],[72.544,22.164],[72.543,22.163],[72.543,22.162],[72.512,21.978],[72.512,21.977],[72.512,21.976],[72.512,21.975],[72.512,21.974],[72.513,21.973],[72.513,21.972],[72.513,21.971],[72.514,21.97],[72.515,21.969],[72.515,21.969],[72.516,21.968],[72.517,21.967],[72.518,21.967],[72.519,21.967],[72.52,21.966],[72.521,21.966],[72.522,21.966],[72.674,21.963],[72.585,21.886],[72.585,21.885],[72.584,21.884],[72.584,21.883],[72.583,21.882],[72.583,21.882],[72.582,21.881],[72.533,21.7],[72.533,21.699],[72.533,21.698],[72.533,21.697],[72.533,21.696],[72.533,21.695],[72.534,21.694],[72.534,21.693],[72.534,21.692],[72.535,21.691],[72.536,21.69],[72.536,21.69],[72.537,21.689],[72.538,21.688],[72.539,21.688],[72.54,21.688],[72.541,21.687],[72.542,21.687],[72.543,21.687],[72.84,21.677],[72.841,21.677],[72.841,21.677],[72.842,21.677],[73.006,21.715],[72.807,21.629],[72.806,21.629],[72.805,21.628],[72.805,21.628],[72.607,21.47],[72.606,21.469],[72.605,21.468],[72.605,21.468],[72.604,21.467],[72.604,21.466],[72.603,21.465],[72.603,21.464],[72.603,21.463],[72.603,21.462],[72.603,21.461],[72.603,21.46],[72.603,21.459],[72.604,21.458],[72.604,21.457],[72.605,21.457],[72.605,21.456],[72.606,21.455],[72.606,21.454],[72.607,21.454],[72.608,21.453],[72.609,21.453],[72.61,21.452],[72.611,21.452],[72.612,21.452],[72.613,21.452],[72.614,21.452],[72.706,21.459],[72.617,21.379],[72.617,21.379],[72.616,21.378],[72.615,21.377],[72.615,21.376],[72.615,21.375],[72.614,21.374],[72.614,21.374],[72.614,21.373],[72.614,21.372],[72.614,21.371],[72.614,21.37],[72.615,21.369],[72.683,21.175],[72.683,21.174],[72.683,21.173],[72.684,21.172],[72.684,21.171],[72.685,21.171],[72.686,21.17],[72.687,21.17],[72.688,21.169],[72.805,21.11],[72.884,20.673],[72.871,20.565],[72.7,20.081],[72.699,20.08],[72.699,20.08],[72.658,19.833],[72.658,19.832],[72.658,19.831],[72.658,19.83],[72.658,19.829],[72.717,19.576],[72.718,19.575],[72.718,19.574],[72.718,19.573],[72.719,19.572],[72.719,19.572],[72.72,19.571],[72.721,19.57],[72.786,19.518],[72.748,19.456],[72.747,19.455],[72.747,19.454],[72.746,19.454],[72.746,19.453],[72.746,19.452],[72.746,19.451],[72.746,19.45],[72.746,19.449],[72.747,19.448],[72.779,19.36],[72.779,19.359],[72.779,19.358],[72.78,19.357],[72.781,19.356],[72.781,19.355],[72.782,19.355],[72.783,19.354],[72.784,19.354],[72.919,19.296],[72.813,19.309],[72.812,19.309],[72.811,19.309],[72.81,19.309],[72.809,19.309],[72.808,19.308],[72.808,19.308],[72.807,19.307],[72.806,19.307],[72.805,19.306],[72.804,19.306],[72.804,19.305],[72.803,19.304],[72.803,19.303],[72.803,19.302],[72.802,19.301],[72.802,19.3],[72.802,19.299],[72.793,19.079],[72.793,19.078],[72.793,19.077],[72.793,19.076],[72.825,18.973],[72.826,18.972],[72.826,18.971],[72.827,18.97],[72.827,18.97],[72.828,18.969],[72.829,18.968],[72.83,18.968],[72.83,18.967],[72.831,18.967],[72.832,18.966],[72.833,18.966],[72.834,18.966],[72.835,18.966],[72.836,18.966],[72.837,18.966],[72.838,18.967],[72.839,18.967],[72.84,18.967],[72.906,19.006],[72.907,19.007],[72.908,19.007],[72.908,19.008],[72.909,19.009],[72.909,19.01],[72.91,19.01],[72.969,19.125],[72.995,19.022],[72.89,18.783],[72.889,18.782],[72.889,18.781],[72.865,18.645],[72.865,18.644],[72.865,18.643],[72.865,18.642],[72.865,18.641],[72.866,18.64],[72.866,18.639],[72.867,18.638],[72.907,18.572],[72.984,18.096],[72.984,18.096],[72.985,18.095],[73.146,17.621],[73.139,17.528],[73.139,17.527],[73.139,17.525],[73.139,17.524],[73.229,17.197],[73.328,16.459],[73.328,16.458],[73.329,16.457],[73.467,16.051],[73.467,16.05],[73.467,16.049],[73.468,16.048],[73.599,15.866],[73.671,15.705],[73.671,15.704],[73.672,15.703],[73.672,15.703],[73.673,15.702],[73.726,15.65],[73.727,15.649],[73.728,15.649],[73.728,15.648],[73.729,15.648],[73.73,15.647],[73.731,15.647],[73.732,15.647],[73.733,15.647],[73.813,15.649],[73.764,15.579],[73.763,15.578],[73.763,15.577],[73.763,15.576],[73.762,15.575],[73.762,15.574],[73.762,15.573],[73.762,15.572],[73.762,15.571],[73.762,15.57],[73.763,15.57],[73.763,15.569],[73.763,15.568],[73.764,15.567],[73.765,15.566],[73.909,15.407],[73.801,15.407],[73.8,15.407],[73.799,15.407],[73.798,15.407],[73.797,15.406],[73.796,15.406],[73.796,15.405],[73.795,15.405],[73.794,15.404],[73.793,15.403],[73.793,15.403],[73.792,15.402],[73.792,15.401],[73.792,15.4],[73.791,15.399],[73.791,15.398],[73.791,15.397],[73.791,15.396],[73.791,15.395],[73.791,15.394],[73.792,15.394],[73.792,15.393],[73.792,15.392],[73.793,15.391],[73.794,15.39],[73.875,15.301],[73.939,15.072],[73.94,15.071],[73.94,15.071],[73.94,15.07],[73.941,15.069],[74.373,14.491],[74.489,14.043],[74.49,14.043],[74.49,14.042],[74.661,13.665],[74.761,13.075],[74.761,13.075],[74.762,13.074],[74.937,12.562],[74.937,12.561],[75.188,12.054],[75.189,12.053],[75.189,12.052],[75.19,12.051],[75.517,11.697],[75.715,11.358],[75.914,10.781],[75.914,10.78],[76.191,10.199],[76.186,10.086],[76.186,10.086],[76.186,10.085],[76.186,10.084],[76.187,10.083],[76.187,10.082],[76.214,10.02],[76.214,10.019],[76.215,10.018],[76.215,10.018],[76.216,10.017],[76.217,10.016],[76.337,9.916],[76.445,9.547],[76.385,9.55],[76.353,9.828],[76.353,9.829],[76.353,9.83],[76.352,9.831],[76.352,9.832],[76.351,9.833],[76.351,9.833],[76.35,9.834],[76.249,9.934],[76.248,9.935],[76.248,9.935],[76.247,9.936],[76.246,9.936],[76.245,9.937],[76.244,9.937],[76.243,9.937],[76.242,9.937],[76.241,9.937],[76.24,9.937],[76.239,9.937],[76.238,9.936],[76.237,9.936],[76.237,9.935],[76.236,9.935],[76.235,9.934],[76.234,9.933],[76.234,9.933],[76.233,9.932],[76.233,9.931],[76.232,9.93],[76.232,9.929],[76.232,9.928],[76.232,9.927],[76.232,9.926],[76.232,9.925],[76.315,9.45],[76.315,9.449],[76.316,9.449],[76.394,9.234],[76.394,9.233],[76.394,9.232],[76.395,9.231],[76.396,9.23],[76.463,9.156],[76.543,8.9],[76.544,8.899],[76.544,8.898],[76.545,8.897],[76.545,8.897],[76.959,8.401],[76.96,8.4],[76.961,8.399],[77.295,8.137],[77.296,8.137],[77.296,8.136],[77.297,8.136],[77.298,8.135],[77.515,8.068],[77.516,8.068],[77.517,8.068],[77.518,8.068],[77.519,8.068],[77.52,8.068],[77.521,8.068],[77.522,8.069],[77.774,8.181],[77.775,8.181],[77.776,8.182],[78.066,8.377],[78.066,8.377],[78.067,8.378],[78.068,8.379],[78.068,8.38],[78.069,8.38],[78.135,8.506],[78.135,8.507],[78.136,8.508],[78.136,8.509],[78.201,8.886],[78.426,9.096],[78.981,9.259],[79.211,9.246],[79.408,9.182],[79.409,9.182],[79.41,9.182],[79.411,9.182],[79.412,9.182],[79.413,9.182],[79.414,9.182],[79.415,9.183],[79.416,9.183],[79.416,9.184],[79.417,9.184],[79.418,9.185],[79.419,9.186],[79.419,9.186],[79.42,9.187],[79.42,9.188],[79.421,9.189],[79.421,9.19],[79.421,9.191],[79.421,9.192],[79.421,9.193],[79.421,9.194],[79.421,9.195],[79.42,9.196],[79.42,9.197],[79.419,9.197],[79.419,9.198],[79.418,9.199],[79.417,9.2],[79.417,9.2],[79.281,9.293],[79.28,9.294],[79.279,9.294],[79.278,9.295],[79.277,9.295],[79.025,9.342],[78.93,9.455],[79.005,9.678],[79.266,10.029],[79.267,10.03],[79.267,10.031],[79.267,10.032],[79.268,10.032],[79.268,10.033],[79.268,10.034],[79.268,10.035],[79.264,10.172],[79.322,10.25],[79.395,10.296],[79.532,10.32],[79.665,10.29],[79.666,10.29],[79.667,10.29],[79.667,10.29],[79.668,10.29],[79.839,10.313],[79.84,10.313],[79.841,10.314],[79.842,10.314],[79.843,10.314],[79.844,10.315],[79.844,10.315],[79.845,10.316],[79.846,10.317],[79.846,10.317],[79.847,10.318],[79.847,10.319],[79.848,10.32],[79.848,10.321],[79.848,10.322],[79.848,10.323],[79.859,11.197],[79.859,11.198],[79.859,11.199],[79.859,11.199],[79.858,11.2],[79.808,11.342],[79.808,11.343],[79.808,11.344],[79.807,11.345],[79.806,11.346],[79.806,11.346],[79.805,11.347],[79.804,11.348],[79.803,11.348],[79.802,11.348],[79.801,11.349],[79.801,11.349],[79.8,11.349],[79.799,11.349],[79.798,11.349],[79.797,11.349],[79.718,11.329],[79.801,11.441],[79.802,11.442],[79.802,11.443],[79.802,11.443],[79.803,11.444],[79.803,11.445],[79.803,11.446],[79.803,11.447],[79.803,11.448],[79.803,11.449],[79.803,11.45],[79.764,11.575],[79.867,11.985],[79.991,12.23],[80.151,12.446],[80.152,12.447],[80.152,12.448],[80.152,12.449],[80.238,12.687],[80.239,12.687],[80.239,12.688],[80.352,13.359],[80.352,13.36],[80.352,13.361],[80.352,13.362],[80.352,13.363],[80.352,13.364],[80.351,13.365],[80.351,13.366],[80.35,13.367],[80.298,13.443],[80.298,13.443],[80.297,13.444],[80.296,13.445],[80.295,13.445],[80.295,13.446],[80.121,13.537],[80.075,13.605],[80.155,13.698],[80.299,13.479],[80.299,13.479],[80.3,13.478],[80.301,13.477],[80.301,13.477],[80.302,13.476],[80.303,13.476],[80.304,13.475],[80.305,13.475],[80.306,13.475],[80.307,13.475],[80.308,13.475],[80.309,13.475],[80.31,13.475],[80.311,13.476],[80.312,13.476],[80.312,13.477],[80.313,13.477],[80.314,13.478],[80.315,13.478],[80.315,13.479],[80.316,13.48],[80.316,13.481],[80.316,13.482],[80.317,13.483],[80.317,13.484],[80.317,13.485],[80.317,13.486],[80.317,13.487],[80.317,13.488],[80.123,14.211],[80.179,14.345],[80.18,14.346],[80.18,14.347],[80.18,14.348],[80.189,14.477],[80.189,14.478],[80.189,14.479],[80.189,14.48],[80.063,15.074],[80.111,15.321],[80.301,15.705],[80.39,15.784],[80.648,15.885],[80.775,15.858],[80.817,15.762],[80.817,15.761],[80.818,15.76],[80.818,15.759],[80.819,15.759],[80.82,15.758],[80.821,15.758],[80.822,15.757],[80.823,15.757],[80.823,15.756],[80.824,15.756],[80.825,15.756],[80.978,15.748],[80.979,15.748],[80.98,15.748],[80.981,15.748],[80.982,15.749],[80.983,15.749],[80.984,15.749],[80.985,15.75],[80.985,15.75],[80.986,15.751],[80.987,15.752],[80.987,15.753],[80.988,15.753],[80.988,15.754],[81.038,15.875],[81.138,15.954],[81.139,15.955],[81.14,15.956],[81.14,15.956],[81.141,15.957],[81.141,15.958],[81.293,16.328],[81.403,16.355],[81.761,16.319],[81.762,16.319],[81.763,16.319],[81.764,16.319],[81.765,16.32],[81.766,16.32],[82.263,16.551],[82.264,16.551],[82.265,16.552],[82.266,16.553],[82.266,16.553],[82.267,16.554],[82.268,16.555],[82.268,16.556],[82.369,16.779],[82.369,16.78],[82.37,16.781],[82.37,16.782],[82.37,16.783],[82.37,16.784],[82.37,16.785],[82.37,16.786],[82.369,16.787],[82.369,16.788],[82.293,16.936],[82.368,17.089],[82.598,17.265],[82.981,17.453],[82.983,17.454],[83.204,17.601],[83.204,17.601],[83.205,17.602],[83.66,18.062],[84.108,18.284],[84.109,18.285],[84.11,18.285],[84.111,18.286],[84.112,18.286],[84.699,18.958],[84.699,18.959],[84.7,18.96],[84.7,18.961],[84.779,19.119],[85.232,19.5],[85.447,19.618],[85.448,19.619],[85.448,19.619],[85.449,19.62],[85.45,19.621],[85.45,19.621],[85.451,19.622],[85.451,19.623],[85.452,19.624],[85.452,19.625],[85.452,19.626],[85.452,19.627],[85.452,19.628],[85.452,19.629],[85.447,19.659],[85.447,19.66],[85.446,19.661],[85.446,19.661],[85.445,19.662],[85.445,19.663],[85.444,19.664],[85.444,19.665],[85.443,19.665],[85.442,19.666],[85.441,19.666],[85.44,19.666],[85.374,19.688],[85.373,19.689],[85.372,19.689],[85.371,19.689],[85.371,19.689],[85.37,19.689],[85.369,19.689],[85.368,19.688],[85.367,19.688],[85.185,19.607],[85.175,19.621],[85.256,19.751],[85.462,19.885],[85.501,19.878],[85.545,19.86],[85.55,19.757],[85.49,19.704],[85.49,19.704],[85.489,19.703],[85.488,19.702],[85.488,19.701],[85.488,19.7],[85.487,19.7],[85.487,19.699],[85.487,19.698],[85.487,19.697],[85.487,19.696],[85.487,19.695],[85.488,19.694],[85.488,19.693],[85.488,19.692],[85.489,19.691],[85.49,19.69],[85.49,19.69],[85.491,19.689],[85.492,19.688],[85.493,19.688],[85.494,19.688],[85.495,19.687],[85.496,19.687],[85.496,19.687],[85.574,19.683],[85.575,19.683],[85.576,19.683],[85.577,19.683],[85.578,19.683],[86.219,19.886],[86.219,19.887],[86.282,19.91],[86.283,19.91],[86.284,19.91],[86.285,19.911],[86.286,19.912],[86.286,19.912],[86.287,19.913],[86.288,19.914],[86.288,19.915],[86.321,19.984],[86.321,19.985],[86.322,19.985],[86.322,19.986],[86.322,19.987],[86.322,19.988],[86.322,19.989],[86.322,19.99],[86.321,19.991],[86.321,19.992],[86.321,19.993],[86.32,19.994],[86.32,19.994],[86.319,19.995],[86.284,20.029],[86.374,19.998],[86.375,19.997],[86.376,19.997],[86.377,19.997],[86.378,19.997],[86.379,19.997],[86.379,19.997],[86.38,19.998],[86.381,19.998],[86.382,19.998],[86.383,19.999],[86.384,20.0],[86.384,20.0],[86.385,20.001],[86.506,20.164],[86.755,20.304],[86.756,20.305],[86.756,20.305],[86.757,20.306],[86.758,20.307],[86.758,20.307],[86.759,20.308],[86.759,20.309],[86.76,20.31],[86.76,20.311],[86.76,20.312],[86.773,20.415],[86.983,20.694],[86.984,20.695],[86.984,20.696],[86.984,20.697],[86.985,20.698],[86.985,20.699],[86.985,20.7],[86.985,20.701],[86.985,20.702],[86.985,20.703],[86.984,20.704],[86.984,20.705],[86.983,20.705],[86.983,20.706],[86.948,20.75],[86.852,21.107],[86.869,21.233],[87.106,21.492],[87.681,21.644],[87.682,21.645],[87.682,21.645],[87.683,21.646],[87.953,21.817],[87.954,21.817],[87.955,21.818],[87.956,21.818],[87.956,21.819],[88.167,22.116],[88.168,22.117],[88.168,22.118],[88.168,22.119],[88.169,22.12],[88.169,22.121],[88.169,22.122],[88.169,22.123],[88.169,22.124],[88.169,22.125],[88.168,22.126],[88.168,22.127],[88.167,22.127],[88.167,22.128],[88.166,22.129],[88.165,22.13],[88.165,22.13],[87.971,22.261],[87.963,22.306],[87.985,22.262],[87.985,22.261],[87.986,22.26],[87.987,22.259],[87.987,22.259],[87.988,22.258],[87.989,22.258],[88.184,22.136],[88.047,21.697],[88.047,21.696],[88.047,21.695],[88.047,21.694],[88.047,21.693],[88.047,21.692],[88.047,21.691],[88.048,21.69],[88.048,21.69],[88.049,21.689],[88.049,21.688],[88.05,21.687],[88.05,21.687],[88.115,21.629],[88.116,21.628],[88.117,21.627],[88.118,21.627],[88.119,21.626],[88.12,21.626],[88.121,21.626],[88.253,21.612],[88.254,21.612],[88.255,21.612],[88.256,21.612],[88.257,21.612],[88.258,21.613],[88.259,21.613],[88.259,21.614],[88.26,21.614],[88.261,21.615],[88.262,21.615],[88.262,21.616],[88.263,21.617],[88.263,21.618],[88.263,21.619],[88.264,21.62],[88.293,21.739],[88.439,21.607],[88.44,21.606],[88.441,21.605],[88.442,21.605],[88.443,21.605],[88.443,21.604],[88.444,21.604],[88.445,21.604],[88.446,21.604],[88.447,21.604],[88.448,21.604],[88.449,21.605],[88.588,21.651],[88.589,21.651],[88.59,21.651],[88.591,21.652],[88.592,21.652],[88.592,21.653],[88.593,21.654],[88.593,21.655],[88.594,21.655],[88.594,21.656],[88.595,21.657],[88.61,21.711],[88.61,21.712],[88.61,21.713],[88.61,21.714],[88.61,21.715],[88.61,21.716],[88.61,21.717],[88.577,21.832],[88.643,22.086],[88.65,22.064],[88.651,22.063],[88.651,22.062],[88.652,22.061],[88.653,22.06],[88.653,22.06],[88.654,22.059],[88.655,22.058],[88.656,22.058],[88.657,22.058],[88.658,22.057],[88.702,22.047],[88.729,22.003],[88.681,21.735],[88.681,21.734],[88.681,21.732],[88.685,21.661],[88.685,21.66],[88.685,21.659],[88.686,21.658],[88.686,21.657],[88.687,21.657],[88.737,21.579],[88.737,21.578],[88.738,21.577],[88.739,21.576],[88.739,21.576],[88.74,21.575],[88.741,21.575],[88.742,21.574],[88.743,21.574],[88.744,21.574],[88.745,21.574],[88.746,21.574],[88.747,21.574],[88.748,21.574],[88.749,21.575],[88.75,21.575],[88.751,21.576],[88.752,21.576],[88.841,21.653],[88.841,21.654],[88.842,21.655],[88.842,21.656],[88.843,21.656],[88.843,21.657],[88.844,21.658],[88.861,21.718],[88.898,21.648],[88.899,21.647],[88.899,21.647],[88.9,21.646],[88.901,21.645],[88.901,21.645],[88.902,21.644],[88.903,21.644],[88.904,21.643],[88.905,21.643],[88.906,21.643],[88.907,21.643],[89.052,21.644],[89.053,21.644],[89.054,21.644],[89.055,21.644],[89.056,21.645],[89.057,21.645],[89.058,21.646],[89.058,21.646],[89.059,21.647],[89.06,21.648],[89.06,21.648],[89.061,21.649],[89.061,21.65],[89.062,21.651],[89.062,21.652],[89.062,21.653],[89.062,21.654],[89.062,21.655],[89.062,21.656],[89.03,21.836],[89.03,21.837],[89.029,21.838],[89.029,21.839],[89.028,21.84],[88.968,21.928],[89.028,21.927],[89.029,21.927],[89.03,21.927],[89.031,21.927],[89.032,21.928],[89.032,21.928],[89.033,21.929],[89.034,21.929],[89.035,21.93],[89.036,21.93],[89.036,21.931],[89.037,21.932],[89.037,21.933],[89.037,21.934],[89.038,21.935],[89.038,21.936],[89.052,22.034],[89.084,21.871],[89.084,21.87],[89.085,21.869],[89.085,21.868],[89.086,21.868],[89.086,21.867],[89.087,21.866],[89.227,21.715],[89.227,21.714],[89.228,21.714],[89.229,21.713],[89.23,21.713],[89.231,21.712],[89.232,21.712],[89.233,21.712],[89.234,21.712],[89.354,21.711],[89.355,21.711],[89.356,21.711],[89.357,21.711],[89.358,21.712],[89.359,21.712],[89.36,21.713],[89.361,21.713],[89.361,21.714],[89.362,21.715],[89.509,21.908],[89.51,21.909],[89.51,21.91],[89.51,21.911],[89.511,21.912],[89.511,21.913],[89.511,21.913],[89.511,21.914],[89.501,22.107],[89.559,21.765],[89.559,21.764],[89.56,21.763],[89.56,21.763],[89.56,21.762],[89.561,21.761],[89.562,21.76],[89.562,21.76],[89.563,21.759],[89.564,21.758],[89.565,21.758],[89.566,21.758],[89.567,21.757],[89.568,21.757],[89.569,21.757],[89.569,21.757],[89.57,21.757],[89.571,21.757],[89.572,21.758],[89.573,21.758],[89.574,21.758],[89.575,21.759],[89.576,21.76],[89.819,21.976],[89.819,21.976],[89.82,21.977],[89.82,21.978],[89.821,21.979],[89.821,21.979],[89.862,22.087],[89.863,22.088],[89.863,22.089],[89.863,22.09],[89.884,22.307],[89.908,22.115]],[[104.438,-0.185],[104.438,-0.186],[104.437,-0.187],[104.437,-0.188],[104.437,-0.189],[104.437,-0.19],[104.437,-0.191],[104.437,-0.191],[104.438,-0.192],[104.438,-0.193],[104.438,-0.194],[104.439,-0.195],[104.44,-0.196],[104.44,-0.196],[104.441,-0.197],[104.442,-0.198],[104.443,-0.198],[104.563,-0.255],[104.564,-0.255],[104.565,-0.256],[104.566,-0.256],[104.567,-0.256],[104.568,-0.256],[104.569,-0.256],[104.57,-0.256],[104.701,-0.22],[104.909,-0.332],[104.91,-0.332],[104.911,-0.333],[104.912,-0.333],[104.913,-0.333],[104.914,-0.333],[104.915,-0.333],[104.916,-0.333],[104.917,-0.332],[104.918,-0.332],[105.004,-0.292],[105.005,-0.292],[105.006,-0.291],[105.007,-0.29],[105.007,-0.29],[105.008,-0.289],[105.009,-0.288],[105.009,-0.287],[105.009,-0.286],[105.01,-0.285],[105.01,-0.284],[105.01,-0.284],[105.01,-0.283],[105.01,-0.282],[105.01,-0.281],[105.009,-0.28],[105.009,-0.279],[105.009,-0.278],[105.008,-0.277],[105.007,-0.276],[105.007,-0.276],[104.85,-0.134],[104.849,-0.133],[104.848,-0.132],[104.847,-0.132],[104.846,-0.132],[104.845,-0.131],[104.844,-0.131],[104.843,-0.131],[104.842,-0.131],[104.841,-0.131],[104.84,-0.131],[104.839,-0.132],[104.838,-0.132],[104.838,-0.133],[104.837,-0.133],[104.836,-0.134],[104.835,-0.135],[104.835,-0.135],[104.806,-0.178],[104.662,-0.07],[104.646,-0.015],[104.645,-0.014],[104.645,-0.013],[104.644,-0.012],[104.644,-0.012],[104.643,-0.011],[104.642,-0.01],[104.641,-0.01],[104.641,-0.009],[104.64,-0.009],[104.547,0.027],[104.546,0.028],[104.545,0.028],[104.544,0.028],[104.543,0.028],[104.542,0.028],[104.541,0.028],[104.54,0.027],[104.539,0.027],[104.538,0.027],[104.537,0.026],[104.536,0.025],[104.536,0.025],[104.535,0.024],[104.534,0.023],[104.534,0.022],[104.438,-0.185]],[[98.008,4.668],[97.917,4.884],[97.917,4.885],[97.916,4.886],[97.915,4.887],[97.915,4.887],[97.554,5.213],[97.553,5.214],[97.552,5.215],[97.551,5.215],[97.55,5.216],[97.454,5.246],[97.453,5.246],[97.452,5.246],[97.451,5.246],[97.45,5.246],[97.19,5.217],[96.845,5.284],[96.844,5.284],[96.843,5.284],[96.842,5.284],[96.841,5.284],[96.615,5.23],[96.137,5.304],[95.847,5.523],[95.846,5.524],[95.845,5.524],[95.633,5.618],[95.632,5.619],[95.631,5.619],[95.63,5.619],[95.397,5.639],[95.396,5.639],[95.395,5.639],[95.394,5.639],[95.393,5.639],[95.392,5.638],[95.224,5.574],[95.224,5.574],[95.223,5.574],[95.222,5.573],[95.221,5.572],[95.221,5.572],[95.22,5.571],[95.219,5.57],[95.219,5.569],[95.219,5.568],[95.218,5.568],[95.218,5.567],[95.218,5.566],[95.218,5.565],[95.218,5.564],[95.237,5.412],[95.197,5.287],[95.197,5.286],[95.197,5.285],[95.197,5.284],[95.197,5.283],[95.197,5.282],[95.197,5.281],[95.198,5.28],[95.198,5.279],[95.423,4.86],[95.424,4.859],[95.571,4.656],[95.571,4.655],[95.572,4.655],[95.981,4.256],[95.982,4.255],[96.223,4.066],[96.437,3.81],[96.438,3.809],[96.439,3.808],[96.44,3.807],[96.52,3.758],[96.521,3.758],[96.522,3.758],[96.523,3.757],[96.797,3.7],[96.962,3.568],[97.383,2.969],[97.383,2.968],[97.384,2.968],[97.385,2.967],[97.386,2.967],[97.582,2.841],[97.691,2.357],[97.691,2.356],[97.692,2.355],[97.692,2.354],[97.693,2.353],[97.693,2.353],[97.694,2.352],[97.695,2.351],[97.789,2.275],[97.789,2.275],[97.79,2.274],[97.791,2.274],[97.792,2.273],[98.083,2.186],[98.587,1.858],[98.787,1.491],[99.149,0.349],[99.15,0.348],[99.15,0.347],[99.151,0.346],[99.151,0.346],[99.152,0.345],[99.153,0.344],[99.329,0.201],[99.33,0.201],[99.331,0.2],[99.663,0.037],[99.851,-0.319],[99.852,-0.32],[99.853,-0.321],[100.28,-0.804],[100.478,-1.303],[100.478,-1.303],[100.478,-1.304],[100.845,-1.937],[100.843,-2.0],[100.843,-2.001],[100.843,-2.002],[100.843,-2.003],[100.844,-2.004],[100.844,-2.005],[100.845,-2.005],[100.845,-2.006],[100.846,-2.007],[100.847,-2.008],[100.847,-2.008],[100.848,-2.009],[100.849,-2.009],[100.85,-2.01],[100.851,-2.01],[100.852,-2.01],[100.853,-2.01],[104.704,-2.01],[104.705,-2.01],[104.706,-2.01],[104.707,-2.01],[104.708,-2.009],[104.709,-2.009],[104.709,-2.008],[104.71,-2.008],[104.711,-2.007],[104.712,-2.006],[104.712,-2.006],[104.713,-2.005],[104.713,-2.004],[104.714,-2.003],[104.714,-2.002],[104.714,-2.001],[104.714,-2.0],[104.714,-1.999],[104.714,-1.998],[104.714,-1.997],[104.713,-1.996],[104.713,-1.996],[104.712,-1.995],[104.712,-1.994],[104.711,-1.993],[104.711,-1.992],[104.71,-1.992],[104.709,-1.991],[104.577,-1.915],[104.526,-1.817],[104.529,-1.699],[104.529,-1.698],[104.529,-1.698],[104.529,-1.697],[104.371,-1.036],[104.37,-1.035],[104.37,-1.034],[104.37,-1.033],[104.369,-1.032],[104.369,-1.031],[104.368,-1.031],[104.367,-1.03],[104.366,-1.03],[104.366,-1.029],[104.365,-1.029],[104.364,-1.028],[104.363,-1.028],[104.362,-1.028],[104.361,-1.028],[104.36,-1.028],[104.2,-1.044],[103.726,-0.878],[103.541,-0.748],[103.449,-0.573],[103.442,-0.538],[103.516,-0.474],[103.516,-0.473],[103.517,-0.472],[103.517,-0.471],[103.518,-0.471],[103.518,-0.47],[103.519,-0.469],[103.519,-0.468],[103.519,-0.467],[103.519,-0.466],[103.519,-0.465],[103.519,-0.464],[103.519,-0.463],[103.505,-0.415],[103.504,-0.414],[103.504,-0.413],[103.503,-0.412],[103.503,-0.412],[103.502,-0.411],[103.501,-0.41],[103.5,-0.41],[103.418,-0.358],[103.453,-0.276],[103.454,-0.275],[103.454,-0.274],[103.454,-0.273],[103.454,-0.272],[103.454,-0.271],[103.454,-0.27],[103.454,-0.269],[103.453,-0.268],[103.453,-0.267],[103.452,-0.266],[103.452,-0.266],[103.451,-0.265],[103.424,-0.237],[103.437,-0.198],[103.793,0.039],[103.793,0.039],[103.794,0.04],[103.795,0.041],[103.795,0.042],[103.796,0.042],[103.796,0.043],[103.797,0.044],[103.797,0.045],[103.797,0.046],[103.797,0.047],[103.797,0.048],[103.797,0.049],[103.796,0.05],[103.796,0.051],[103.682,0.293],[103.682,0.294],[103.681,0.295],[103.681,0.295],[103.68,0.296],[103.486,0.487],[103.485,0.488],[103.484,0.488],[103.483,0.489],[103.482,0.489],[103.481,0.49],[103.341,0.524],[103.34,0.524],[103.339,0.524],[103.338,0.524],[103.337,0.524],[103.336,0.524],[103.335,0.523],[103.334,0.523],[102.893,0.289],[102.633,0.241],[103.012,0.406],[103.013,0.406],[103.014,0.407],[103.015,0.407],[103.015,0.408],[103.016,0.409],[103.075,0.486],[103.075,0.487],[103.076,0.488],[103.076,0.488],[103.077,0.489],[103.077,0.49],[103.077,0.491],[103.077,0.492],[103.077,0.493],[103.077,0.494],[103.077,0.495],[103.076,0.496],[103.041,0.583],[103.041,0.584],[103.04,0.584],[103.04,0.585],[103.039,0.586],[103.039,0.586],[103.038,0.587],[102.855,0.723],[102.854,0.724],[102.853,0.724],[102.852,0.724],[102.851,0.725],[102.85,0.725],[102.569,0.759],[102.396,0.85],[102.248,0.995],[102.167,1.262],[102.166,1.263],[102.166,1.264],[102.165,1.264],[102.165,1.265],[102.028,1.448],[102.027,1.449],[102.027,1.449],[102.026,1.45],[101.791,1.629],[101.79,1.63],[101.789,1.63],[101.788,1.63],[101.787,1.631],[101.482,1.702],[101.413,1.763],[101.31,2.016],[101.31,2.017],[101.309,2.018],[101.309,2.018],[101.308,2.019],[101.053,2.264],[101.052,2.265],[101.051,2.266],[101.05,2.266],[101.049,2.266],[100.939,2.304],[100.938,2.305],[100.937,2.305],[100.936,2.305],[100.935,2.305],[100.934,2.305],[100.933,2.305],[100.933,2.304],[100.932,2.304],[100.824,2.252],[100.823,2.252],[100.822,2.251],[100.821,2.25],[100.82,2.25],[100.82,2.249],[100.819,2.248],[100.819,2.247],[100.818,2.246],[100.818,2.245],[100.818,2.244],[100.807,2.141],[100.807,2.14],[100.807,2.139],[100.807,2.138],[100.807,2.137],[100.808,2.136],[100.808,2.135],[100.809,2.134],[100.867,2.047],[100.875,1.972],[100.691,2.128],[100.691,2.128],[100.69,2.129],[100.689,2.129],[100.53,2.197],[100.135,2.654],[99.915,2.993],[99.915,2.994],[99.914,2.995],[99.739,3.19],[99.739,3.191],[99.738,3.191],[99.157,3.589],[99.156,3.59],[99.155,3.59],[98.785,3.767],[98.667,3.934],[98.667,3.935],[98.666,3.935],[98.665,3.936],[98.664,3.937],[98.663,3.937],[98.314,4.101],[98.252,4.197],[98.283,4.32],[98.283,4.321],[98.283,4.322],[98.283,4.323],[98.283,4.324],[98.283,4.325],[98.258,4.418],[98.257,4.419],[98.257,4.42],[98.256,4.42],[98.256,4.421],[98.255,4.422],[98.008,4.668]],[[104.501,0.242],[104.5,0.242],[104.499,0.242],[104.498,0.242],[104.497,0.242],[104.496,0.242],[104.495,0.241],[104.494,0.241],[104.494,0.24],[104.493,0.24],[104.492,0.239],[104.491,0.238],[104.491,0.238],[104.49,0.237],[104.49,0.236],[104.489,0.235],[104.489,0.234],[104.489,0.233],[104.489,0.232],[104.489,0.231],[104.489,0.23],[104.489,0.229],[104.49,0.228],[104.49,0.228],[104.491,0.227],[104.491,0.226],[104.596,0.089],[104.597,0.088],[104.597,0.088],[104.598,0.087],[104.599,0.087],[104.693,0.027],[104.693,0.026],[104.694,0.026],[104.695,0.025],[104.696,0.025],[104.697,0.025],[104.698,0.025],[104.699,0.025],[104.7,0.025],[104.701,0.025],[104.702,0.026],[104.703,0.026],[104.704,0.027],[104.704,0.027],[104.705,0.028],[104.706,0.029],[104.706,0.03],[104.707,0.03],[104.707,0.031],[104.708,0.032],[104.708,0.033],[104.708,0.034],[104.708,0.035],[104.708,0.036],[104.708,0.037],[104.708,0.038],[104.707,0.039],[104.707,0.04],[104.706,0.041],[104.706,0.041],[104.552,0.229],[104.551,0.23],[104.55,0.231],[104.55,0.231],[104.549,0.232],[104.548,0.232],[104.547,0.233],[104.546,0.233],[104.501,0.242]],[[104.473,0.926],[104.494,0.85],[104.495,0.849],[104.495,0.848],[104.496,0.848],[104.496,0.847],[104.497,0.846],[104.498,0.845],[104.498,0.845],[104.499,0.844],[104.5,0.844],[104.501,0.843],[104.572,0.822],[104.573,0.822],[104.574,0.822],[104.575,0.822],[104.576,0.822],[104.577,0.822],[104.578,0.823],[104.579,0.823],[104.58,0.823],[104.581,0.824],[104.582,0.825],[104.582,0.825],[104.583,0.826],[104.584,0.827],[104.662,0.956],[104.662,0.957],[104.662,0.958],[104.663,0.959],[104.663,0.96],[104.673,1.049],[104.673,1.05],[104.673,1.051],[104.673,1.052],[104.673,1.053],[104.658,1.108],[104.657,1.109],[104.657,1.109],[104.657,1.11],[104.656,1.111],[104.655,1.112],[104.655,1.112],[104.654,1.113],[104.653,1.113],[104.601,1.147],[104.595,1.217],[104.595,1.218],[104.595,1.219],[104.594,1.22],[104.594,1.221],[104.593,1.221],[104.593,1.222],[104.592,1.223],[104.591,1.224],[104.591,1.224],[104.59,1.225],[104.589,1.225],[104.588,1.226],[104.587,1.226],[104.586,1.226],[104.585,1.226],[104.584,1.226],[104.583,1.226],[104.582,1.226],[104.581,1.225],[104.498,1.19],[104.362,1.191],[104.361,1.191],[104.36,1.191],[104.359,1.191],[104.358,1.19],[104.357,1.19],[104.356,1.189],[104.244,1.111],[104.244,1.111],[104.243,1.11],[104.242,1.109],[104.242,1.108],[104.241,1.108],[104.241,1.107],[104.24,1.106],[104.24,1.105],[104.24,1.104],[104.24,1.103],[104.242,1.015],[104.242,1.014],[104.242,1.013],[104.242,1.012],[104.243,1.011],[104.243,1.01],[104.244,1.009],[104.244,1.009],[104.245,1.008],[104.246,1.007],[104.246,1.007],[104.247,1.006],[104.248,1.006],[104.249,1.005],[104.25,1.005],[104.251,1.005],[104.252,1.005],[104.253,1.005],[104.254,1.005],[104.433,1.039],[104.45,0.998],[104.421,0.962],[104.421,0.962],[104.42,0.961],[104.42,0.96],[104.419,0.959],[104.419,0.958],[104.419,0.957],[104.419,0.956],[104.419,0.955],[104.419,0.954],[104.419,0.953],[104.42,0.952],[104.42,0.951],[104.421,0.951],[104.421,0.95],[104.422,0.949],[104.422,0.948],[104.423,0.948],[104.424,0.947],[104.425,0.947],[104.473,0.926]],[[104.248,-0.458],[104.248,-0.459],[104.248,-0.46],[104.247,-0.461],[104.247,-0.462],[104.247,-0.463],[104.247,-0.464],[104.247,-0.465],[104.247,-0.466],[104.248,-0.467],[104.248,-0.467],[104.249,-0.468],[104.249,-0.469],[104.25,-0.47],[104.321,-0.544],[104.353,-0.662],[104.354,-0.663],[104.354,-0.663],[104.355,-0.664],[104.355,-0.665],[104.356,-0.666],[104.356,-0.667],[104.357,-0.667],[104.358,-0.668],[104.359,-0.668],[104.36,-0.669],[104.361,-0.669],[104.362,-0.669],[104.363,-0.669],[104.364,-0.669],[104.365,-0.669],[104.366,-0.669],[104.367,-0.668],[104.368,-0.668],[104.368,-0.667],[104.369,-0.667],[104.37,-0.666],[104.371,-0.665],[104.371,-0.665],[104.419,-0.595],[104.506,-0.607],[104.507,-0.607],[104.508,-0.607],[104.508,-0.607],[104.509,-0.607],[104.51,-0.606],[104.511,-0.606],[104.512,-0.606],[104.513,-0.605],[104.514,-0.605],[104.514,-0.604],[104.515,-0.603],[104.515,-0.602],[104.598,-0.472],[104.599,-0.472],[104.599,-0.471],[104.6,-0.47],[104.6,-0.469],[104.6,-0.468],[104.6,-0.467],[104.6,-0.466],[104.6,-0.465],[104.599,-0.464],[104.599,-0.463],[104.599,-0.462],[104.598,-0.461],[104.598,-0.46],[104.482,-0.328],[104.481,-0.328],[104.48,-0.327],[104.479,-0.326],[104.478,-0.326],[104.477,-0.326],[104.476,-0.325],[104.475,-0.325],[104.474,-0.325],[104.473,-0.325],[104.472,-0.325],[104.471,-0.325],[104.471,-0.326],[104.47,-0.326],[104.469,-0.326],[104.362,-0.392],[104.305,-0.376],[104.304,-0.376],[104.303,-0.376],[104.302,-0.376],[104.301,-0.376],[104.3,-0.376],[104.299,-0.377],[104.298,-0.377],[104.297,-0.377],[104.296,-0.378],[104.295,-0.379],[104.295,-0.379],[104.294,-0.38],[104.293,-0.381],[104.248,-0.458]],[[104.169,0.798],[104.17,0.798],[104.171,0.797],[104.172,0.797],[104.173,0.796],[104.173,0.796],[104.174,0.795],[104.175,0.795],[104.176,0.795],[104.177,0.795],[104.178,0.795],[104.179,0.795],[104.18,0.796],[104.181,0.796],[104.243,0.825],[104.244,0.825],[104.245,0.826],[104.246,0.827],[104.246,0.827],[104.247,0.828],[104.248,0.829],[104.248,0.83],[104.248,0.831],[104.249,0.832],[104.249,0.833],[104.249,0.834],[104.249,0.835],[104.249,0.836],[104.249,0.837],[104.237,0.883],[104.236,0.883],[104.236,0.884],[104.236,0.885],[104.235,0.886],[104.234,0.887],[104.234,0.887],[104.233,0.888],[104.232,0.889],[104.128,0.953],[104.127,0.953],[104.127,0.953],[104.126,0.954],[104.125,0.954],[104.124,0.954],[104.123,0.954],[104.122,0.954],[104.121,0.954],[104.12,0.953],[104.119,0.953],[104.118,0.953],[104.117,0.952],[104.117,0.952],[104.116,0.951],[104.115,0.95],[104.115,0.949],[104.114,0.949],[104.089,0.901],[104.089,0.9],[104.088,0.899],[104.088,0.898],[104.088,0.897],[104.088,0.896],[104.088,0.895],[104.088,0.894],[104.088,0.893],[104.089,0.892],[104.089,0.891],[104.09,0.89],[104.09,0.889],[104.169,0.798]],[[104.12,2.772],[104.12,2.771],[104.119,2.77],[104.119,2.769],[104.119,2.768],[104.119,2.767],[104.119,2.766],[104.119,2.765],[104.119,2.764],[104.12,2.763],[104.12,2.762],[104.121,2.762],[104.121,2.761],[104.122,2.76],[104.166,2.714],[104.167,2.713],[104.167,2.713],[104.168,2.712],[104.169,2.712],[104.17,2.711],[104.171,2.711],[104.172,2.711],[104.173,2.711],[104.174,2.711],[104.175,2.711],[104.224,2.722],[104.225,2.723],[104.226,2.723],[104.227,2.723],[104.228,2.724],[104.229,2.725],[104.229,2.725],[104.23,2.726],[104.231,2.727],[104.231,2.728],[104.231,2.729],[104.232,2.73],[104.232,2.731],[104.232,2.732],[104.232,2.733],[104.232,2.734],[104.232,2.735],[104.195,2.875],[104.194,2.876],[104.194,2.876],[104.193,2.877],[104.193,2.878],[104.192,2.879],[104.192,2.88],[104.191,2.88],[104.19,2.881],[104.189,2.881],[104.188,2.882],[104.187,2.882],[104.186,2.882],[104.185,2.882],[104.184,2.882],[104.183,2.882],[104.182,2.882],[104.181,2.881],[104.18,2.881],[104.18,2.88],[104.179,2.88],[104.178,2.879],[104.177,2.878],[104.177,2.878],[104.176,2.877],[104.12,2.772]],[[103.955,1.147],[103.954,1.147],[103.953,1.147],[103.952,1.147],[103.951,1.146],[103.95,1.146],[103.95,1.145],[103.949,1.145],[103.948,1.144],[103.947,1.144],[103.947,1.143],[103.946,1.142],[103.946,1.141],[103.946,1.14],[103.923,1.074],[103.922,1.073],[103.922,1.072],[103.922,1.072],[103.922,1.071],[103.922,1.07],[103.922,1.069],[103.923,1.068],[103.923,1.067],[103.923,1.066],[103.955,1.008],[103.956,1.007],[103.956,1.007],[103.957,1.006],[103.958,1.005],[103.958,1.005],[103.959,1.004],[103.96,1.004],[103.961,1.003],[103.962,1.003],[104.064,0.98],[104.065,0.98],[104.066,0.98],[104.067,0.98],[104.068,0.98],[104.069,0.98],[104.07,0.981],[104.071,0.981],[104.071,0.982],[104.072,0.982],[104.073,0.983],[104.074,0.984],[104.074,0.984],[104.075,0.985],[104.075,0.986],[104.149,1.162],[104.15,1.163],[104.15,1.164],[104.15,1.165],[104.15,1.166],[104.15,1.167],[104.15,1.168],[104.15,1.169],[104.149,1.17],[104.149,1.171],[104.148,1.172],[104.148,1.172],[104.147,1.173],[104.146,1.174],[104.145,1.174],[104.145,1.175],[104.144,1.175],[104.143,1.176],[104.142,1.176],[104.141,1.176],[104.14,1.176],[104.139,1.176],[104.138,1.176],[104.137,1.176],[104.136,1.175],[104.135,1.175],[104.089,1.149],[104.031,1.189],[104.03,1.19],[104.029,1.19],[104.028,1.191],[104.027,1.191],[104.026,1.191],[104.025,1.191],[104.024,1.191],[104.023,1.191],[104.022,1.191],[104.021,1.19],[104.02,1.19],[104.02,1.189],[104.019,1.189],[104.018,1.188],[104.017,1.188],[104.017,1.187],[104.016,1.186],[103.994,1.147],[103.955,1.147]],[[104.093,10.34],[104.093,10.341],[104.093,10.342],[104.093,10.343],[104.093,10.344],[104.092,10.345],[104.092,10.345],[104.091,10.346],[104.036,10.433],[104.036,10.434],[104.035,10.435],[104.034,10.436],[104.034,10.436],[104.033,10.437],[104.032,10.437],[104.031,10.438],[104.03,10.438],[104.029,10.438],[104.028,10.438],[104.027,10.438],[104.026,10.438],[104.025,10.438],[103.847,10.381],[103.846,10.38],[103.845,10.38],[103.844,10.379],[103.844,10.379],[103.843,10.378],[103.842,10.377],[103.842,10.377],[103.841,10.376],[103.841,10.375],[103.84,10.374],[103.84,10.373],[103.84,10.372],[103.84,10.371],[103.84,10.37],[103.84,10.369],[103.84,10.368],[103.841,10.367],[103.841,10.366],[103.842,10.366],[103.842,10.365],[103.943,10.238],[104.008,10.026],[104.009,10.025],[104.009,10.024],[104.01,10.023],[104.01,10.023],[104.011,10.022],[104.012,10.021],[104.013,10.021],[104.013,10.02],[104.014,10.02],[104.015,10.019],[104.016,10.019],[104.017,10.019],[104.018,10.019],[104.019,10.019],[104.02,10.019],[104.021,10.02],[104.022,10.02],[104.023,10.02],[104.024,10.021],[104.025,10.021],[104.025,10.022],[104.055,10.054],[104.056,10.055],[104.057,10.056],[104.057,10.057],[104.057,10.058],[104.058,10.059],[104.058,10.06],[104.093,10.34]],[[103.641,1.331],[103.641,1.33],[103.641,1.329],[103.64,1.328],[103.64,1.327],[103.64,1.326],[103.64,1.325],[103.64,1.324],[103.64,1.323],[103.641,1.323],[103.641,1.322],[103.641,1.321],[103.642,1.32],[103.643,1.319],[103.643,1.319],[103.644,1.318],[103.645,1.317],[103.646,1.317],[103.647,1.317],[103.817,1.256],[103.818,1.255],[103.818,1.255],[103.819,1.255],[103.82,1.255],[103.821,1.255],[103.822,1.255],[103.823,1.256],[103.824,1.256],[103.825,1.256],[104.001,1.356],[104.002,1.357],[104.003,1.357],[104.003,1.358],[104.004,1.359],[104.004,1.36],[104.005,1.361],[104.005,1.362],[104.006,1.362],[104.006,1.363],[104.006,1.364],[104.006,1.365],[104.006,1.366],[104.006,1.367],[104.005,1.368],[104.005,1.369],[104.005,1.37],[104.004,1.371],[104.003,1.372],[104.003,1.372],[104.002,1.373],[104.001,1.374],[104.0,1.374],[103.822,1.456],[103.821,1.456],[103.82,1.457],[103.82,1.457],[103.819,1.457],[103.818,1.457],[103.817,1.457],[103.816,1.457],[103.703,1.433],[103.702,1.433],[103.701,1.432],[103.7,1.432],[103.699,1.431],[103.699,1.431],[103.698,1.43],[103.697,1.429],[103.697,1.429],[103.696,1.428],[103.641,1.331]],[[103.758,0.899],[103.758,0.899],[103.757,0.9],[103.756,0.9],[103.755,0.901],[103.754,0.901],[103.753,0.901],[103.752,0.901],[103.751,0.901],[103.75,0.901],[103.749,0.901],[103.748,0.9],[103.747,0.9],[103.746,0.899],[103.745,0.899],[103.745,0.898],[103.744,0.897],[103.744,0.896],[103.743,0.895],[103.743,0.895],[103.742,0.894],[103.742,0.893],[103.732,0.832],[103.732,0.831],[103.732,0.83],[103.732,0.829],[103.732,0.828],[103.733,0.827],[103.733,0.826],[103.733,0.825],[103.734,0.824],[103.734,0.823],[103.735,0.823],[103.736,0.822],[103.737,0.822],[103.829,0.764],[103.83,0.763],[103.83,0.763],[103.831,0.762],[103.832,0.762],[103.833,0.762],[103.834,0.762],[103.835,0.762],[103.836,0.762],[103.837,0.763],[103.838,0.763],[103.839,0.763],[103.84,0.764],[103.841,0.765],[103.841,0.765],[103.842,0.766],[103.843,0.767],[103.843,0.768],[103.843,0.769],[103.844,0.77],[103.844,0.771],[103.844,0.772],[103.844,0.773],[103.844,0.774],[103.844,0.774],[103.843,0.775],[103.816,0.849],[103.816,0.85],[103.815,0.851],[103.815,0.852],[103.814,0.853],[103.813,0.854],[103.758,0.899]],[[103.604,-0.393],[103.605,-0.393],[103.606,-0.393],[103.607,-0.393],[103.608,-0.393],[103.609,-0.393],[103.61,-0.392],[103.768,-0.327],[103.769,-0.327],[103.77,-0.326],[103.77,-0.326],[103.771,-0.325],[103.772,-0.324],[103.772,-0.324],[103.773,-0.323],[103.773,-0.322],[103.774,-0.321],[103.774,-0.32],[103.774,-0.319],[103.774,-0.318],[103.774,-0.317],[103.774,-0.316],[103.774,-0.315],[103.773,-0.314],[103.773,-0.313],[103.772,-0.313],[103.772,-0.312],[103.771,-0.311],[103.731,-0.27],[103.73,-0.269],[103.73,-0.269],[103.729,-0.268],[103.728,-0.268],[103.727,-0.267],[103.552,-0.218],[103.551,-0.218],[103.55,-0.218],[103.549,-0.218],[103.548,-0.218],[103.547,-0.218],[103.546,-0.218],[103.545,-0.219],[103.544,-0.219],[103.543,-0.22],[103.543,-0.22],[103.542,-0.221],[103.541,-0.222],[103.541,-0.222],[103.453,-0.352],[103.452,-0.353],[103.452,-0.354],[103.451,-0.355],[103.451,-0.356],[103.451,-0.357],[103.451,-0.358],[103.451,-0.359],[103.451,-0.36],[103.451,-0.361],[103.452,-0.362],[103.452,-0.363],[103.453,-0.364],[103.453,-0.364],[103.454,-0.365],[103.455,-0.366],[103.456,-0.366],[103.456,-0.367],[103.457,-0.367],[103.458,-0.368],[103.459,-0.368],[103.604,-0.393]],[[103.394,0.876],[103.393,0.877],[103.393,0.877],[103.392,0.878],[103.391,0.879],[103.39,0.879],[103.389,0.879],[103.388,0.88],[103.387,0.88],[103.386,0.88],[103.385,0.88],[103.384,0.88],[103.383,0.88],[103.383,0.879],[103.382,0.879],[103.381,0.879],[103.38,0.878],[103.379,0.877],[103.379,0.877],[103.378,0.876],[103.377,0.875],[103.377,0.874],[103.335,0.782],[103.335,0.781],[103.334,0.78],[103.334,0.779],[103.334,0.778],[103.334,0.777],[103.334,0.776],[103.334,0.775],[103.335,0.774],[103.335,0.773],[103.336,0.772],[103.422,0.645],[103.422,0.645],[103.423,0.644],[103.424,0.643],[103.425,0.643],[103.425,0.642],[103.426,0.642],[103.427,0.641],[103.428,0.641],[103.429,0.641],[103.43,0.641],[103.431,0.641],[103.432,0.641],[103.433,0.642],[103.434,0.642],[103.435,0.642],[103.436,0.643],[103.437,0.643],[103.437,0.644],[103.504,0.716],[103.505,0.717],[103.506,0.718],[103.506,0.719],[103.506,0.72],[103.507,0.721],[103.507,0.721],[103.507,0.722],[103.507,0.723],[103.507,0.724],[103.507,0.725],[103.506,0.726],[103.506,0.727],[103.506,0.728],[103.505,0.729],[103.394,0.876]],[[103.308,1.078],[103.307,1.077],[103.307,1.077],[103.306,1.076],[103.306,1.075],[103.306,1.074],[103.305,1.073],[103.305,1.072],[103.305,1.071],[103.305,1.07],[103.305,1.069],[103.305,1.068],[103.306,1.068],[103.306,1.067],[103.306,1.066],[103.307,1.065],[103.355,1.001],[103.356,1.0],[103.356,0.999],[103.357,0.999],[103.358,0.998],[103.359,0.998],[103.36,0.997],[103.361,0.997],[103.428,0.983],[103.429,0.983],[103.43,0.983],[103.431,0.983],[103.432,0.983],[103.433,0.983],[103.434,0.984],[103.435,0.984],[103.435,0.985],[103.436,0.985],[103.437,0.986],[103.438,0.986],[103.438,0.987],[103.439,0.988],[103.439,0.989],[103.439,0.99],[103.44,0.991],[103.44,0.992],[103.44,0.993],[103.44,0.994],[103.44,0.994],[103.44,0.995],[103.439,0.996],[103.389,1.137],[103.389,1.138],[103.389,1.139],[103.388,1.14],[103.387,1.141],[103.387,1.141],[103.386,1.142],[103.385,1.143],[103.384,1.143],[103.383,1.143],[103.382,1.144],[103.381,1.144],[103.38,1.144],[103.379,1.144],[103.378,1.144],[103.377,1.144],[103.376,1.143],[103.375,1.143],[103.375,1.142],[103.374,1.142],[103.373,1.141],[103.308,1.078]],[[103.229,10.79],[103.228,10.791],[103.227,10.791],[103.226,10.792],[103.225,10.792],[103.224,10.792],[103.223,10.792],[103.222,10.792],[103.221,10.792],[103.22,10.792],[103.219,10.791],[103.218,10.791],[103.217,10.79],[103.217,10.79],[103.216,10.789],[103.215,10.788],[103.215,10.788],[103.214,10.787],[103.214,10.786],[103.213,10.785],[103.213,10.784],[103.213,10.783],[103.213,10.782],[103.213,10.76],[103.213,10.759],[103.213,10.758],[103.213,10.757],[103.214,10.756],[103.214,10.755],[103.215,10.754],[103.273,10.674],[103.274,10.673],[103.274,10.673],[103.275,10.672],[103.276,10.671],[103.277,10.671],[103.277,10.671],[103.278,10.67],[103.279,10.67],[103.28,10.67],[103.281,10.67],[103.282,10.67],[103.283,10.67],[103.284,10.671],[103.285,10.671],[103.286,10.671],[103.287,10.672],[103.288,10.672],[103.288,10.673],[103.325,10.712],[103.326,10.713],[103.326,10.714],[103.327,10.714],[103.327,10.715],[103.328,10.716],[103.328,10.717],[103.328,10.718],[103.328,10.719],[103.328,10.72],[103.328,10.721],[103.328,10.722],[103.327,10.723],[103.327,10.724],[103.326,10.725],[103.326,10.725],[103.325,10.726],[103.324,10.727],[103.324,10.727],[103.229,10.79]],[[103.305,0.612],[103.305,0.613],[103.305,0.614],[103.305,0.615],[103.305,0.616],[103.305,0.617],[103.304,0.618],[103.304,0.619],[103.303,0.62],[103.246,0.705],[103.246,0.705],[103.245,0.706],[103.244,0.707],[103.244,0.707],[103.243,0.708],[103.242,0.708],[103.241,0.709],[103.24,0.709],[103.239,0.709],[103.238,0.709],[103.187,0.71],[103.186,0.71],[103.185,0.71],[103.184,0.71],[103.183,0.709],[103.183,0.709],[103.182,0.709],[103.181,0.708],[103.18,0.707],[103.18,0.707],[103.179,0.706],[103.178,0.705],[103.144,0.648],[103.144,0.647],[103.144,0.646],[103.143,0.645],[103.143,0.644],[103.13,0.55],[103.13,0.549],[103.13,0.548],[103.13,0.547],[103.13,0.546],[103.131,0.546],[103.131,0.545],[103.131,0.544],[103.132,0.543],[103.133,0.542],[103.133,0.542],[103.134,0.541],[103.135,0.54],[103.136,0.54],[103.137,0.54],[103.138,0.539],[103.139,0.539],[103.14,0.539],[103.284,0.532],[103.284,0.532],[103.285,0.532],[103.286,0.532],[103.287,0.533],[103.288,0.533],[103.289,0.533],[103.29,0.534],[103.291,0.535],[103.291,0.535],[103.292,0.536],[103.293,0.537],[103.293,0.538],[103.293,0.539],[103.294,0.54],[103.294,0.54],[103.305,0.612]],[[102.794,1.174],[102.793,1.174],[102.792,1.175],[102.791,1.175],[102.79,1.175],[102.789,1.175],[102.725,1.169],[102.724,1.169],[102.723,1.169],[102.722,1.168],[102.721,1.168],[102.721,1.167],[102.72,1.167],[102.719,1.166],[102.718,1.165],[102.718,1.165],[102.717,1.164],[102.717,1.163],[102.717,1.162],[102.716,1.161],[102.692,1.056],[102.692,1.055],[102.692,1.054],[102.692,1.053],[102.692,1.052],[102.692,1.051],[102.693,1.05],[102.693,1.049],[102.694,1.049],[102.694,1.048],[102.695,1.047],[102.696,1.046],[102.696,1.046],[102.697,1.045],[102.698,1.045],[102.699,1.044],[102.881,0.988],[103.081,0.84],[103.082,0.839],[103.083,0.839],[103.084,0.839],[103.085,0.838],[103.086,0.838],[103.087,0.838],[103.088,0.838],[103.089,0.838],[103.09,0.838],[103.169,0.86],[103.17,0.861],[103.171,0.861],[103.171,0.862],[103.172,0.862],[103.173,0.863],[103.174,0.864],[103.174,0.864],[103.175,0.865],[103.175,0.866],[103.176,0.867],[103.176,0.868],[103.176,0.869],[103.176,0.87],[103.176,0.871],[103.176,0.872],[103.176,0.873],[103.175,0.874],[103.175,0.875],[103.174,0.876],[103.174,0.876],[103.007,1.074],[103.006,1.075],[103.005,1.076],[103.004,1.077],[103.003,1.077],[102.794,1.174]],[[102.983,11.29],[102.983,11.289],[102.983,11.288],[102.983,11.287],[102.984,11.286],[102.984,11.286],[102.985,11.285],[102.985,11.284],[102.986,11.283],[102.986,11.282],[102.987,11.282],[102.988,11.281],[102.989,11.281],[103.023,11.266],[103.024,11.265],[103.025,11.265],[103.026,11.265],[103.027,11.265],[103.028,11.265],[103.029,11.265],[103.03,11.265],[103.031,11.266],[103.032,11.266],[103.033,11.267],[103.033,11.267],[103.034,11.268],[103.035,11.269],[103.035,11.269],[103.036,11.27],[103.036,11.271],[103.037,11.272],[103.037,11.273],[103.037,11.274],[103.047,11.389],[103.047,11.39],[103.047,11.391],[103.047,11.392],[103.047,11.393],[103.046,11.394],[103.046,11.395],[103.045,11.396],[103.045,11.396],[103.044,11.397],[103.043,11.398],[103.043,11.398],[103.042,11.399],[103.041,11.399],[103.04,11.4],[103.039,11.4],[103.038,11.4],[103.037,11.4],[103.036,11.4],[103.035,11.4],[103.034,11.4],[103.033,11.399],[103.032,11.399],[103.031,11.398],[103.031,11.398],[103.03,11.397],[102.988,11.355],[102.987,11.354],[102.987,11.354],[102.986,11.353],[102.986,11.352],[102.985,11.351],[102.985,11.35],[102.985,11.349],[102.985,11.348],[102.983,11.29]],[[102.731,0.998],[102.555,1.138],[102.554,1.138],[102.554,1.139],[102.553,1.139],[102.552,1.14],[102.551,1.14],[102.55,1.14],[102.549,1.14],[102.548,1.14],[102.547,1.14],[102.546,1.14],[102.545,1.139],[102.544,1.139],[102.544,1.138],[102.543,1.138],[102.542,1.137],[102.5,1.096],[102.499,1.095],[102.499,1.095],[102.498,1.094],[102.498,1.093],[102.497,1.092],[102.444,0.893],[102.444,0.892],[102.444,0.891],[102.444,0.89],[102.444,0.889],[102.444,0.888],[102.445,0.887],[102.445,0.886],[102.445,0.885],[102.446,0.884],[102.447,0.883],[102.447,0.883],[102.483,0.85],[102.484,0.849],[102.485,0.849],[102.486,0.848],[102.486,0.848],[102.487,0.847],[103.006,0.698],[103.007,0.698],[103.008,0.698],[103.009,0.698],[103.01,0.698],[103.011,0.698],[103.012,0.699],[103.013,0.699],[103.014,0.699],[103.015,0.7],[103.016,0.7],[103.016,0.701],[103.017,0.702],[103.018,0.703],[103.018,0.704],[103.037,0.743],[103.037,0.744],[103.038,0.744],[103.038,0.745],[103.038,0.746],[103.038,0.747],[103.038,0.748],[103.038,0.749],[103.012,0.861],[103.011,0.862],[103.011,0.863],[103.011,0.864],[103.01,0.865],[103.009,0.866],[103.009,0.866],[103.008,0.867],[103.007,0.868],[103.006,0.868],[102.731,0.998]],[[102.573,11.701],[102.572,11.702],[102.571,11.702],[102.57,11.702],[102.569,11.702],[102.568,11.702],[102.567,11.702],[102.566,11.701],[102.565,11.701],[102.564,11.701],[102.563,11.7],[102.562,11.699],[102.562,11.699],[102.561,11.698],[102.56,11.697],[102.56,11.696],[102.524,11.619],[102.524,11.618],[102.523,11.617],[102.523,11.616],[102.523,11.615],[102.523,11.615],[102.523,11.614],[102.523,11.613],[102.524,11.612],[102.524,11.611],[102.524,11.61],[102.525,11.609],[102.526,11.608],[102.526,11.608],[102.527,11.607],[102.584,11.564],[102.585,11.563],[102.586,11.563],[102.587,11.563],[102.587,11.562],[102.588,11.562],[102.589,11.562],[102.59,11.562],[102.591,11.562],[102.592,11.562],[102.593,11.563],[102.594,11.563],[102.595,11.563],[102.596,11.564],[102.597,11.565],[102.597,11.565],[102.598,11.566],[102.599,11.567],[102.599,11.568],[102.599,11.569],[102.6,11.57],[102.6,11.57],[102.616,11.675],[102.616,11.676],[102.616,11.677],[102.616,11.678],[102.616,11.679],[102.615,11.68],[102.615,11.681],[102.615,11.682],[102.614,11.683],[102.614,11.684],[102.613,11.684],[102.612,11.685],[102.611,11.685],[102.611,11.686],[102.61,11.686],[102.573,11.701]],[[102.045,1.635],[102.044,1.635],[102.043,1.635],[102.042,1.635],[102.041,1.635],[102.04,1.635],[102.039,1.634],[102.038,1.634],[102.037,1.634],[102.036,1.633],[102.035,1.632],[102.017,1.615],[102.016,1.615],[102.016,1.614],[102.015,1.613],[102.015,1.612],[102.015,1.611],[102.014,1.61],[102.014,1.61],[102.014,1.609],[102.011,1.559],[102.011,1.558],[102.011,1.557],[102.011,1.556],[102.011,1.555],[102.012,1.554],[102.012,1.553],[102.013,1.552],[102.013,1.552],[102.014,1.551],[102.072,1.492],[102.073,1.491],[102.073,1.491],[102.074,1.49],[102.075,1.49],[102.076,1.49],[102.077,1.489],[102.27,1.444],[102.494,1.322],[102.495,1.322],[102.496,1.321],[102.497,1.321],[102.498,1.321],[102.499,1.321],[102.5,1.321],[102.501,1.321],[102.502,1.321],[102.503,1.322],[102.504,1.322],[102.504,1.323],[102.505,1.323],[102.506,1.324],[102.507,1.324],[102.507,1.325],[102.508,1.326],[102.508,1.327],[102.508,1.328],[102.509,1.329],[102.509,1.33],[102.509,1.331],[102.509,1.332],[102.509,1.333],[102.48,1.512],[102.48,1.513],[102.479,1.513],[102.479,1.514],[102.479,1.515],[102.478,1.516],[102.477,1.517],[102.477,1.517],[102.476,1.518],[102.475,1.519],[102.474,1.519],[102.474,1.519],[102.473,1.52],[102.045,1.635]],[[102.432,0.982],[102.433,0.982],[102.434,0.983],[102.435,0.984],[102.435,0.985],[102.436,0.985],[102.436,0.986],[102.437,0.987],[102.437,0.988],[102.437,0.989],[102.453,1.233],[102.453,1.234],[102.453,1.235],[102.453,1.236],[102.452,1.237],[102.452,1.238],[102.452,1.239],[102.451,1.24],[102.367,1.352],[102.366,1.353],[102.366,1.353],[102.365,1.354],[102.364,1.355],[102.363,1.355],[102.26,1.406],[102.26,1.406],[102.259,1.407],[102.258,1.407],[102.257,1.407],[102.256,1.407],[102.255,1.407],[102.254,1.407],[102.253,1.407],[102.252,1.406],[102.251,1.406],[102.25,1.405],[102.25,1.405],[102.249,1.404],[102.248,1.403],[102.248,1.403],[102.247,1.402],[102.22,1.353],[102.22,1.352],[102.219,1.351],[102.219,1.35],[102.219,1.349],[102.219,1.348],[102.219,1.347],[102.245,1.146],[102.245,1.145],[102.245,1.144],[102.246,1.143],[102.246,1.142],[102.247,1.141],[102.373,0.954],[102.373,0.954],[102.374,0.953],[102.375,0.952],[102.375,0.952],[102.376,0.951],[102.377,0.951],[102.378,0.95],[102.379,0.95],[102.38,0.95],[102.381,0.95],[102.382,0.95],[102.383,0.95],[102.384,0.95],[102.385,0.951],[102.386,0.951],[102.386,0.952],[102.432,0.982]],[[102.283,12.16],[102.282,12.16],[102.281,12.161],[102.281,12.161],[102.28,12.162],[102.279,12.162],[102.278,12.162],[102.277,12.162],[102.276,12.162],[102.275,12.162],[102.274,12.161],[102.273,12.161],[102.272,12.161],[102.271,12.16],[102.27,12.159],[102.27,12.159],[102.269,12.158],[102.268,12.157],[102.268,12.156],[102.268,12.155],[102.267,12.154],[102.267,12.154],[102.267,12.153],[102.267,12.152],[102.267,12.151],[102.292,11.98],[102.292,11.979],[102.293,11.978],[102.293,11.977],[102.293,11.976],[102.294,11.975],[102.295,11.974],[102.295,11.974],[102.296,11.973],[102.297,11.972],[102.298,11.972],[102.299,11.972],[102.3,11.971],[102.301,11.971],[102.429,11.955],[102.43,11.955],[102.431,11.955],[102.432,11.955],[102.433,11.955],[102.434,11.956],[102.434,11.956],[102.435,11.957],[102.436,11.957],[102.437,11.958],[102.438,11.958],[102.438,11.959],[102.439,11.96],[102.439,11.961],[102.439,11.962],[102.44,11.963],[102.44,11.964],[102.44,11.965],[102.44,11.966],[102.44,11.967],[102.44,11.968],[102.439,11.968],[102.439,11.969],[102.387,12.077],[102.387,12.078],[102.386,12.079],[102.385,12.08],[102.385,12.08],[102.384,12.081],[102.283,12.16]],[[101.402,2.029],[101.402,2.028],[101.401,2.027],[101.401,2.026],[101.401,2.025],[101.4,2.024],[101.4,2.024],[101.4,2.023],[101.393,1.902],[101.393,1.901],[101.393,1.9],[101.393,1.899],[101.394,1.898],[101.394,1.897],[101.459,1.755],[101.459,1.754],[101.46,1.753],[101.461,1.752],[101.461,1.752],[101.462,1.751],[101.463,1.75],[101.464,1.75],[101.465,1.749],[101.6,1.706],[101.601,1.706],[101.602,1.706],[101.603,1.706],[101.604,1.706],[101.605,1.706],[101.606,1.706],[101.607,1.707],[101.607,1.707],[101.608,1.708],[101.724,1.781],[101.725,1.781],[101.726,1.782],[101.726,1.782],[101.727,1.783],[101.728,1.784],[101.728,1.785],[101.728,1.786],[101.783,1.94],[101.784,1.941],[101.784,1.941],[101.784,1.942],[101.784,1.943],[101.784,1.944],[101.784,1.945],[101.772,1.999],[101.771,2.0],[101.771,2.001],[101.771,2.002],[101.77,2.003],[101.769,2.004],[101.648,2.134],[101.648,2.135],[101.647,2.135],[101.646,2.136],[101.645,2.136],[101.644,2.137],[101.643,2.137],[101.642,2.137],[101.641,2.137],[101.64,2.137],[101.639,2.137],[101.638,2.137],[101.637,2.136],[101.636,2.136],[101.635,2.135],[101.542,2.071],[101.451,2.078],[101.45,2.078],[101.449,2.078],[101.448,2.078],[101.447,2.077],[101.446,2.077],[101.445,2.077],[101.444,2.076],[101.443,2.075],[101.442,2.075],[101.402,2.029]],[[101.267,3.04],[101.267,3.04],[101.266,3.039],[101.265,3.038],[101.265,3.037],[101.264,3.036],[101.264,3.035],[101.264,3.034],[101.258,2.971],[101.258,2.97],[101.258,2.969],[101.258,2.968],[101.258,2.967],[101.259,2.966],[101.259,2.965],[101.26,2.964],[101.26,2.964],[101.261,2.963],[101.262,2.962],[101.263,2.962],[101.264,2.961],[101.264,2.961],[101.265,2.96],[101.266,2.96],[101.267,2.96],[101.268,2.96],[101.269,2.96],[101.27,2.96],[101.271,2.961],[101.322,2.979],[101.323,2.979],[101.324,2.979],[101.325,2.98],[101.326,2.98],[101.326,2.981],[101.327,2.982],[101.327,2.983],[101.328,2.983],[101.328,2.984],[101.329,2.985],[101.329,2.986],[101.329,2.987],[101.329,2.988],[101.329,2.989],[101.321,3.068],[101.321,3.069],[101.321,3.07],[101.32,3.071],[101.32,3.072],[101.319,3.072],[101.319,3.073],[101.318,3.074],[101.317,3.075],[101.317,3.075],[101.316,3.076],[101.315,3.076],[101.314,3.077],[101.313,3.077],[101.312,3.077],[101.311,3.077],[101.31,3.077],[101.309,3.077],[101.308,3.077],[101.307,3.076],[101.307,3.076],[101.306,3.076],[101.305,3.075],[101.304,3.074],[101.267,3.04]],[[100.262,5.257],[100.263,5.257],[100.264,5.257],[100.265,5.257],[100.266,5.257],[100.267,5.257],[100.268,5.258],[100.269,5.258],[100.27,5.259],[100.27,5.259],[100.271,5.26],[100.272,5.261],[100.272,5.261],[100.273,5.262],[100.348,5.405],[100.348,5.406],[100.349,5.407],[100.349,5.408],[100.349,5.409],[100.349,5.41],[100.349,5.411],[100.349,5.412],[100.349,5.413],[100.348,5.414],[100.348,5.415],[100.347,5.416],[100.347,5.417],[100.346,5.417],[100.345,5.418],[100.344,5.418],[100.251,5.476],[100.25,5.477],[100.249,5.477],[100.248,5.478],[100.247,5.478],[100.246,5.478],[100.245,5.478],[100.244,5.478],[100.243,5.478],[100.242,5.477],[100.242,5.477],[100.2,5.456],[100.199,5.455],[100.198,5.455],[100.197,5.454],[100.196,5.453],[100.196,5.453],[100.195,5.452],[100.195,5.451],[100.194,5.45],[100.194,5.449],[100.194,5.448],[100.181,5.284],[100.181,5.283],[100.181,5.282],[100.181,5.281],[100.181,5.28],[100.182,5.279],[100.182,5.278],[100.183,5.277],[100.183,5.277],[100.184,5.276],[100.185,5.275],[100.185,5.275],[100.186,5.274],[100.187,5.274],[100.188,5.273],[100.189,5.273],[100.262,5.257]],[[100.057,9.673],[100.058,9.672],[100.058,9.672],[100.059,9.671],[100.06,9.671],[100.061,9.67],[100.062,9.67],[100.063,9.67],[100.064,9.67],[100.065,9.67],[100.066,9.67],[100.067,9.67],[100.068,9.671],[100.068,9.671],[100.069,9.672],[100.07,9.672],[100.071,9.673],[100.072,9.673],[100.072,9.674],[100.073,9.675],[100.073,9.676],[100.073,9.677],[100.074,9.678],[100.074,9.679],[100.083,9.748],[100.083,9.749],[100.083,9.75],[100.083,9.75],[100.083,9.751],[100.082,9.752],[100.082,9.753],[100.082,9.754],[100.081,9.755],[100.051,9.798],[100.051,9.799],[100.05,9.799],[100.049,9.8],[100.048,9.801],[100.047,9.801],[100.046,9.801],[100.045,9.802],[100.044,9.802],[100.043,9.802],[99.983,9.804],[99.982,9.804],[99.981,9.804],[99.98,9.804],[99.98,9.803],[99.979,9.803],[99.978,9.803],[99.977,9.802],[99.976,9.801],[99.976,9.801],[99.975,9.8],[99.974,9.799],[99.974,9.798],[99.974,9.797],[99.973,9.797],[99.973,9.796],[99.973,9.795],[99.973,9.794],[99.973,9.793],[99.973,9.792],[99.973,9.791],[99.988,9.745],[99.989,9.744],[99.989,9.743],[99.99,9.742],[99.99,9.742],[99.991,9.741],[100.057,9.673]],[[100.058,9.452],[100.059,9.452],[100.06,9.453],[100.06,9.453],[100.061,9.454],[100.062,9.455],[100.062,9.455],[100.063,9.456],[100.063,9.457],[100.063,9.458],[100.064,9.459],[100.064,9.46],[100.081,9.585],[100.081,9.586],[100.081,9.587],[100.081,9.588],[100.081,9.589],[100.08,9.589],[100.08,9.59],[100.08,9.591],[100.079,9.592],[100.078,9.593],[100.078,9.593],[100.077,9.594],[100.076,9.595],[100.075,9.595],[100.074,9.595],[100.073,9.596],[100.073,9.596],[100.072,9.596],[100.071,9.596],[99.954,9.591],[99.953,9.591],[99.952,9.591],[99.951,9.59],[99.95,9.59],[99.949,9.59],[99.948,9.589],[99.947,9.588],[99.946,9.588],[99.946,9.587],[99.945,9.586],[99.945,9.585],[99.944,9.584],[99.944,9.583],[99.921,9.478],[99.921,9.477],[99.921,9.476],[99.921,9.475],[99.921,9.474],[99.921,9.474],[99.922,9.473],[99.922,9.472],[99.922,9.471],[99.953,9.417],[99.954,9.416],[99.954,9.415],[99.955,9.415],[99.956,9.414],[99.957,9.414],[99.957,9.413],[99.958,9.413],[99.959,9.412],[99.96,9.412],[99.961,9.412],[99.962,9.412],[99.963,9.412],[99.964,9.412],[99.965,9.412],[99.966,9.413],[100.058,9.452]],[[99.856,6.472],[99.856,6.472],[99.855,6.473],[99.854,6.474],[99.854,6.474],[99.853,6.475],[99.852,6.475],[99.851,6.476],[99.85,6.476],[99.849,6.476],[99.848,6.476],[99.847,6.476],[99.846,6.476],[99.845,6.476],[99.844,6.475],[99.843,6.475],[99.747,6.42],[99.647,6.428],[99.646,6.428],[99.645,6.428],[99.644,6.428],[99.643,6.428],[99.642,6.427],[99.641,6.427],[99.64,6.426],[99.64,6.426],[99.639,6.425],[99.638,6.424],[99.638,6.424],[99.637,6.423],[99.637,6.422],[99.636,6.421],[99.636,6.42],[99.636,6.419],[99.636,6.418],[99.636,6.417],[99.636,6.416],[99.636,6.415],[99.637,6.414],[99.637,6.413],[99.638,6.413],[99.736,6.258],[99.736,6.257],[99.737,6.256],[99.737,6.255],[99.738,6.255],[99.739,6.254],[99.74,6.254],[99.741,6.254],[99.742,6.253],[99.743,6.253],[99.744,6.253],[99.745,6.253],[99.746,6.253],[99.747,6.253],[99.748,6.254],[99.748,6.254],[99.749,6.255],[99.824,6.302],[99.863,6.288],[99.863,6.287],[99.864,6.287],[99.865,6.287],[99.867,6.287],[99.868,6.287],[99.869,6.287],[99.869,6.288],[99.87,6.288],[99.871,6.289],[99.872,6.289],[99.873,6.29],[99.874,6.291],[99.927,6.353],[99.927,6.353],[99.928,6.354],[99.928,6.355],[99.929,6.356],[99.929,6.357],[99.929,6.358],[99.929,6.359],[99.929,6.36],[99.929,6.361],[99.929,6.362],[99.928,6.363],[99.928,6.364],[99.927,6.365],[99.856,6.472]],[[99.664,6.717],[99.663,6.718],[99.663,6.719],[99.662,6.72],[99.662,6.721],[99.661,6.721],[99.66,6.722],[99.659,6.722],[99.659,6.723],[99.658,6.723],[99.657,6.724],[99.656,6.724],[99.655,6.724],[99.654,6.724],[99.653,6.724],[99.652,6.724],[99.651,6.724],[99.65,6.723],[99.649,6.723],[99.648,6.722],[99.648,6.722],[99.647,6.721],[99.646,6.72],[99.646,6.719],[99.645,6.719],[99.645,6.718],[99.598,6.601],[99.597,6.6],[99.597,6.599],[99.597,6.598],[99.597,6.597],[99.597,6.596],[99.597,6.595],[99.598,6.594],[99.598,6.593],[99.635,6.512],[99.635,6.511],[99.636,6.51],[99.637,6.509],[99.637,6.509],[99.638,6.508],[99.639,6.507],[99.64,6.507],[99.641,6.507],[99.642,6.506],[99.643,6.506],[99.644,6.506],[99.645,6.506],[99.646,6.506],[99.647,6.506],[99.648,6.507],[99.648,6.507],[99.649,6.508],[99.65,6.508],[99.651,6.509],[99.708,6.564],[99.709,6.565],[99.709,6.565],[99.71,6.566],[99.71,6.567],[99.711,6.568],[99.711,6.569],[99.711,6.57],[99.711,6.571],[99.711,6.572],[99.711,6.573],[99.711,6.574],[99.664,6.717]],[[98.673,-0.961],[98.672,-0.962],[98.671,-0.962],[98.671,-0.963],[98.67,-0.963],[98.669,-0.964],[98.668,-0.965],[98.668,-0.965],[98.667,-0.966],[98.667,-0.967],[98.666,-0.968],[98.592,-1.195],[98.592,-1.196],[98.592,-1.197],[98.592,-1.198],[98.592,-1.199],[98.592,-1.2],[98.592,-1.201],[98.593,-1.202],[98.618,-1.265],[98.618,-1.266],[98.619,-1.267],[98.806,-1.542],[98.818,-1.612],[98.818,-1.613],[98.819,-1.614],[98.819,-1.614],[98.82,-1.615],[98.82,-1.616],[98.821,-1.617],[98.821,-1.618],[98.822,-1.618],[99.066,-1.791],[99.067,-1.792],[99.068,-1.792],[99.069,-1.792],[99.07,-1.793],[99.071,-1.793],[99.071,-1.793],[99.072,-1.793],[99.073,-1.793],[99.074,-1.793],[99.273,-1.748],[99.274,-1.747],[99.275,-1.747],[99.276,-1.747],[99.277,-1.746],[99.278,-1.746],[99.278,-1.745],[99.279,-1.744],[99.279,-1.743],[99.28,-1.742],[99.28,-1.742],[99.281,-1.741],[99.281,-1.74],[99.281,-1.739],[99.281,-1.738],[99.277,-1.628],[99.277,-1.627],[99.277,-1.626],[99.276,-1.625],[99.276,-1.624],[99.276,-1.623],[99.275,-1.622],[99.141,-1.439],[99.139,-1.384],[99.139,-1.383],[99.139,-1.382],[99.139,-1.381],[99.138,-1.38],[99.138,-1.379],[98.964,-1.053],[98.943,-0.952],[98.943,-0.951],[98.942,-0.95],[98.942,-0.949],[98.941,-0.948],[98.94,-0.947],[98.94,-0.947],[98.939,-0.946],[98.938,-0.945],[98.874,-0.907],[98.873,-0.907],[98.872,-0.907],[98.871,-0.906],[98.87,-0.906],[98.869,-0.906],[98.868,-0.906],[98.867,-0.906],[98.866,-0.906],[98.673,-0.961]],[[99.053,7.643],[99.052,7.644],[99.052,7.644],[99.051,7.645],[99.05,7.646],[99.049,7.646],[99.048,7.646],[99.048,7.647],[99.047,7.647],[99.046,7.647],[99.045,7.647],[99.044,7.647],[99.043,7.647],[99.042,7.646],[99.041,7.646],[99.04,7.646],[99.039,7.645],[99.038,7.645],[99.038,7.644],[99.037,7.643],[99.037,7.642],[99.036,7.642],[99.036,7.641],[99.035,7.64],[99.035,7.639],[99.035,7.638],[99.028,7.549],[99.028,7.548],[99.028,7.547],[99.028,7.546],[99.028,7.545],[99.029,7.544],[99.029,7.543],[99.03,7.542],[99.03,7.541],[99.096,7.464],[99.097,7.464],[99.098,7.463],[99.099,7.463],[99.099,7.462],[99.1,7.462],[99.101,7.461],[99.102,7.461],[99.103,7.461],[99.104,7.461],[99.105,7.461],[99.106,7.461],[99.107,7.461],[99.108,7.462],[99.109,7.462],[99.11,7.463],[99.11,7.463],[99.111,7.464],[99.112,7.465],[99.112,7.466],[99.113,7.466],[99.113,7.467],[99.114,7.468],[99.114,7.469],[99.114,7.47],[99.114,7.471],[99.114,7.472],[99.114,7.473],[99.088,7.594],[99.088,7.595],[99.087,7.596],[99.087,7.597],[99.086,7.598],[99.053,7.643]],[[98.473,12.091],[98.472,12.092],[98.471,12.093],[98.47,12.093],[98.469,12.093],[98.468,12.094],[98.467,12.094],[98.466,12.094],[98.465,12.094],[98.464,12.094],[98.463,12.094],[98.462,12.093],[98.461,12.093],[98.46,12.092],[98.46,12.092],[98.459,12.091],[98.458,12.09],[98.458,12.089],[98.457,12.089],[98.445,12.066],[98.445,12.065],[98.444,12.064],[98.444,12.063],[98.444,12.062],[98.444,12.061],[98.444,12.06],[98.464,11.898],[98.464,11.897],[98.465,11.896],[98.465,11.895],[98.465,11.894],[98.466,11.893],[98.466,11.893],[98.467,11.892],[98.468,11.891],[98.469,11.891],[98.469,11.89],[98.47,11.89],[98.471,11.889],[98.472,11.889],[98.473,11.889],[98.474,11.889],[98.475,11.889],[98.476,11.889],[98.477,11.889],[98.478,11.89],[98.614,11.948],[98.615,11.948],[98.616,11.949],[98.616,11.949],[98.617,11.95],[98.618,11.951],[98.618,11.951],[98.619,11.952],[98.619,11.953],[98.62,11.954],[98.62,11.955],[98.62,11.956],[98.62,11.957],[98.62,11.958],[98.62,11.959],[98.62,11.96],[98.619,11.961],[98.619,11.961],[98.618,11.962],[98.618,11.963],[98.617,11.964],[98.617,11.964],[98.473,12.091]],[[98.57,7.914],[98.571,7.914],[98.571,7.913],[98.571,7.912],[98.572,7.911],[98.573,7.91],[98.573,7.91],[98.574,7.909],[98.575,7.908],[98.576,7.908],[98.577,7.908],[98.578,7.907],[98.579,7.907],[98.579,7.907],[98.58,7.907],[98.581,7.907],[98.582,7.907],[98.583,7.908],[98.584,7.908],[98.585,7.908],[98.586,7.909],[98.587,7.91],[98.587,7.91],[98.588,7.911],[98.588,7.912],[98.589,7.913],[98.589,7.913],[98.59,7.914],[98.59,7.915],[98.614,8.055],[98.614,8.056],[98.614,8.057],[98.614,8.058],[98.614,8.059],[98.614,8.06],[98.613,8.061],[98.613,8.062],[98.612,8.063],[98.612,8.063],[98.611,8.064],[98.61,8.065],[98.61,8.065],[98.535,8.117],[98.534,8.118],[98.533,8.118],[98.532,8.119],[98.531,8.119],[98.53,8.119],[98.529,8.119],[98.528,8.119],[98.527,8.119],[98.526,8.119],[98.525,8.118],[98.525,8.118],[98.524,8.117],[98.523,8.117],[98.522,8.116],[98.521,8.116],[98.521,8.115],[98.52,8.114],[98.52,8.113],[98.52,8.112],[98.519,8.111],[98.519,8.11],[98.519,8.109],[98.519,8.108],[98.519,8.107],[98.519,8.106],[98.57,7.914]],[[98.425,11.564],[98.426,11.563],[98.426,11.563],[98.427,11.562],[98.427,11.561],[98.428,11.56],[98.429,11.559],[98.429,11.559],[98.43,11.558],[98.431,11.558],[98.432,11.557],[98.525,11.529],[98.526,11.529],[98.527,11.529],[98.528,11.529],[98.529,11.529],[98.53,11.529],[98.531,11.529],[98.532,11.53],[98.533,11.53],[98.533,11.531],[98.534,11.531],[98.535,11.532],[98.536,11.533],[98.536,11.533],[98.537,11.534],[98.537,11.535],[98.537,11.536],[98.538,11.537],[98.538,11.538],[98.564,11.744],[98.564,11.745],[98.564,11.746],[98.564,11.747],[98.564,11.748],[98.563,11.749],[98.563,11.749],[98.533,11.809],[98.532,11.81],[98.532,11.811],[98.531,11.812],[98.531,11.813],[98.53,11.813],[98.529,11.814],[98.528,11.814],[98.527,11.815],[98.526,11.815],[98.525,11.815],[98.524,11.815],[98.523,11.815],[98.375,11.802],[98.374,11.802],[98.373,11.802],[98.372,11.801],[98.371,11.801],[98.371,11.8],[98.37,11.8],[98.369,11.799],[98.368,11.799],[98.368,11.798],[98.367,11.797],[98.367,11.796],[98.367,11.795],[98.366,11.794],[98.366,11.793],[98.366,11.792],[98.366,11.791],[98.366,11.79],[98.366,11.789],[98.425,11.564]],[[98.554,-0.261],[98.554,-0.26],[98.554,-0.259],[98.554,-0.258],[98.554,-0.257],[98.554,-0.256],[98.554,-0.255],[98.553,-0.254],[98.553,-0.253],[98.424,-0.013],[98.423,-0.012],[98.423,-0.012],[98.422,-0.011],[98.421,-0.01],[98.42,-0.01],[98.38,0.015],[98.379,0.016],[98.378,0.016],[98.378,0.017],[98.377,0.017],[98.376,0.017],[98.374,0.017],[98.373,0.017],[98.321,0.009],[98.321,0.009],[98.32,0.008],[98.319,0.008],[98.318,0.008],[98.317,0.007],[98.316,0.006],[98.316,0.006],[98.315,0.005],[98.314,0.004],[98.314,0.003],[98.314,0.002],[98.313,0.001],[98.313,0.001],[98.313,-0.0],[98.313,-0.001],[98.313,-0.002],[98.313,-0.003],[98.314,-0.004],[98.314,-0.005],[98.416,-0.226],[98.301,-0.528],[98.3,-0.529],[98.3,-0.53],[98.3,-0.531],[98.3,-0.532],[98.3,-0.533],[98.3,-0.534],[98.301,-0.535],[98.301,-0.536],[98.301,-0.537],[98.302,-0.538],[98.302,-0.539],[98.303,-0.539],[98.304,-0.54],[98.305,-0.54],[98.306,-0.541],[98.396,-0.586],[98.396,-0.586],[98.397,-0.587],[98.398,-0.587],[98.399,-0.587],[98.4,-0.587],[98.401,-0.587],[98.402,-0.587],[98.403,-0.587],[98.404,-0.586],[98.405,-0.586],[98.405,-0.585],[98.406,-0.585],[98.465,-0.538],[98.466,-0.537],[98.467,-0.536],[98.467,-0.536],[98.468,-0.535],[98.468,-0.534],[98.469,-0.533],[98.554,-0.261]],[[98.537,11.088],[98.537,11.089],[98.536,11.09],[98.536,11.091],[98.536,11.092],[98.535,11.093],[98.535,11.094],[98.534,11.094],[98.533,11.095],[98.532,11.095],[98.531,11.096],[98.531,11.096],[98.53,11.097],[98.529,11.097],[98.528,11.097],[98.527,11.097],[98.526,11.097],[98.525,11.097],[98.524,11.096],[98.523,11.096],[98.522,11.096],[98.521,11.095],[98.52,11.094],[98.52,11.094],[98.519,11.093],[98.518,11.092],[98.518,11.091],[98.468,10.984],[98.468,10.983],[98.467,10.982],[98.467,10.981],[98.467,10.981],[98.467,10.98],[98.467,10.979],[98.467,10.978],[98.468,10.977],[98.468,10.976],[98.468,10.975],[98.469,10.974],[98.469,10.973],[98.47,10.973],[98.471,10.972],[98.472,10.972],[98.473,10.971],[98.473,10.971],[98.474,10.97],[98.539,10.952],[98.54,10.952],[98.541,10.952],[98.542,10.952],[98.543,10.952],[98.544,10.952],[98.545,10.953],[98.546,10.953],[98.547,10.953],[98.548,10.954],[98.549,10.954],[98.549,10.955],[98.55,10.956],[98.55,10.957],[98.551,10.957],[98.551,10.958],[98.552,10.959],[98.552,10.96],[98.552,10.961],[98.552,10.962],[98.552,10.963],[98.537,11.088]],[[98.405,12.652],[98.404,12.653],[98.404,12.653],[98.403,12.654],[98.402,12.655],[98.401,12.655],[98.4,12.656],[98.399,12.656],[98.315,12.687],[98.315,12.688],[98.314,12.688],[98.313,12.688],[98.312,12.688],[98.311,12.688],[98.31,12.688],[98.309,12.687],[98.308,12.687],[98.307,12.687],[98.306,12.686],[98.305,12.686],[98.305,12.685],[98.304,12.684],[98.304,12.683],[98.303,12.683],[98.303,12.682],[98.302,12.681],[98.302,12.68],[98.302,12.679],[98.302,12.678],[98.304,12.336],[98.304,12.335],[98.304,12.334],[98.304,12.333],[98.305,12.332],[98.305,12.331],[98.306,12.33],[98.306,12.33],[98.307,12.329],[98.308,12.328],[98.308,12.328],[98.309,12.327],[98.31,12.327],[98.311,12.326],[98.312,12.326],[98.313,12.326],[98.314,12.326],[98.315,12.326],[98.316,12.326],[98.317,12.326],[98.384,12.344],[98.385,12.345],[98.386,12.345],[98.386,12.346],[98.387,12.346],[98.388,12.347],[98.389,12.348],[98.389,12.349],[98.467,12.469],[98.468,12.469],[98.468,12.47],[98.469,12.471],[98.469,12.472],[98.469,12.473],[98.478,12.57],[98.478,12.571],[98.478,12.572],[98.478,12.573],[98.478,12.574],[98.477,12.575],[98.477,12.576],[98.476,12.577],[98.476,12.577],[98.475,12.578],[98.474,12.579],[98.474,12.579],[98.473,12.58],[98.472,12.58],[98.471,12.581],[98.47,12.581],[98.469,12.581],[98.468,12.581],[98.442,12.581],[98.405,12.652]],[[98.445,8.085],[98.445,8.086],[98.445,8.086],[98.445,8.087],[98.445,8.088],[98.444,8.089],[98.444,8.09],[98.444,8.091],[98.443,8.092],[98.443,8.093],[98.442,8.093],[98.441,8.094],[98.44,8.094],[98.44,8.095],[98.439,8.095],[98.438,8.096],[98.358,8.119],[98.331,8.171],[98.33,8.171],[98.33,8.172],[98.329,8.173],[98.328,8.174],[98.328,8.174],[98.327,8.175],[98.326,8.175],[98.325,8.176],[98.324,8.176],[98.323,8.176],[98.322,8.176],[98.321,8.176],[98.32,8.176],[98.319,8.176],[98.318,8.175],[98.318,8.175],[98.317,8.175],[98.316,8.174],[98.315,8.173],[98.315,8.173],[98.314,8.172],[98.313,8.171],[98.313,8.17],[98.313,8.169],[98.312,8.168],[98.252,7.928],[98.252,7.928],[98.252,7.927],[98.252,7.926],[98.252,7.925],[98.252,7.924],[98.286,7.774],[98.287,7.773],[98.287,7.772],[98.287,7.771],[98.288,7.77],[98.288,7.77],[98.289,7.769],[98.29,7.768],[98.291,7.768],[98.291,7.767],[98.292,7.767],[98.293,7.766],[98.294,7.766],[98.295,7.766],[98.296,7.766],[98.297,7.766],[98.298,7.766],[98.299,7.766],[98.3,7.767],[98.301,7.767],[98.403,7.819],[98.403,7.82],[98.404,7.82],[98.405,7.821],[98.406,7.821],[98.406,7.822],[98.407,7.823],[98.407,7.824],[98.407,7.825],[98.408,7.826],[98.408,7.827],[98.445,8.085]],[[98.274,13.206],[98.274,13.207],[98.273,13.208],[98.272,13.209],[98.272,13.209],[98.271,13.21],[98.27,13.211],[98.269,13.211],[98.268,13.211],[98.267,13.212],[98.266,13.212],[98.265,13.212],[98.264,13.212],[98.263,13.212],[98.262,13.212],[98.261,13.211],[98.261,13.211],[98.26,13.211],[98.259,13.21],[98.258,13.209],[98.257,13.209],[98.257,13.208],[98.256,13.207],[98.256,13.206],[98.256,13.205],[98.255,13.204],[98.255,13.203],[98.255,13.202],[98.249,13.014],[98.249,13.013],[98.249,13.012],[98.249,13.011],[98.25,13.01],[98.25,13.01],[98.251,13.009],[98.301,12.93],[98.301,12.929],[98.302,12.928],[98.302,12.927],[98.303,12.927],[98.304,12.926],[98.305,12.926],[98.306,12.926],[98.307,12.925],[98.308,12.925],[98.309,12.925],[98.31,12.925],[98.311,12.925],[98.312,12.925],[98.313,12.926],[98.313,12.926],[98.314,12.927],[98.315,12.927],[98.316,12.928],[98.317,12.928],[98.317,12.929],[98.318,12.93],[98.318,12.931],[98.318,12.932],[98.319,12.933],[98.319,12.934],[98.319,12.935],[98.325,13.099],[98.325,13.1],[98.325,13.101],[98.325,13.102],[98.324,13.102],[98.324,13.103],[98.274,13.206]],[[98.311,9.14],[98.311,9.141],[98.311,9.142],[98.31,9.143],[98.31,9.144],[98.309,9.145],[98.309,9.145],[98.308,9.146],[98.307,9.147],[98.307,9.147],[98.306,9.148],[98.305,9.148],[98.304,9.149],[98.303,9.149],[98.302,9.149],[98.301,9.149],[98.3,9.149],[98.299,9.149],[98.298,9.148],[98.271,9.139],[98.27,9.139],[98.269,9.139],[98.268,9.138],[98.267,9.138],[98.267,9.137],[98.266,9.136],[98.265,9.135],[98.265,9.134],[98.265,9.133],[98.264,9.133],[98.241,9.044],[98.241,9.043],[98.241,9.042],[98.241,9.041],[98.241,9.04],[98.241,9.039],[98.242,9.038],[98.242,9.037],[98.242,9.036],[98.243,9.035],[98.244,9.034],[98.244,9.034],[98.245,9.033],[98.246,9.032],[98.247,9.032],[98.248,9.032],[98.249,9.031],[98.25,9.031],[98.251,9.031],[98.252,9.031],[98.253,9.031],[98.31,9.041],[98.311,9.041],[98.312,9.042],[98.313,9.042],[98.313,9.043],[98.314,9.043],[98.315,9.044],[98.316,9.044],[98.316,9.045],[98.317,9.046],[98.317,9.047],[98.318,9.048],[98.318,9.049],[98.318,9.05],[98.318,9.051],[98.318,9.052],[98.311,9.14]],[[98.177,11.473],[98.177,11.472],[98.177,11.471],[98.177,11.47],[98.177,11.469],[98.178,11.468],[98.178,11.468],[98.179,11.467],[98.179,11.466],[98.18,11.465],[98.181,11.464],[98.181,11.464],[98.182,11.463],[98.211,11.447],[98.212,11.447],[98.213,11.446],[98.214,11.446],[98.215,11.446],[98.216,11.446],[98.217,11.446],[98.218,11.446],[98.219,11.446],[98.22,11.447],[98.221,11.447],[98.222,11.448],[98.223,11.448],[98.223,11.449],[98.224,11.45],[98.224,11.451],[98.225,11.452],[98.293,11.59],[98.293,11.59],[98.294,11.591],[98.294,11.592],[98.294,11.593],[98.31,11.782],[98.31,11.783],[98.31,11.784],[98.31,11.785],[98.31,11.786],[98.309,11.787],[98.309,11.788],[98.308,11.789],[98.308,11.79],[98.307,11.79],[98.306,11.791],[98.305,11.791],[98.304,11.792],[98.303,11.792],[98.303,11.793],[98.302,11.793],[98.301,11.793],[98.3,11.793],[98.299,11.793],[98.298,11.793],[98.297,11.792],[98.296,11.792],[98.295,11.792],[98.294,11.791],[98.293,11.79],[98.293,11.79],[98.292,11.789],[98.291,11.788],[98.291,11.787],[98.192,11.571],[98.192,11.57],[98.191,11.569],[98.191,11.568],[98.177,11.473]],[[98.172,10.988],[98.171,10.989],[98.171,10.989],[98.17,10.99],[98.169,10.99],[98.168,10.99],[98.167,10.99],[98.166,10.99],[98.165,10.99],[98.164,10.989],[98.163,10.989],[98.162,10.989],[98.161,10.988],[98.16,10.988],[98.16,10.987],[98.073,10.894],[98.072,10.893],[98.071,10.892],[98.071,10.891],[98.071,10.89],[98.07,10.89],[98.07,10.889],[98.07,10.888],[98.07,10.887],[98.07,10.886],[98.07,10.885],[98.071,10.884],[98.071,10.883],[98.071,10.882],[98.072,10.881],[98.073,10.88],[98.073,10.88],[98.074,10.879],[98.075,10.878],[98.076,10.878],[98.077,10.878],[98.078,10.877],[98.078,10.877],[98.079,10.877],[98.08,10.877],[98.081,10.877],[98.152,10.887],[98.209,10.832],[98.243,10.741],[98.243,10.74],[98.243,10.739],[98.244,10.738],[98.245,10.737],[98.245,10.737],[98.246,10.736],[98.247,10.735],[98.248,10.735],[98.249,10.735],[98.25,10.734],[98.25,10.734],[98.251,10.734],[98.252,10.734],[98.253,10.734],[98.254,10.734],[98.255,10.735],[98.256,10.735],[98.257,10.735],[98.258,10.736],[98.259,10.736],[98.3,10.772],[98.3,10.773],[98.301,10.774],[98.302,10.775],[98.302,10.776],[98.302,10.777],[98.303,10.778],[98.303,10.778],[98.303,10.779],[98.303,10.78],[98.303,10.781],[98.303,10.782],[98.302,10.783],[98.302,10.784],[98.219,10.957],[98.219,10.958],[98.218,10.959],[98.217,10.96],[98.217,10.96],[98.216,10.961],[98.215,10.961],[98.172,10.988]],[[98.124,9.876],[98.124,9.875],[98.124,9.874],[98.124,9.873],[98.125,9.872],[98.125,9.871],[98.125,9.87],[98.126,9.869],[98.127,9.868],[98.127,9.868],[98.128,9.867],[98.129,9.866],[98.13,9.866],[98.131,9.866],[98.131,9.865],[98.132,9.865],[98.133,9.865],[98.134,9.865],[98.135,9.865],[98.136,9.865],[98.137,9.866],[98.138,9.866],[98.139,9.866],[98.14,9.867],[98.141,9.868],[98.29,10.001],[98.29,10.001],[98.291,10.002],[98.292,10.003],[98.292,10.004],[98.293,10.005],[98.293,10.006],[98.302,10.049],[98.302,10.05],[98.302,10.051],[98.302,10.052],[98.302,10.053],[98.302,10.054],[98.301,10.055],[98.301,10.056],[98.3,10.056],[98.3,10.057],[98.299,10.058],[98.298,10.059],[98.298,10.059],[98.297,10.06],[98.296,10.06],[98.295,10.061],[98.294,10.061],[98.293,10.061],[98.292,10.061],[98.291,10.061],[98.22,10.055],[98.219,10.055],[98.218,10.055],[98.217,10.054],[98.216,10.054],[98.215,10.053],[98.214,10.053],[98.133,9.983],[98.133,9.982],[98.132,9.981],[98.132,9.98],[98.131,9.979],[98.131,9.979],[98.13,9.978],[98.13,9.977],[98.13,9.976],[98.124,9.876]],[[98.066,12.159],[98.067,12.158],[98.067,12.157],[98.068,12.157],[98.069,12.156],[98.07,12.156],[98.071,12.155],[98.071,12.155],[98.121,12.136],[98.122,12.135],[98.123,12.135],[98.124,12.135],[98.125,12.135],[98.126,12.135],[98.127,12.135],[98.128,12.136],[98.129,12.136],[98.13,12.136],[98.131,12.137],[98.132,12.137],[98.132,12.138],[98.133,12.139],[98.133,12.14],[98.134,12.141],[98.134,12.141],[98.135,12.142],[98.135,12.143],[98.135,12.144],[98.135,12.145],[98.132,12.279],[98.132,12.28],[98.132,12.281],[98.131,12.282],[98.131,12.283],[98.131,12.284],[98.13,12.285],[98.13,12.286],[98.129,12.286],[98.128,12.287],[98.127,12.288],[98.126,12.288],[98.125,12.288],[98.124,12.289],[98.073,12.302],[98.072,12.302],[98.071,12.302],[98.07,12.302],[98.069,12.302],[98.069,12.302],[98.068,12.301],[98.067,12.301],[98.066,12.301],[98.065,12.3],[98.064,12.299],[98.063,12.299],[98.063,12.298],[98.062,12.297],[98.028,12.237],[98.028,12.236],[98.027,12.235],[98.027,12.234],[98.027,12.233],[98.027,12.232],[98.027,12.231],[98.027,12.23],[98.027,12.229],[98.028,12.228],[98.028,12.227],[98.066,12.159]],[[98.011,11.695],[98.011,11.694],[98.011,11.693],[98.012,11.693],[98.012,11.692],[98.012,11.691],[98.013,11.69],[98.014,11.689],[98.014,11.689],[98.077,11.63],[98.078,11.629],[98.079,11.629],[98.08,11.628],[98.08,11.628],[98.081,11.627],[98.082,11.627],[98.083,11.627],[98.084,11.627],[98.085,11.627],[98.086,11.627],[98.087,11.628],[98.088,11.628],[98.089,11.628],[98.09,11.629],[98.091,11.629],[98.091,11.63],[98.092,11.631],[98.092,11.632],[98.093,11.633],[98.093,11.633],[98.094,11.634],[98.094,11.635],[98.094,11.636],[98.094,11.637],[98.091,11.733],[98.091,11.734],[98.091,11.735],[98.09,11.736],[98.09,11.737],[98.09,11.738],[98.019,11.865],[98.018,11.866],[98.018,11.867],[98.017,11.867],[98.016,11.868],[98.015,11.868],[98.014,11.869],[98.014,11.869],[98.013,11.87],[98.012,11.87],[98.011,11.87],[98.01,11.87],[98.009,11.87],[98.008,11.87],[98.007,11.869],[98.006,11.869],[98.005,11.869],[98.004,11.868],[98.003,11.867],[98.003,11.867],[98.002,11.866],[98.001,11.865],[98.001,11.864],[98.001,11.863],[98.0,11.862],[98.0,11.861],[98.0,11.86],[98.0,11.859],[98.011,11.695]],[[97.995,12.272],[97.995,12.271],[97.996,12.271],[97.997,12.27],[97.998,12.27],[97.999,12.27],[98.0,12.269],[98.001,12.269],[98.002,12.269],[98.003,12.269],[98.003,12.269],[98.004,12.269],[98.005,12.27],[98.006,12.27],[98.007,12.27],[98.008,12.271],[98.009,12.272],[98.009,12.272],[98.01,12.273],[98.011,12.274],[98.011,12.275],[98.069,12.394],[98.069,12.395],[98.07,12.395],[98.07,12.396],[98.07,12.397],[98.07,12.398],[98.07,12.399],[98.07,12.4],[98.069,12.401],[98.069,12.402],[98.069,12.403],[98.068,12.404],[98.067,12.405],[98.067,12.405],[98.066,12.406],[98.065,12.407],[98.064,12.407],[98.063,12.407],[98.062,12.408],[98.061,12.408],[98.06,12.408],[98.059,12.408],[97.989,12.404],[97.988,12.404],[97.987,12.404],[97.987,12.403],[97.986,12.403],[97.985,12.402],[97.984,12.402],[97.983,12.401],[97.932,12.353],[97.931,12.353],[97.931,12.352],[97.93,12.351],[97.93,12.35],[97.93,12.349],[97.929,12.348],[97.929,12.347],[97.929,12.346],[97.929,12.345],[97.929,12.344],[97.929,12.343],[97.93,12.342],[97.93,12.342],[97.931,12.341],[97.931,12.34],[97.932,12.339],[97.995,12.272]],[[97.596,0.828],[97.675,0.593],[97.675,0.592],[97.675,0.591],[97.676,0.59],[97.677,0.589],[97.677,0.589],[97.678,0.588],[97.679,0.587],[97.68,0.587],[97.681,0.587],[97.682,0.586],[97.818,0.554],[97.819,0.554],[97.82,0.554],[97.821,0.554],[97.822,0.554],[97.823,0.554],[97.824,0.555],[97.824,0.555],[97.825,0.556],[97.826,0.556],[97.827,0.557],[97.828,0.557],[97.884,0.621],[97.884,0.622],[97.885,0.623],[97.885,0.624],[97.885,0.625],[97.886,0.625],[97.886,0.626],[97.942,0.972],[97.942,0.973],[97.942,0.974],[97.942,0.975],[97.942,0.976],[97.941,0.977],[97.941,0.978],[97.941,0.979],[97.94,0.98],[97.94,0.98],[97.794,1.152],[97.793,1.153],[97.792,1.154],[97.792,1.154],[97.791,1.155],[97.79,1.155],[97.704,1.192],[97.49,1.471],[97.489,1.472],[97.489,1.472],[97.488,1.473],[97.487,1.474],[97.361,1.549],[97.36,1.549],[97.359,1.549],[97.358,1.55],[97.358,1.55],[97.357,1.55],[97.356,1.55],[97.355,1.55],[97.354,1.55],[97.353,1.549],[97.352,1.549],[97.351,1.549],[97.35,1.548],[97.35,1.548],[97.349,1.547],[97.24,1.434],[97.079,1.435],[97.078,1.435],[97.077,1.435],[97.076,1.435],[97.075,1.434],[97.074,1.434],[97.074,1.433],[97.073,1.433],[97.072,1.432],[97.071,1.431],[97.071,1.431],[97.07,1.43],[97.07,1.429],[97.07,1.428],[97.069,1.427],[97.069,1.426],[97.069,1.425],[97.069,1.424],[97.069,1.423],[97.069,1.422],[97.07,1.422],[97.07,1.421],[97.07,1.42],[97.071,1.419],[97.072,1.418],[97.289,1.181],[97.396,0.943],[97.396,0.942],[97.397,0.941],[97.397,0.941],[97.398,0.94],[97.399,0.939],[97.4,0.939],[97.4,0.938],[97.401,0.938],[97.402,0.937],[97.403,0.937],[97.404,0.937],[97.457,0.931],[97.596,0.828]],[[97.578,16.244],[97.579,16.244],[97.58,16.244],[97.581,16.245],[97.582,16.246],[97.582,16.246],[97.583,16.247],[97.584,16.248],[97.584,16.249],[97.584,16.25],[97.585,16.251],[97.585,16.252],[97.61,16.429],[97.61,16.43],[97.61,16.431],[97.61,16.432],[97.61,16.433],[97.609,16.434],[97.609,16.434],[97.608,16.435],[97.608,16.436],[97.55,16.511],[97.549,16.512],[97.549,16.513],[97.548,16.513],[97.547,16.514],[97.546,16.514],[97.545,16.514],[97.544,16.515],[97.543,16.515],[97.542,16.515],[97.541,16.515],[97.54,16.515],[97.54,16.515],[97.539,16.514],[97.538,16.514],[97.537,16.514],[97.464,16.47],[97.463,16.469],[97.462,16.468],[97.462,16.468],[97.461,16.467],[97.46,16.466],[97.46,16.465],[97.46,16.464],[97.459,16.463],[97.459,16.462],[97.459,16.461],[97.459,16.46],[97.47,16.305],[97.47,16.304],[97.47,16.303],[97.471,16.303],[97.471,16.302],[97.471,16.301],[97.472,16.3],[97.472,16.299],[97.529,16.233],[97.53,16.233],[97.531,16.232],[97.532,16.232],[97.533,16.231],[97.533,16.231],[97.534,16.23],[97.535,16.23],[97.536,16.23],[97.537,16.23],[97.538,16.23],[97.539,16.23],[97.54,16.231],[97.578,16.244]],[[97.321,2.046],[97.322,2.045],[97.322,2.045],[97.323,2.044],[97.324,2.044],[97.325,2.043],[97.326,2.043],[97.327,2.043],[97.328,2.043],[97.329,2.043],[97.33,2.043],[97.331,2.043],[97.332,2.044],[97.333,2.044],[97.333,2.045],[97.334,2.045],[97.335,2.046],[97.336,2.047],[97.336,2.047],[97.337,2.048],[97.337,2.049],[97.338,2.05],[97.338,2.051],[97.338,2.052],[97.338,2.053],[97.339,2.149],[97.339,2.15],[97.339,2.151],[97.339,2.152],[97.338,2.152],[97.338,2.153],[97.338,2.154],[97.337,2.155],[97.299,2.207],[97.298,2.208],[97.298,2.208],[97.297,2.209],[97.296,2.209],[97.295,2.21],[97.295,2.21],[97.294,2.211],[97.293,2.211],[97.292,2.211],[97.109,2.227],[97.108,2.227],[97.107,2.227],[97.106,2.227],[97.105,2.227],[97.104,2.226],[97.103,2.226],[97.102,2.225],[97.102,2.225],[97.101,2.224],[97.1,2.223],[97.1,2.222],[97.099,2.222],[97.099,2.221],[97.098,2.22],[97.098,2.219],[97.098,2.218],[97.098,2.217],[97.098,2.216],[97.098,2.215],[97.098,2.214],[97.099,2.213],[97.099,2.212],[97.1,2.211],[97.1,2.21],[97.101,2.21],[97.102,2.209],[97.103,2.209],[97.103,2.208],[97.219,2.15],[97.321,2.046]],[[95.903,2.896],[95.903,2.897],[95.902,2.897],[95.901,2.898],[95.9,2.898],[95.899,2.899],[95.809,2.926],[95.808,2.926],[95.807,2.926],[95.806,2.926],[95.805,2.926],[95.804,2.926],[95.803,2.926],[95.802,2.925],[95.801,2.925],[95.8,2.924],[95.8,2.924],[95.799,2.923],[95.71,2.833],[95.709,2.832],[95.709,2.832],[95.708,2.831],[95.708,2.83],[95.707,2.829],[95.707,2.828],[95.707,2.827],[95.707,2.826],[95.707,2.825],[95.707,2.824],[95.707,2.823],[95.708,2.822],[95.708,2.821],[95.8,2.651],[95.801,2.65],[95.801,2.65],[95.802,2.649],[95.803,2.648],[95.804,2.648],[95.804,2.647],[95.805,2.647],[95.806,2.646],[96.018,2.587],[96.396,2.343],[96.396,2.342],[96.397,2.342],[96.398,2.341],[96.399,2.341],[96.4,2.341],[96.401,2.341],[96.402,2.341],[96.465,2.35],[96.466,2.35],[96.467,2.351],[96.468,2.351],[96.469,2.351],[96.47,2.352],[96.471,2.352],[96.471,2.353],[96.472,2.354],[96.472,2.355],[96.473,2.355],[96.473,2.356],[96.474,2.357],[96.474,2.358],[96.474,2.359],[96.474,2.36],[96.474,2.361],[96.474,2.362],[96.474,2.363],[96.427,2.518],[96.426,2.519],[96.426,2.52],[96.425,2.52],[96.425,2.521],[96.424,2.522],[96.424,2.523],[96.423,2.523],[96.108,2.749],[96.107,2.75],[96.106,2.75],[96.106,2.75],[96.004,2.79],[95.903,2.896]],[[95.275,5.793],[95.275,5.792],[95.276,5.792],[95.277,5.791],[95.278,5.79],[95.279,5.79],[95.28,5.79],[95.281,5.789],[95.341,5.774],[95.342,5.774],[95.342,5.774],[95.343,5.774],[95.344,5.774],[95.345,5.774],[95.346,5.775],[95.347,5.775],[95.348,5.775],[95.349,5.776],[95.35,5.777],[95.35,5.777],[95.351,5.778],[95.351,5.779],[95.352,5.78],[95.352,5.78],[95.353,5.781],[95.353,5.782],[95.369,5.875],[95.369,5.876],[95.369,5.877],[95.369,5.878],[95.369,5.879],[95.369,5.88],[95.368,5.881],[95.368,5.882],[95.367,5.883],[95.367,5.883],[95.366,5.884],[95.365,5.885],[95.364,5.885],[95.364,5.886],[95.363,5.886],[95.362,5.887],[95.361,5.887],[95.36,5.887],[95.219,5.9],[95.218,5.9],[95.217,5.9],[95.216,5.9],[95.215,5.9],[95.214,5.899],[95.213,5.899],[95.212,5.898],[95.212,5.898],[95.211,5.897],[95.21,5.896],[95.21,5.895],[95.209,5.895],[95.209,5.894],[95.208,5.893],[95.208,5.892],[95.208,5.891],[95.208,5.89],[95.208,5.889],[95.208,5.888],[95.209,5.887],[95.209,5.886],[95.209,5.885],[95.21,5.884],[95.275,5.793]],[[94.725,15.83],[94.725,15.829],[94.724,15.828],[94.724,15.827],[94.724,15.826],[94.723,15.825],[94.723,15.824],[94.723,15.823],[94.723,15.822],[94.723,15.821],[94.723,15.82],[94.724,15.819],[94.724,15.819],[94.725,15.818],[94.725,15.817],[94.726,15.816],[94.726,15.815],[94.727,15.815],[94.728,15.814],[94.779,15.785],[94.78,15.785],[94.781,15.785],[94.782,15.784],[94.783,15.784],[94.784,15.784],[94.785,15.784],[94.786,15.784],[94.787,15.784],[94.788,15.785],[94.789,15.785],[94.789,15.786],[94.79,15.786],[94.791,15.787],[94.792,15.788],[94.792,15.788],[94.793,15.789],[94.847,15.887],[94.847,15.888],[94.847,15.889],[94.848,15.89],[94.848,15.891],[94.848,15.892],[94.848,15.893],[94.848,15.893],[94.848,15.894],[94.838,15.935],[94.837,15.936],[94.837,15.937],[94.837,15.938],[94.836,15.939],[94.835,15.94],[94.835,15.94],[94.834,15.941],[94.833,15.942],[94.832,15.942],[94.831,15.942],[94.83,15.943],[94.829,15.943],[94.828,15.943],[94.827,15.943],[94.826,15.943],[94.825,15.943],[94.824,15.942],[94.824,15.942],[94.823,15.941],[94.822,15.941],[94.821,15.94],[94.82,15.94],[94.725,15.83]],[[94.402,15.846],[94.402,15.845],[94.403,15.844],[94.403,15.844],[94.403,15.843],[94.404,15.842],[94.405,15.841],[94.405,15.841],[94.406,15.84],[94.407,15.839],[94.408,15.839],[94.409,15.839],[94.41,15.838],[94.411,15.838],[94.412,15.838],[94.413,15.838],[94.414,15.838],[94.414,15.838],[94.415,15.839],[94.416,15.839],[94.417,15.839],[94.418,15.84],[94.419,15.841],[94.419,15.841],[94.573,16.012],[94.574,16.013],[94.575,16.014],[94.575,16.015],[94.628,16.137],[94.629,16.138],[94.629,16.139],[94.629,16.14],[94.629,16.141],[94.629,16.142],[94.629,16.143],[94.629,16.144],[94.611,16.209],[94.61,16.21],[94.61,16.211],[94.609,16.211],[94.609,16.212],[94.608,16.213],[94.607,16.214],[94.607,16.214],[94.606,16.215],[94.605,16.215],[94.604,16.216],[94.603,16.216],[94.602,16.216],[94.601,16.216],[94.6,16.216],[94.599,16.216],[94.598,16.216],[94.597,16.215],[94.596,16.215],[94.595,16.214],[94.595,16.214],[94.594,16.213],[94.381,16.001],[94.38,16.0],[94.38,16.0],[94.379,15.999],[94.379,15.998],[94.378,15.997],[94.378,15.996],[94.378,15.995],[94.378,15.994],[94.378,15.993],[94.378,15.992],[94.402,15.846]],[[93.723,19.411],[93.746,19.323],[93.747,19.322],[93.747,19.322],[93.747,19.321],[93.748,19.32],[93.749,19.319],[93.749,19.319],[93.75,19.318],[93.751,19.317],[93.752,19.317],[93.811,19.29],[93.812,19.29],[93.813,19.289],[93.814,19.289],[93.815,19.289],[93.816,19.289],[93.817,19.289],[93.818,19.289],[93.819,19.29],[93.906,19.323],[93.906,19.323],[93.907,19.324],[93.908,19.324],[93.909,19.325],[93.909,19.325],[93.91,19.326],[93.911,19.327],[93.956,19.403],[93.956,19.404],[93.956,19.405],[93.957,19.406],[93.957,19.407],[93.957,19.408],[93.957,19.409],[93.957,19.41],[93.957,19.411],[93.956,19.412],[93.956,19.413],[93.955,19.413],[93.955,19.414],[93.954,19.415],[93.882,19.488],[93.881,19.489],[93.881,19.489],[93.88,19.49],[93.879,19.49],[93.878,19.491],[93.877,19.491],[93.876,19.491],[93.875,19.491],[93.874,19.491],[93.832,19.485],[93.721,19.566],[93.72,19.567],[93.719,19.567],[93.718,19.567],[93.717,19.568],[93.716,19.568],[93.715,19.568],[93.715,19.568],[93.714,19.568],[93.713,19.568],[93.712,19.567],[93.711,19.567],[93.71,19.567],[93.709,19.566],[93.708,19.565],[93.637,19.502],[93.637,19.502],[93.636,19.501],[93.635,19.5],[93.635,19.499],[93.635,19.498],[93.634,19.497],[93.634,19.497],[93.634,19.496],[93.634,19.495],[93.634,19.494],[93.634,19.493],[93.635,19.492],[93.635,19.491],[93.635,19.49],[93.636,19.489],[93.637,19.488],[93.637,19.488],[93.723,19.411]],[[93.828,7.245],[93.828,7.245],[93.827,7.246],[93.826,7.246],[93.825,7.247],[93.824,7.247],[93.823,7.247],[93.822,7.247],[93.821,7.247],[93.82,7.247],[93.819,7.247],[93.818,7.246],[93.68,7.193],[93.68,7.193],[93.679,7.192],[93.678,7.192],[93.677,7.191],[93.676,7.191],[93.676,7.19],[93.675,7.189],[93.647,7.141],[93.647,7.14],[93.647,7.139],[93.646,7.139],[93.646,7.138],[93.646,7.137],[93.646,7.136],[93.648,7.016],[93.648,7.015],[93.648,7.014],[93.648,7.013],[93.649,7.012],[93.649,7.011],[93.65,7.01],[93.65,7.01],[93.651,7.009],[93.652,7.008],[93.653,7.008],[93.653,7.007],[93.654,7.007],[93.655,7.006],[93.702,6.993],[93.82,6.745],[93.82,6.744],[93.821,6.743],[93.822,6.742],[93.822,6.742],[93.823,6.741],[93.824,6.74],[93.825,6.74],[93.826,6.74],[93.827,6.739],[93.828,6.739],[93.829,6.739],[93.829,6.739],[93.83,6.739],[93.831,6.739],[93.832,6.74],[93.833,6.74],[93.834,6.74],[93.835,6.741],[93.836,6.742],[93.836,6.742],[93.837,6.743],[93.898,6.825],[93.899,6.826],[93.899,6.827],[93.899,6.827],[93.9,6.828],[93.94,6.97],[93.94,6.971],[93.94,6.972],[93.94,6.973],[93.94,6.974],[93.94,6.975],[93.94,6.976],[93.869,7.21],[93.868,7.211],[93.868,7.212],[93.867,7.213],[93.867,7.213],[93.866,7.214],[93.865,7.215],[93.828,7.245]],[[93.668,18.668],[93.669,18.668],[93.669,18.667],[93.67,18.667],[93.671,18.666],[93.672,18.666],[93.673,18.666],[93.674,18.666],[93.675,18.666],[93.676,18.666],[93.677,18.667],[93.678,18.667],[93.679,18.667],[93.68,18.668],[93.681,18.669],[93.725,18.709],[93.725,18.709],[93.726,18.71],[93.727,18.711],[93.727,18.712],[93.727,18.712],[93.728,18.713],[93.728,18.714],[93.755,18.864],[93.755,18.865],[93.755,18.866],[93.755,18.867],[93.755,18.868],[93.755,18.869],[93.754,18.87],[93.754,18.871],[93.753,18.872],[93.753,18.872],[93.752,18.873],[93.751,18.874],[93.75,18.874],[93.75,18.875],[93.749,18.875],[93.748,18.876],[93.747,18.876],[93.62,18.899],[93.619,18.899],[93.618,18.899],[93.616,18.899],[93.485,18.878],[93.484,18.878],[93.484,18.877],[93.483,18.877],[93.482,18.877],[93.481,18.876],[93.48,18.875],[93.48,18.875],[93.479,18.874],[93.478,18.873],[93.478,18.872],[93.478,18.871],[93.477,18.87],[93.477,18.869],[93.477,18.868],[93.477,18.867],[93.477,18.866],[93.477,18.865],[93.478,18.864],[93.478,18.864],[93.479,18.863],[93.479,18.862],[93.562,18.754],[93.563,18.753],[93.564,18.752],[93.668,18.668]],[[93.7,7.417],[93.699,7.418],[93.699,7.419],[93.698,7.419],[93.697,7.42],[93.696,7.42],[93.695,7.42],[93.694,7.421],[93.693,7.421],[93.692,7.421],[93.691,7.421],[93.69,7.421],[93.689,7.421],[93.688,7.42],[93.687,7.42],[93.687,7.419],[93.686,7.419],[93.685,7.418],[93.59,7.326],[93.589,7.325],[93.589,7.325],[93.588,7.324],[93.588,7.323],[93.588,7.322],[93.587,7.321],[93.587,7.32],[93.587,7.319],[93.587,7.318],[93.587,7.318],[93.587,7.317],[93.588,7.316],[93.588,7.315],[93.588,7.314],[93.589,7.313],[93.63,7.256],[93.63,7.255],[93.631,7.255],[93.632,7.254],[93.633,7.254],[93.633,7.253],[93.634,7.253],[93.635,7.252],[93.636,7.252],[93.637,7.252],[93.638,7.252],[93.639,7.252],[93.64,7.252],[93.641,7.252],[93.642,7.253],[93.643,7.253],[93.644,7.254],[93.644,7.254],[93.645,7.255],[93.741,7.349],[93.742,7.35],[93.742,7.35],[93.743,7.351],[93.743,7.352],[93.744,7.353],[93.744,7.354],[93.744,7.355],[93.744,7.356],[93.744,7.357],[93.744,7.358],[93.744,7.359],[93.743,7.36],[93.743,7.36],[93.742,7.361],[93.742,7.362],[93.7,7.417]],[[93.48,8.017],[93.48,8.016],[93.481,8.015],[93.481,8.014],[93.482,8.013],[93.482,8.013],[93.483,8.012],[93.484,8.011],[93.485,8.011],[93.485,8.01],[93.486,8.01],[93.487,8.009],[93.488,8.009],[93.489,8.009],[93.49,8.009],[93.491,8.009],[93.492,8.009],[93.493,8.009],[93.494,8.01],[93.495,8.01],[93.496,8.011],[93.496,8.011],[93.543,8.049],[93.544,8.05],[93.545,8.051],[93.545,8.051],[93.546,8.052],[93.546,8.053],[93.547,8.054],[93.547,8.055],[93.547,8.056],[93.547,8.057],[93.547,8.058],[93.547,8.059],[93.522,8.159],[93.541,8.211],[93.542,8.211],[93.542,8.212],[93.542,8.213],[93.542,8.214],[93.542,8.215],[93.542,8.216],[93.541,8.217],[93.541,8.218],[93.541,8.219],[93.54,8.22],[93.54,8.221],[93.539,8.221],[93.538,8.222],[93.537,8.222],[93.537,8.223],[93.536,8.223],[93.535,8.224],[93.497,8.235],[93.496,8.235],[93.495,8.235],[93.494,8.235],[93.493,8.235],[93.492,8.235],[93.491,8.235],[93.49,8.234],[93.489,8.234],[93.489,8.233],[93.488,8.233],[93.487,8.232],[93.486,8.232],[93.486,8.231],[93.448,8.178],[93.447,8.177],[93.447,8.176],[93.447,8.175],[93.446,8.174],[93.446,8.174],[93.446,8.173],[93.446,8.172],[93.446,8.171],[93.446,8.17],[93.48,8.017]],[[93.419,19.958],[93.418,19.959],[93.417,19.959],[93.416,19.959],[93.415,19.96],[93.414,19.96],[93.413,19.96],[93.412,19.96],[93.412,19.96],[93.411,19.96],[93.41,19.959],[93.409,19.959],[93.408,19.959],[93.407,19.958],[93.406,19.957],[93.406,19.957],[93.405,19.956],[93.404,19.955],[93.404,19.954],[93.404,19.954],[93.403,19.953],[93.403,19.952],[93.403,19.951],[93.403,19.95],[93.403,19.949],[93.403,19.948],[93.435,19.804],[93.436,19.803],[93.436,19.802],[93.436,19.801],[93.437,19.8],[93.438,19.799],[93.438,19.799],[93.439,19.798],[93.507,19.747],[93.508,19.746],[93.509,19.746],[93.51,19.746],[93.511,19.745],[93.511,19.745],[93.512,19.745],[93.513,19.745],[93.514,19.745],[93.515,19.745],[93.516,19.746],[93.517,19.746],[93.518,19.746],[93.519,19.747],[93.52,19.748],[93.52,19.748],[93.521,19.749],[93.522,19.75],[93.522,19.751],[93.522,19.752],[93.523,19.753],[93.523,19.754],[93.523,19.755],[93.523,19.756],[93.523,19.757],[93.502,19.895],[93.502,19.895],[93.501,19.896],[93.501,19.897],[93.501,19.898],[93.5,19.899],[93.499,19.9],[93.499,19.9],[93.498,19.901],[93.419,19.958]],[[93.384,8.023],[93.383,8.024],[93.382,8.025],[93.382,8.025],[93.381,8.026],[93.38,8.027],[93.379,8.027],[93.378,8.027],[93.377,8.028],[93.376,8.028],[93.375,8.028],[93.374,8.028],[93.373,8.028],[93.372,8.028],[93.371,8.027],[93.37,8.027],[93.369,8.026],[93.369,8.026],[93.303,7.972],[93.302,7.971],[93.301,7.97],[93.301,7.97],[93.3,7.969],[93.3,7.968],[93.299,7.967],[93.299,7.966],[93.299,7.965],[93.299,7.964],[93.299,7.963],[93.299,7.962],[93.299,7.961],[93.3,7.96],[93.3,7.959],[93.301,7.959],[93.357,7.872],[93.357,7.871],[93.358,7.87],[93.358,7.869],[93.359,7.869],[93.36,7.868],[93.361,7.868],[93.362,7.868],[93.363,7.867],[93.364,7.867],[93.365,7.867],[93.366,7.867],[93.367,7.867],[93.368,7.867],[93.45,7.889],[93.451,7.89],[93.451,7.89],[93.452,7.89],[93.453,7.891],[93.454,7.892],[93.454,7.892],[93.455,7.893],[93.456,7.894],[93.456,7.895],[93.456,7.896],[93.457,7.897],[93.457,7.898],[93.457,7.899],[93.457,7.9],[93.457,7.901],[93.457,7.901],[93.456,7.902],[93.456,7.903],[93.456,7.904],[93.384,8.023]],[[93.108,8.212],[93.108,8.212],[93.109,8.211],[93.11,8.21],[93.111,8.21],[93.112,8.21],[93.113,8.209],[93.114,8.209],[93.17,8.202],[93.171,8.202],[93.172,8.202],[93.173,8.202],[93.174,8.202],[93.175,8.203],[93.176,8.203],[93.176,8.204],[93.177,8.204],[93.178,8.205],[93.179,8.206],[93.179,8.206],[93.18,8.207],[93.18,8.208],[93.181,8.209],[93.181,8.21],[93.181,8.211],[93.181,8.212],[93.181,8.213],[93.181,8.214],[93.181,8.215],[93.18,8.216],[93.18,8.217],[93.106,8.354],[93.105,8.355],[93.105,8.355],[93.104,8.356],[93.103,8.357],[93.103,8.357],[93.102,8.358],[93.101,8.358],[93.1,8.359],[93.099,8.359],[93.098,8.359],[93.097,8.359],[93.096,8.359],[93.095,8.359],[93.094,8.359],[93.093,8.358],[93.092,8.358],[93.092,8.357],[93.091,8.357],[93.09,8.356],[93.089,8.356],[93.089,8.355],[93.088,8.354],[93.088,8.353],[93.055,8.279],[93.055,8.278],[93.054,8.277],[93.054,8.276],[93.054,8.275],[93.054,8.274],[93.054,8.273],[93.054,8.272],[93.055,8.272],[93.055,8.271],[93.055,8.27],[93.056,8.269],[93.057,8.268],[93.108,8.212]],[[92.769,12.298],[92.777,12.233],[92.673,12.202],[92.672,12.201],[92.671,12.201],[92.67,12.2],[92.67,12.2],[92.669,12.199],[92.668,12.198],[92.668,12.197],[92.667,12.197],[92.667,12.196],[92.666,12.195],[92.599,11.955],[92.527,11.88],[92.526,11.879],[92.526,11.878],[92.525,11.877],[92.525,11.876],[92.524,11.875],[92.524,11.874],[92.524,11.873],[92.524,11.872],[92.524,11.871],[92.524,11.87],[92.566,11.715],[92.567,11.714],[92.567,11.714],[92.567,11.713],[92.692,11.508],[92.693,11.507],[92.694,11.506],[92.694,11.506],[92.695,11.505],[92.696,11.504],[92.697,11.504],[92.698,11.504],[92.699,11.503],[92.699,11.503],[92.7,11.503],[92.701,11.503],[92.702,11.503],[92.703,11.503],[92.704,11.504],[92.705,11.504],[92.706,11.504],[92.707,11.505],[92.708,11.505],[92.708,11.506],[92.709,11.507],[92.709,11.508],[92.71,11.508],[92.774,11.634],[92.774,11.635],[92.775,11.637],[92.775,11.638],[92.808,11.874],[92.808,11.875],[92.808,11.876],[92.808,11.877],[92.808,11.878],[92.807,11.879],[92.759,11.992],[92.888,12.223],[92.888,12.224],[92.889,12.225],[92.889,12.226],[92.889,12.227],[92.889,12.228],[92.889,12.229],[92.875,12.428],[92.935,12.443],[92.936,12.444],[92.937,12.444],[92.938,12.444],[92.939,12.445],[92.939,12.445],[92.94,12.446],[92.941,12.447],[92.941,12.447],[92.998,12.533],[92.999,12.534],[92.999,12.535],[93.0,12.536],[93.0,12.537],[93.0,12.538],[93.0,12.539],[93.0,12.54],[92.975,12.851],[92.975,12.852],[92.975,12.853],[92.974,12.854],[92.974,12.855],[92.973,12.856],[92.973,12.857],[92.898,12.943],[93.074,13.217],[93.075,13.217],[93.075,13.218],[93.076,13.219],[93.076,13.22],[93.076,13.221],[93.076,13.222],[93.076,13.223],[93.076,13.224],[93.076,13.225],[93.075,13.226],[93.028,13.334],[93.084,13.394],[93.085,13.395],[93.085,13.396],[93.086,13.396],[93.086,13.397],[93.087,13.398],[93.087,13.399],[93.087,13.4],[93.087,13.401],[93.087,13.402],[93.072,13.546],[93.072,13.547],[93.072,13.548],[93.071,13.549],[93.071,13.55],[93.07,13.551],[93.07,13.551],[93.069,13.552],[93.068,13.553],[93.067,13.553],[93.067,13.554],[93.066,13.554],[93.065,13.555],[93.064,13.555],[93.063,13.555],[93.062,13.555],[93.061,13.555],[93.06,13.555],[93.059,13.555],[93.058,13.554],[92.921,13.495],[92.92,13.495],[92.919,13.494],[92.919,13.494],[92.918,13.493],[92.917,13.492],[92.917,13.492],[92.916,13.491],[92.848,13.363],[92.848,13.362],[92.847,13.361],[92.847,13.36],[92.847,13.359],[92.847,13.358],[92.85,13.232],[92.799,13.043],[92.799,13.042],[92.799,13.041],[92.799,13.04],[92.799,13.039],[92.799,13.038],[92.8,13.037],[92.8,13.036],[92.8,13.035],[92.82,13.001],[92.798,12.883],[92.732,12.786],[92.731,12.785],[92.731,12.784],[92.73,12.783],[92.73,12.782],[92.73,12.781],[92.73,12.78],[92.73,12.779],[92.73,12.778],[92.749,12.67],[92.711,12.544],[92.711,12.543],[92.711,12.542],[92.711,12.541],[92.709,12.357],[92.709,12.356],[92.709,12.355],[92.709,12.354],[92.71,12.353],[92.71,12.353],[92.71,12.352],[92.711,12.351],[92.712,12.35],[92.712,12.35],[92.769,12.298]],[[92.95,12.011],[92.949,12.01],[92.948,12.01],[92.948,12.009],[92.947,12.008],[92.946,12.007],[92.946,12.006],[92.946,12.005],[92.945,12.004],[92.945,12.003],[92.945,12.002],[92.945,12.001],[92.945,12.0],[92.945,11.999],[92.946,11.998],[92.946,11.998],[92.947,11.997],[92.974,11.954],[92.974,11.953],[92.975,11.952],[92.975,11.952],[92.976,11.951],[93.056,11.891],[93.057,11.89],[93.058,11.89],[93.059,11.89],[93.059,11.889],[93.06,11.889],[93.061,11.889],[93.062,11.889],[93.063,11.889],[93.064,11.889],[93.065,11.89],[93.066,11.89],[93.067,11.89],[93.068,11.891],[93.069,11.891],[93.069,11.892],[93.07,11.893],[93.07,11.894],[93.071,11.895],[93.071,11.895],[93.072,11.896],[93.072,11.897],[93.072,11.898],[93.072,11.899],[93.072,11.9],[93.072,11.901],[93.072,11.902],[93.027,12.04],[93.026,12.041],[93.026,12.042],[93.025,12.043],[93.025,12.044],[93.024,12.044],[93.023,12.045],[93.022,12.045],[93.022,12.046],[93.021,12.046],[93.02,12.047],[93.019,12.047],[93.018,12.047],[93.017,12.047],[93.016,12.047],[93.015,12.047],[93.014,12.047],[93.013,12.046],[93.012,12.046],[92.95,12.011]],[[92.903,20.0],[92.903,19.999],[92.903,19.998],[92.903,19.997],[92.904,19.996],[92.904,19.995],[92.905,19.995],[93.015,19.824],[93.015,19.823],[93.016,19.822],[93.017,19.821],[93.017,19.821],[93.018,19.82],[93.019,19.82],[93.02,19.819],[93.021,19.819],[93.022,19.819],[93.023,19.819],[93.024,19.819],[93.025,19.819],[93.026,19.819],[93.027,19.82],[93.028,19.82],[93.028,19.821],[93.029,19.821],[93.03,19.822],[93.031,19.823],[93.031,19.823],[93.032,19.824],[93.032,19.825],[93.033,19.826],[93.033,19.827],[93.033,19.828],[93.033,19.829],[93.033,19.83],[93.033,19.831],[93.033,19.832],[92.97,20.049],[92.969,20.05],[92.969,20.051],[92.968,20.051],[92.968,20.052],[92.967,20.053],[92.967,20.053],[92.922,20.093],[92.921,20.094],[92.92,20.095],[92.919,20.095],[92.918,20.095],[92.917,20.096],[92.916,20.096],[92.915,20.096],[92.914,20.096],[92.913,20.096],[92.912,20.096],[92.911,20.095],[92.911,20.095],[92.91,20.094],[92.909,20.094],[92.908,20.093],[92.907,20.093],[92.907,20.092],[92.906,20.091],[92.906,20.09],[92.906,20.089],[92.905,20.088],[92.905,20.087],[92.905,20.086],[92.903,20.0]],[[92.795,9.244],[92.795,9.245],[92.795,9.246],[92.794,9.247],[92.793,9.248],[92.793,9.248],[92.792,9.249],[92.791,9.25],[92.79,9.25],[92.789,9.25],[92.788,9.251],[92.787,9.251],[92.786,9.251],[92.785,9.251],[92.784,9.251],[92.783,9.251],[92.782,9.25],[92.782,9.25],[92.709,9.214],[92.708,9.213],[92.707,9.213],[92.706,9.212],[92.705,9.212],[92.705,9.211],[92.704,9.21],[92.704,9.209],[92.703,9.208],[92.703,9.207],[92.703,9.206],[92.703,9.205],[92.703,9.204],[92.703,9.203],[92.703,9.202],[92.704,9.201],[92.735,9.127],[92.735,9.126],[92.736,9.125],[92.736,9.125],[92.737,9.124],[92.738,9.123],[92.738,9.123],[92.739,9.122],[92.74,9.122],[92.741,9.121],[92.742,9.121],[92.743,9.121],[92.744,9.121],[92.745,9.121],[92.746,9.121],[92.747,9.121],[92.748,9.122],[92.749,9.122],[92.749,9.123],[92.814,9.165],[92.815,9.165],[92.816,9.166],[92.817,9.167],[92.817,9.167],[92.818,9.168],[92.818,9.169],[92.819,9.17],[92.819,9.171],[92.819,9.172],[92.819,9.173],[92.819,9.174],[92.819,9.175],[92.818,9.176],[92.795,9.244]],[[92.674,12.947],[92.673,12.946],[92.673,12.946],[92.672,12.945],[92.671,12.944],[92.671,12.943],[92.671,12.942],[92.67,12.941],[92.67,12.941],[92.67,12.94],[92.67,12.939],[92.676,12.8],[92.676,12.799],[92.676,12.798],[92.677,12.797],[92.677,12.796],[92.677,12.795],[92.678,12.794],[92.678,12.793],[92.679,12.793],[92.68,12.792],[92.681,12.792],[92.682,12.791],[92.682,12.791],[92.683,12.79],[92.684,12.79],[92.685,12.79],[92.686,12.79],[92.687,12.79],[92.688,12.79],[92.689,12.79],[92.69,12.791],[92.691,12.791],[92.692,12.792],[92.692,12.792],[92.693,12.793],[92.694,12.794],[92.694,12.794],[92.695,12.795],[92.695,12.796],[92.696,12.797],[92.741,12.946],[92.741,12.947],[92.741,12.948],[92.741,12.949],[92.741,12.95],[92.741,12.951],[92.741,12.952],[92.74,12.953],[92.74,12.954],[92.739,12.955],[92.739,12.955],[92.738,12.956],[92.737,12.957],[92.736,12.957],[92.716,12.97],[92.716,12.971],[92.715,12.971],[92.714,12.972],[92.713,12.972],[92.712,12.972],[92.711,12.972],[92.71,12.972],[92.709,12.972],[92.708,12.971],[92.707,12.971],[92.706,12.971],[92.705,12.97],[92.674,12.947]],[[92.697,11.372],[92.698,11.372],[92.699,11.373],[92.699,11.373],[92.7,11.374],[92.701,11.375],[92.701,11.376],[92.702,11.376],[92.702,11.377],[92.703,11.378],[92.703,11.379],[92.703,11.38],[92.703,11.381],[92.7,11.463],[92.7,11.464],[92.7,11.465],[92.699,11.466],[92.699,11.467],[92.699,11.468],[92.698,11.469],[92.697,11.47],[92.697,11.47],[92.647,11.516],[92.646,11.517],[92.645,11.518],[92.644,11.518],[92.643,11.518],[92.643,11.519],[92.642,11.519],[92.641,11.519],[92.64,11.519],[92.639,11.519],[92.638,11.519],[92.637,11.518],[92.636,11.518],[92.635,11.518],[92.634,11.517],[92.633,11.517],[92.633,11.516],[92.632,11.515],[92.632,11.514],[92.631,11.513],[92.631,11.513],[92.63,11.512],[92.63,11.511],[92.63,11.51],[92.624,11.431],[92.589,11.393],[92.588,11.392],[92.587,11.391],[92.587,11.39],[92.587,11.39],[92.586,11.389],[92.586,11.388],[92.586,11.387],[92.586,11.386],[92.586,11.385],[92.586,11.384],[92.587,11.383],[92.587,11.382],[92.587,11.381],[92.588,11.38],[92.588,11.379],[92.589,11.379],[92.59,11.378],[92.591,11.378],[92.591,11.377],[92.64,11.352],[92.641,11.352],[92.642,11.351],[92.643,11.351],[92.644,11.351],[92.645,11.351],[92.646,11.351],[92.647,11.351],[92.648,11.351],[92.649,11.352],[92.697,11.372]],[[92.471,10.511],[92.472,10.511],[92.473,10.511],[92.474,10.511],[92.475,10.511],[92.476,10.511],[92.477,10.512],[92.477,10.512],[92.478,10.513],[92.479,10.513],[92.48,10.514],[92.481,10.515],[92.481,10.515],[92.482,10.516],[92.583,10.699],[92.583,10.7],[92.584,10.701],[92.584,10.702],[92.584,10.703],[92.584,10.704],[92.584,10.705],[92.584,10.706],[92.583,10.707],[92.519,10.9],[92.519,10.901],[92.519,10.902],[92.518,10.903],[92.518,10.904],[92.517,10.904],[92.516,10.905],[92.515,10.906],[92.514,10.906],[92.513,10.906],[92.512,10.907],[92.512,10.907],[92.511,10.907],[92.51,10.907],[92.509,10.907],[92.508,10.907],[92.507,10.906],[92.506,10.906],[92.505,10.906],[92.504,10.905],[92.503,10.904],[92.346,10.758],[92.345,10.758],[92.345,10.757],[92.344,10.756],[92.344,10.755],[92.344,10.754],[92.343,10.753],[92.343,10.752],[92.343,10.751],[92.343,10.75],[92.36,10.546],[92.36,10.545],[92.36,10.544],[92.361,10.543],[92.361,10.543],[92.362,10.542],[92.362,10.541],[92.363,10.54],[92.363,10.54],[92.364,10.539],[92.365,10.538],[92.366,10.538],[92.367,10.538],[92.368,10.537],[92.471,10.511]],[[91.849,21.533],[91.849,21.532],[91.849,21.531],[91.849,21.53],[91.85,21.529],[91.85,21.528],[91.851,21.527],[91.851,21.527],[91.852,21.526],[91.882,21.496],[91.883,21.495],[91.883,21.495],[91.884,21.494],[91.885,21.494],[91.886,21.493],[91.887,21.493],[91.888,21.493],[91.889,21.493],[91.89,21.493],[91.95,21.498],[91.951,21.498],[91.952,21.498],[91.953,21.499],[91.954,21.499],[91.954,21.5],[91.955,21.5],[91.956,21.501],[91.957,21.501],[91.957,21.502],[91.958,21.503],[91.958,21.504],[91.958,21.505],[91.959,21.506],[91.959,21.507],[91.959,21.508],[91.959,21.509],[91.944,21.723],[91.944,21.724],[91.944,21.725],[91.943,21.726],[91.943,21.726],[91.942,21.727],[91.942,21.728],[91.941,21.729],[91.941,21.73],[91.94,21.73],[91.939,21.731],[91.938,21.731],[91.937,21.731],[91.936,21.732],[91.935,21.732],[91.934,21.732],[91.933,21.732],[91.932,21.732],[91.855,21.719],[91.854,21.719],[91.853,21.718],[91.852,21.718],[91.852,21.717],[91.851,21.717],[91.85,21.716],[91.849,21.715],[91.849,21.715],[91.848,21.714],[91.848,21.713],[91.847,21.712],[91.847,21.711],[91.847,21.71],[91.847,21.709],[91.849,21.533]],[[91.811,21.813],[91.81,21.812],[91.81,21.811],[91.81,21.81],[91.81,21.809],[91.81,21.808],[91.81,21.807],[91.828,21.747],[91.829,21.746],[91.829,21.745],[91.83,21.744],[91.83,21.744],[91.831,21.743],[91.832,21.742],[91.832,21.742],[91.833,21.741],[91.834,21.741],[91.835,21.74],[91.836,21.74],[91.837,21.74],[91.838,21.74],[91.839,21.74],[91.84,21.74],[91.841,21.74],[91.842,21.741],[91.843,21.741],[91.843,21.742],[91.844,21.742],[91.845,21.743],[91.846,21.743],[91.846,21.744],[91.847,21.745],[91.847,21.746],[91.847,21.747],[91.892,21.881],[91.893,21.882],[91.893,21.883],[91.893,21.884],[91.893,21.885],[91.893,21.886],[91.893,21.887],[91.892,21.888],[91.892,21.889],[91.87,21.932],[91.869,21.932],[91.869,21.933],[91.868,21.934],[91.868,21.935],[91.867,21.935],[91.866,21.936],[91.865,21.936],[91.864,21.936],[91.863,21.937],[91.862,21.937],[91.861,21.937],[91.86,21.937],[91.859,21.937],[91.858,21.937],[91.857,21.936],[91.857,21.936],[91.856,21.936],[91.855,21.935],[91.854,21.934],[91.854,21.934],[91.853,21.933],[91.852,21.932],[91.852,21.931],[91.852,21.93],[91.811,21.813]],[[91.401,22.479],[91.401,22.478],[91.401,22.477],[91.401,22.476],[91.401,22.475],[91.401,22.474],[91.401,22.473],[91.402,22.472],[91.402,22.471],[91.403,22.471],[91.403,22.47],[91.502,22.347],[91.503,22.346],[91.504,22.345],[91.504,22.345],[91.505,22.344],[91.506,22.344],[91.507,22.343],[91.508,22.343],[91.509,22.343],[91.51,22.343],[91.511,22.343],[91.512,22.343],[91.513,22.343],[91.514,22.344],[91.514,22.344],[91.515,22.344],[91.562,22.373],[91.563,22.374],[91.564,22.375],[91.565,22.375],[91.565,22.376],[91.566,22.377],[91.566,22.378],[91.567,22.379],[91.567,22.38],[91.567,22.381],[91.567,22.382],[91.567,22.383],[91.567,22.384],[91.558,22.427],[91.557,22.428],[91.557,22.429],[91.465,22.621],[91.465,22.622],[91.464,22.623],[91.463,22.624],[91.463,22.624],[91.462,22.625],[91.461,22.626],[91.46,22.626],[91.459,22.626],[91.458,22.627],[91.457,22.627],[91.456,22.627],[91.455,22.627],[91.454,22.627],[91.453,22.627],[91.452,22.626],[91.452,22.626],[91.451,22.625],[91.45,22.625],[91.449,22.624],[91.448,22.623],[91.448,22.623],[91.447,22.622],[91.447,22.621],[91.446,22.62],[91.401,22.479]],[[91.088,22.524],[91.088,22.525],[91.087,22.526],[91.087,22.526],[91.086,22.527],[91.085,22.528],[91.085,22.528],[91.084,22.529],[91.083,22.529],[91.082,22.53],[91.081,22.53],[91.08,22.53],[91.079,22.53],[91.078,22.53],[91.077,22.53],[91.076,22.53],[91.075,22.529],[91.074,22.529],[91.073,22.528],[91.073,22.528],[91.072,22.527],[91.071,22.526],[91.071,22.525],[91.07,22.525],[91.07,22.524],[91.069,22.523],[91.069,22.522],[91.069,22.521],[91.035,22.106],[91.035,22.105],[91.035,22.104],[91.035,22.103],[91.035,22.102],[91.036,22.101],[91.036,22.1],[91.037,22.099],[91.037,22.099],[91.038,22.098],[91.039,22.097],[91.039,22.097],[91.04,22.096],[91.041,22.096],[91.042,22.095],[91.043,22.095],[91.044,22.095],[91.045,22.095],[91.046,22.095],[91.047,22.095],[91.048,22.095],[91.049,22.096],[91.05,22.096],[91.051,22.097],[91.157,22.167],[91.157,22.167],[91.158,22.168],[91.159,22.168],[91.159,22.169],[91.16,22.17],[91.16,22.171],[91.16,22.172],[91.161,22.173],[91.188,22.281],[91.188,22.281],[91.188,22.282],[91.188,22.283],[91.188,22.284],[91.188,22.285],[91.188,22.286],[91.187,22.287],[91.088,22.524]],[[90.5,22.845],[90.499,22.844],[90.498,22.844],[90.497,22.843],[90.497,22.843],[90.496,22.842],[90.495,22.841],[90.495,22.841],[90.494,22.84],[90.494,22.839],[90.493,22.838],[90.493,22.837],[90.493,22.836],[90.493,22.835],[90.493,22.834],[90.493,22.833],[90.493,22.832],[90.555,22.615],[90.556,22.614],[90.556,22.614],[90.556,22.613],[90.557,22.612],[90.558,22.611],[90.558,22.611],[90.64,22.536],[90.665,22.443],[90.67,22.33],[90.507,22.07],[90.506,22.069],[90.506,22.069],[90.505,22.068],[90.505,22.067],[90.505,22.066],[90.505,22.065],[90.505,22.064],[90.505,22.063],[90.505,22.062],[90.506,22.061],[90.506,22.06],[90.507,22.059],[90.507,22.059],[90.508,22.058],[90.509,22.057],[90.509,22.057],[90.51,22.056],[90.511,22.056],[90.512,22.055],[90.513,22.055],[90.514,22.055],[90.515,22.055],[90.516,22.055],[90.779,22.079],[90.78,22.079],[90.781,22.079],[90.782,22.08],[90.783,22.08],[90.783,22.081],[90.784,22.081],[90.785,22.082],[90.785,22.082],[90.786,22.083],[90.838,22.154],[90.839,22.155],[90.839,22.156],[90.839,22.157],[90.84,22.158],[90.84,22.159],[90.878,22.484],[90.878,22.485],[90.878,22.486],[90.878,22.487],[90.878,22.488],[90.877,22.489],[90.877,22.49],[90.876,22.491],[90.876,22.491],[90.746,22.644],[90.681,22.816],[90.681,22.817],[90.68,22.818],[90.68,22.819],[90.679,22.82],[90.678,22.821],[90.678,22.821],[90.602,22.872],[90.601,22.873],[90.6,22.873],[90.599,22.874],[90.598,22.874],[90.597,22.874],[90.596,22.874],[90.595,22.874],[90.594,22.874],[90.593,22.874],[90.5,22.845]],[[90.554,22.97],[90.554,22.969],[90.555,22.968],[90.556,22.967],[90.556,22.967],[90.557,22.966],[90.655,22.911],[90.656,22.911],[90.657,22.91],[90.658,22.91],[90.659,22.91],[90.66,22.91],[90.661,22.91],[90.662,22.91],[90.663,22.91],[90.664,22.911],[90.665,22.911],[90.666,22.912],[90.666,22.912],[90.667,22.913],[90.668,22.914],[90.668,22.914],[90.669,22.915],[90.669,22.916],[90.67,22.917],[90.67,22.918],[90.67,22.919],[90.67,22.92],[90.67,22.921],[90.67,22.922],[90.67,22.923],[90.669,22.924],[90.669,22.925],[90.668,22.926],[90.588,23.041],[90.588,23.041],[90.587,23.042],[90.586,23.043],[90.585,23.043],[90.584,23.044],[90.584,23.044],[90.583,23.045],[90.582,23.045],[90.581,23.045],[90.58,23.045],[90.579,23.045],[90.578,23.045],[90.577,23.044],[90.576,23.044],[90.532,23.024],[90.531,23.024],[90.53,23.023],[90.529,23.023],[90.529,23.022],[90.528,23.021],[90.528,23.02],[90.527,23.02],[90.527,23.019],[90.526,23.018],[90.526,23.017],[90.526,23.016],[90.526,23.015],[90.526,23.014],[90.526,23.013],[90.526,23.012],[90.527,23.011],[90.527,23.01],[90.528,23.01],[90.554,22.97]],[[81.024,8.939],[81.024,8.939],[81.023,8.94],[81.023,8.941],[81.022,8.941],[81.021,8.942],[81.02,8.942],[80.942,8.979],[80.72,9.371],[80.719,9.372],[80.719,9.372],[80.718,9.373],[80.717,9.374],[80.383,9.649],[80.261,9.802],[80.26,9.803],[80.259,9.804],[80.259,9.804],[80.258,9.805],[80.257,9.805],[80.256,9.806],[80.255,9.806],[80.254,9.806],[79.983,9.823],[79.982,9.823],[79.981,9.823],[79.98,9.823],[79.979,9.822],[79.978,9.822],[79.977,9.822],[79.976,9.821],[79.975,9.821],[79.975,9.82],[79.974,9.819],[79.974,9.818],[79.973,9.818],[79.973,9.817],[79.945,9.746],[79.944,9.745],[79.944,9.744],[79.944,9.743],[79.944,9.742],[79.944,9.741],[79.944,9.74],[79.945,9.739],[79.945,9.738],[79.945,9.737],[79.97,9.694],[79.971,9.693],[79.972,9.692],[79.972,9.692],[79.973,9.691],[80.04,9.642],[80.041,9.641],[80.042,9.641],[80.042,9.641],[80.043,9.64],[80.044,9.64],[80.255,9.601],[80.378,9.541],[80.411,9.489],[80.32,9.475],[80.09,9.587],[80.089,9.587],[80.089,9.588],[80.088,9.588],[80.087,9.588],[80.086,9.588],[80.085,9.588],[80.084,9.588],[80.083,9.587],[80.082,9.587],[80.081,9.587],[80.08,9.586],[80.079,9.586],[80.079,9.585],[80.078,9.584],[80.078,9.583],[80.077,9.582],[80.077,9.582],[80.076,9.581],[80.076,9.58],[80.076,9.579],[80.076,9.578],[80.076,9.577],[80.108,9.327],[80.09,9.212],[80.056,9.1],[79.921,8.905],[79.92,8.904],[79.92,8.903],[79.92,8.902],[79.919,8.901],[79.919,8.9],[79.919,8.899],[79.919,8.898],[79.932,8.693],[79.841,8.415],[79.841,8.414],[79.776,8.038],[79.76,8.053],[79.76,8.294],[79.76,8.295],[79.76,8.296],[79.76,8.297],[79.759,8.298],[79.759,8.299],[79.758,8.3],[79.758,8.3],[79.757,8.301],[79.756,8.302],[79.756,8.302],[79.755,8.303],[79.754,8.303],[79.753,8.304],[79.752,8.304],[79.751,8.304],[79.75,8.304],[79.749,8.304],[79.748,8.304],[79.747,8.304],[79.746,8.303],[79.745,8.303],[79.745,8.302],[79.744,8.302],[79.743,8.301],[79.742,8.301],[79.742,8.3],[79.741,8.299],[79.741,8.298],[79.741,8.297],[79.704,8.185],[79.703,8.184],[79.703,8.183],[79.703,8.182],[79.703,8.181],[79.849,6.828],[79.849,6.827],[79.85,6.826],[80.086,6.15],[80.086,6.149],[80.086,6.148],[80.087,6.147],[80.087,6.147],[80.088,6.146],[80.089,6.145],[80.261,6.002],[80.261,6.002],[80.262,6.001],[80.263,6.001],[80.264,6.0],[80.493,5.939],[80.494,5.939],[80.495,5.939],[80.496,5.939],[80.497,5.939],[80.725,5.969],[80.726,5.969],[80.728,5.97],[81.31,6.195],[81.311,6.195],[81.312,6.196],[81.643,6.417],[81.643,6.417],[81.644,6.418],[81.645,6.419],[81.645,6.419],[81.776,6.608],[81.777,6.609],[81.777,6.61],[81.778,6.611],[81.871,6.898],[81.871,6.899],[81.871,6.9],[81.871,6.901],[81.884,7.288],[81.884,7.289],[81.884,7.29],[81.884,7.291],[81.842,7.431],[81.841,7.432],[81.841,7.433],[81.693,7.688],[81.675,7.784],[81.675,7.785],[81.674,7.786],[81.674,7.787],[81.673,7.788],[81.431,8.152],[81.383,8.433],[81.383,8.434],[81.382,8.435],[81.382,8.436],[81.381,8.437],[81.381,8.437],[81.38,8.438],[81.379,8.439],[81.378,8.439],[81.378,8.44],[81.236,8.513],[81.208,8.664],[81.208,8.665],[81.207,8.666],[81.207,8.667],[81.206,8.668],[81.024,8.939]],[[79.88,9.751],[79.879,9.751],[79.878,9.752],[79.877,9.752],[79.876,9.753],[79.875,9.753],[79.875,9.754],[79.874,9.754],[79.873,9.754],[79.872,9.754],[79.871,9.754],[79.87,9.754],[79.869,9.753],[79.868,9.753],[79.867,9.753],[79.866,9.752],[79.865,9.751],[79.865,9.751],[79.839,9.722],[79.838,9.721],[79.837,9.72],[79.837,9.719],[79.837,9.718],[79.836,9.717],[79.836,9.716],[79.836,9.715],[79.836,9.714],[79.836,9.713],[79.836,9.712],[79.837,9.711],[79.837,9.71],[79.838,9.71],[79.899,9.615],[79.899,9.614],[79.9,9.613],[79.901,9.612],[79.901,9.612],[79.902,9.611],[79.903,9.611],[79.904,9.61],[79.905,9.61],[79.906,9.61],[79.907,9.61],[79.908,9.61],[79.909,9.61],[79.972,9.621],[79.973,9.621],[79.974,9.622],[79.974,9.622],[79.975,9.623],[79.976,9.623],[79.977,9.624],[79.977,9.624],[79.978,9.625],[79.979,9.626],[79.979,9.627],[79.979,9.628],[79.98,9.629],[79.98,9.63],[79.98,9.63],[79.98,9.631],[79.98,9.632],[79.98,9.633],[79.979,9.634],[79.979,9.635],[79.979,9.636],[79.978,9.637],[79.978,9.638],[79.88,9.751]],[[79.758,9.065],[79.759,9.064],[79.759,9.064],[79.76,9.063],[79.761,9.062],[79.761,9.062],[79.898,8.967],[79.899,8.966],[79.9,8.966],[79.901,8.965],[79.902,8.965],[79.903,8.965],[79.904,8.965],[79.905,8.965],[79.906,8.965],[79.907,8.965],[79.908,8.966],[79.908,8.966],[79.909,8.967],[79.91,8.967],[79.911,8.968],[79.912,8.968],[79.912,8.969],[79.913,8.97],[79.913,8.971],[79.913,8.972],[79.914,8.973],[79.914,8.974],[79.914,8.975],[79.914,8.976],[79.914,8.977],[79.914,8.978],[79.913,8.978],[79.913,8.979],[79.869,9.07],[79.869,9.071],[79.868,9.072],[79.867,9.073],[79.867,9.073],[79.866,9.074],[79.865,9.075],[79.864,9.075],[79.863,9.075],[79.751,9.114],[79.75,9.115],[79.749,9.115],[79.748,9.115],[79.747,9.115],[79.746,9.115],[79.745,9.115],[79.744,9.114],[79.744,9.114],[79.743,9.113],[79.742,9.113],[79.741,9.112],[79.74,9.111],[79.74,9.111],[79.739,9.11],[79.739,9.109],[79.738,9.108],[79.738,9.107],[79.738,9.106],[79.738,9.105],[79.738,9.104],[79.738,9.103],[79.738,9.102],[79.739,9.101],[79.739,9.1],[79.758,9.065]],[[73.464,4.176],[73.464,4.175],[73.464,4.174],[73.463,4.173],[73.463,4.172],[73.463,4.171],[73.463,4.17],[73.463,4.169],[73.463,4.168],[73.464,4.168],[73.464,4.167],[73.464,4.166],[73.465,4.165],[73.466,4.164],[73.466,4.164],[73.467,4.163],[73.489,4.147],[73.49,4.146],[73.491,4.146],[73.492,4.146],[73.493,4.145],[73.494,4.145],[73.495,4.145],[73.496,4.145],[73.496,4.145],[73.497,4.145],[73.498,4.146],[73.499,4.146],[73.5,4.146],[73.501,4.147],[73.502,4.148],[73.502,4.148],[73.503,4.149],[73.527,4.181],[73.528,4.182],[73.528,4.183],[73.528,4.183],[73.529,4.184],[73.529,4.185],[73.529,4.186],[73.529,4.187],[73.528,4.248],[73.528,4.249],[73.528,4.25],[73.528,4.251],[73.527,4.252],[73.527,4.253],[73.526,4.254],[73.526,4.255],[73.525,4.255],[73.524,4.256],[73.523,4.256],[73.522,4.257],[73.521,4.257],[73.521,4.258],[73.52,4.258],[73.519,4.258],[73.518,4.258],[73.517,4.258],[73.516,4.258],[73.515,4.257],[73.514,4.257],[73.513,4.257],[73.512,4.256],[73.511,4.255],[73.511,4.255],[73.51,4.254],[73.509,4.253],[73.464,4.176]],[[73.381,3.28],[73.38,3.28],[73.379,3.279],[73.378,3.279],[73.378,3.278],[73.377,3.277],[73.377,3.276],[73.376,3.275],[73.376,3.275],[73.375,3.274],[73.375,3.273],[73.375,3.272],[73.375,3.271],[73.375,3.27],[73.375,3.269],[73.385,3.227],[73.386,3.226],[73.386,3.225],[73.386,3.224],[73.387,3.223],[73.387,3.222],[73.388,3.222],[73.389,3.221],[73.39,3.221],[73.39,3.22],[73.391,3.22],[73.392,3.219],[73.393,3.219],[73.394,3.219],[73.395,3.219],[73.396,3.219],[73.397,3.219],[73.398,3.219],[73.399,3.22],[73.4,3.22],[73.44,3.241],[73.44,3.242],[73.441,3.242],[73.442,3.243],[73.443,3.244],[73.443,3.244],[73.444,3.245],[73.444,3.246],[73.445,3.247],[73.445,3.248],[73.445,3.249],[73.445,3.25],[73.445,3.251],[73.445,3.252],[73.438,3.292],[73.438,3.293],[73.437,3.294],[73.437,3.295],[73.436,3.295],[73.436,3.296],[73.435,3.297],[73.434,3.298],[73.434,3.298],[73.433,3.299],[73.432,3.299],[73.431,3.3],[73.43,3.3],[73.429,3.3],[73.428,3.3],[73.427,3.3],[73.426,3.3],[73.425,3.3],[73.424,3.299],[73.381,3.28]],[[73.02,8.283],[73.019,8.282],[73.018,8.282],[73.018,8.281],[73.017,8.28],[73.017,8.279],[73.017,8.278],[73.016,8.277],[73.016,8.276],[73.016,8.275],[73.016,8.275],[73.016,8.274],[73.019,8.253],[73.019,8.252],[73.02,8.251],[73.02,8.25],[73.02,8.249],[73.021,8.248],[73.022,8.247],[73.022,8.247],[73.023,8.246],[73.024,8.246],[73.025,8.245],[73.025,8.245],[73.026,8.244],[73.027,8.244],[73.028,8.244],[73.029,8.244],[73.03,8.244],[73.031,8.244],[73.032,8.245],[73.033,8.245],[73.034,8.245],[73.035,8.246],[73.035,8.246],[73.036,8.247],[73.037,8.248],[73.087,8.311],[73.087,8.312],[73.088,8.312],[73.088,8.313],[73.089,8.314],[73.089,8.315],[73.089,8.316],[73.089,8.317],[73.089,8.318],[73.089,8.319],[73.089,8.32],[73.088,8.321],[73.088,8.322],[73.087,8.323],[73.087,8.323],[73.086,8.324],[73.085,8.325],[73.085,8.325],[73.084,8.326],[73.083,8.326],[73.082,8.327],[73.081,8.327],[73.08,8.327],[73.079,8.327],[73.078,8.327],[73.077,8.327],[73.076,8.327],[73.075,8.326],[73.074,8.326],[73.074,8.325],[73.073,8.325],[73.02,8.283]],[[72.803,11.262],[72.803,11.263],[72.803,11.264],[72.803,11.265],[72.803,11.266],[72.802,11.267],[72.802,11.268],[72.801,11.268],[72.801,11.269],[72.8,11.27],[72.799,11.271],[72.799,11.271],[72.798,11.272],[72.797,11.272],[72.796,11.273],[72.795,11.273],[72.794,11.273],[72.793,11.273],[72.792,11.273],[72.791,11.273],[72.79,11.273],[72.789,11.272],[72.788,11.272],[72.788,11.271],[72.787,11.271],[72.786,11.27],[72.785,11.269],[72.785,11.269],[72.784,11.268],[72.784,11.267],[72.763,11.218],[72.762,11.217],[72.762,11.216],[72.762,11.215],[72.762,11.214],[72.762,11.213],[72.762,11.212],[72.762,11.211],[72.763,11.21],[72.763,11.209],[72.764,11.208],[72.764,11.208],[72.765,11.207],[72.766,11.206],[72.767,11.206],[72.767,11.205],[72.768,11.205],[72.769,11.204],[72.77,11.204],[72.771,11.204],[72.772,11.204],[72.773,11.204],[72.789,11.206],[72.79,11.206],[72.791,11.206],[72.792,11.207],[72.793,11.207],[72.794,11.208],[72.794,11.208],[72.795,11.209],[72.796,11.21],[72.796,11.21],[72.797,11.211],[72.797,11.212],[72.798,11.213],[72.798,11.214],[72.798,11.215],[72.803,11.262]],[[56.38,26.366],[56.379,26.366],[56.379,26.366],[56.378,26.366],[56.377,26.366],[56.376,26.365],[56.375,26.365],[56.374,26.365],[56.373,26.364],[56.372,26.363],[56.372,26.363],[56.371,26.362],[56.37,26.361],[56.3,26.244],[56.162,26.217],[56.161,26.217],[56.16,26.216],[56.159,26.216],[56.158,26.215],[56.158,26.215],[56.157,26.214],[56.156,26.213],[56.156,26.213],[56.155,26.212],[55.933,25.801],[55.517,25.506],[55.516,25.506],[55.516,25.505],[55.091,25.05],[54.994,24.985],[54.994,24.985],[54.993,24.984],[54.992,24.983],[54.992,24.983],[54.991,24.982],[54.991,24.981],[54.99,24.98],[54.99,24.979],[54.99,24.978],[54.99,24.977],[54.99,17.023],[54.99,17.022],[54.99,17.021],[54.99,17.02],[54.991,17.019],[54.991,17.018],[54.992,17.017],[54.992,17.017],[54.993,17.016],[54.994,17.015],[54.995,17.015],[54.996,17.014],[54.996,17.014],[54.997,17.013],[54.998,17.013],[54.999,17.013],[55.0,17.013],[55.001,17.013],[55.002,17.013],[55.066,17.029],[55.067,17.03],[55.068,17.03],[55.069,17.03],[55.07,17.031],[55.071,17.032],[55.071,17.032],[55.181,17.151],[55.182,17.152],[55.183,17.153],[55.284,17.316],[55.284,17.317],[55.284,17.318],[55.305,17.379],[55.306,17.38],[55.306,17.381],[55.306,17.382],[55.306,17.383],[55.306,17.384],[55.306,17.384],[55.305,17.385],[55.305,17.386],[55.248,17.506],[55.264,17.581],[55.485,17.834],[55.616,17.876],[56.271,17.941],[56.272,17.941],[56.273,17.941],[56.386,17.978],[56.387,17.979],[56.388,17.979],[56.389,17.98],[56.39,17.98],[56.39,17.981],[56.558,18.159],[56.559,18.16],[56.56,18.161],[56.56,18.162],[56.56,18.163],[56.561,18.164],[56.664,18.582],[56.832,18.746],[57.18,18.893],[57.677,18.948],[57.678,18.948],[57.679,18.948],[57.68,18.949],[57.816,19.008],[57.817,19.008],[57.818,19.009],[57.819,19.009],[57.819,19.01],[57.82,19.011],[57.82,19.012],[57.821,19.013],[57.821,19.014],[57.822,19.014],[57.822,19.015],[57.822,19.016],[57.822,19.017],[57.822,19.018],[57.724,19.677],[57.871,20.24],[58.109,20.561],[58.171,20.58],[58.232,20.587],[58.199,20.426],[58.199,20.425],[58.199,20.424],[58.199,20.423],[58.199,20.422],[58.199,20.421],[58.2,20.42],[58.2,20.419],[58.201,20.418],[58.201,20.418],[58.202,20.417],[58.203,20.416],[58.204,20.416],[58.205,20.415],[58.205,20.415],[58.206,20.414],[58.346,20.377],[58.347,20.377],[58.349,20.377],[58.35,20.377],[58.351,20.377],[58.476,20.397],[58.477,20.397],[58.477,20.398],[58.478,20.398],[58.479,20.398],[58.48,20.399],[58.481,20.4],[58.481,20.4],[58.482,20.401],[58.483,20.402],[58.904,21.107],[59.075,21.281],[59.377,21.491],[59.378,21.491],[59.378,21.492],[59.379,21.493],[59.38,21.494],[59.809,22.215],[59.809,22.216],[59.809,22.216],[59.81,22.217],[59.81,22.218],[59.847,22.419],[59.847,22.42],[59.847,22.421],[59.847,22.423],[59.833,22.511],[59.833,22.512],[59.832,22.512],[59.832,22.513],[59.832,22.514],[59.831,22.515],[59.83,22.516],[59.83,22.516],[59.829,22.517],[59.828,22.518],[59.827,22.518],[59.826,22.518],[59.825,22.519],[59.539,22.588],[59.436,22.668],[59.203,22.978],[59.202,22.979],[59.202,22.979],[59.038,23.137],[58.781,23.523],[58.781,23.523],[58.78,23.524],[58.779,23.525],[58.778,23.525],[58.583,23.651],[58.583,23.652],[58.582,23.652],[58.581,23.653],[58.58,23.653],[58.579,23.653],[58.578,23.653],[58.577,23.653],[58.327,23.634],[58.124,23.726],[58.123,23.726],[58.123,23.727],[58.122,23.727],[57.613,23.814],[57.225,23.932],[56.92,24.157],[56.649,24.476],[56.499,24.72],[56.383,25.02],[56.373,25.569],[56.373,25.57],[56.373,25.571],[56.373,25.572],[56.372,25.573],[56.372,25.574],[56.371,25.574],[56.371,25.575],[56.31,25.652],[56.383,25.801],[56.383,25.802],[56.384,25.803],[56.384,25.804],[56.426,26.108],[56.426,26.108],[56.426,26.109],[56.423,26.351],[56.423,26.352],[56.423,26.353],[56.423,26.354],[56.422,26.355],[56.422,26.356],[56.421,26.357],[56.421,26.358],[56.42,26.358],[56.419,26.359],[56.418,26.36],[56.417,26.36],[56.416,26.36],[56.415,26.361],[56.414,26.361],[56.38,26.366]],[[58.777,20.258],[58.778,20.259],[58.778,20.259],[58.779,20.26],[58.78,20.261],[58.78,20.262],[58.781,20.262],[58.781,20.263],[58.843,20.418],[58.957,20.508],[58.958,20.509],[58.959,20.51],[58.959,20.51],[58.96,20.511],[58.96,20.512],[58.961,20.513],[58.961,20.514],[58.961,20.515],[58.961,20.516],[58.961,20.517],[58.961,20.518],[58.961,20.519],[58.96,20.52],[58.893,20.685],[58.893,20.686],[58.892,20.687],[58.892,20.687],[58.891,20.688],[58.89,20.689],[58.89,20.689],[58.889,20.69],[58.888,20.69],[58.887,20.691],[58.886,20.691],[58.885,20.691],[58.884,20.691],[58.883,20.691],[58.882,20.691],[58.881,20.691],[58.88,20.69],[58.879,20.69],[58.878,20.689],[58.878,20.689],[58.877,20.688],[58.876,20.687],[58.876,20.686],[58.875,20.686],[58.78,20.503],[58.634,20.344],[58.633,20.343],[58.632,20.342],[58.632,20.341],[58.632,20.34],[58.631,20.34],[58.631,20.339],[58.631,20.338],[58.631,20.337],[58.631,20.336],[58.649,20.203],[58.649,20.202],[58.65,20.201],[58.65,20.2],[58.65,20.199],[58.651,20.198],[58.651,20.197],[58.652,20.197],[58.653,20.196],[58.654,20.196],[58.655,20.195],[58.655,20.195],[58.656,20.194],[58.657,20.194],[58.658,20.194],[58.659,20.194],[58.66,20.194],[58.661,20.194],[58.662,20.194],[58.663,20.195],[58.664,20.195],[58.777,20.258]],[[55.756,26.82],[55.292,26.648],[55.291,26.648],[55.29,26.648],[55.289,26.647],[55.288,26.646],[55.288,26.646],[55.287,26.645],[55.286,26.644],[55.286,26.643],[55.286,26.642],[55.285,26.641],[55.285,26.64],[55.285,26.639],[55.285,26.638],[55.285,26.637],[55.285,26.636],[55.286,26.636],[55.303,26.59],[55.303,26.589],[55.304,26.588],[55.304,26.587],[55.305,26.586],[55.306,26.585],[55.306,26.585],[55.307,26.584],[55.308,26.584],[55.309,26.583],[55.31,26.583],[55.311,26.583],[55.423,26.573],[55.424,26.573],[55.425,26.573],[55.426,26.573],[55.427,26.574],[55.848,26.721],[55.951,26.691],[55.952,26.691],[55.953,26.691],[55.954,26.691],[55.955,26.691],[55.956,26.691],[55.957,26.692],[55.958,26.692],[55.959,26.692],[55.96,26.693],[56.101,26.793],[56.102,26.793],[56.102,26.794],[56.103,26.795],[56.194,26.913],[56.282,26.943],[56.283,26.943],[56.284,26.943],[56.285,26.944],[56.286,26.944],[56.286,26.945],[56.287,26.946],[56.287,26.947],[56.288,26.948],[56.288,26.948],[56.289,26.949],[56.289,26.95],[56.289,26.951],[56.289,26.952],[56.289,26.953],[56.289,26.954],[56.288,26.955],[56.288,26.956],[56.288,26.957],[56.287,26.958],[56.287,26.959],[56.286,26.959],[56.285,26.96],[56.22,27.011],[56.219,27.011],[56.218,27.012],[56.218,27.012],[56.217,27.013],[56.216,27.013],[56.215,27.013],[56.214,27.013],[56.213,27.013],[56.073,26.993],[56.072,26.993],[56.071,26.992],[56.07,26.992],[55.906,26.921],[55.76,26.958],[55.759,26.958],[55.758,26.958],[55.757,26.958],[55.756,26.958],[55.756,26.958],[55.755,26.957],[55.754,26.957],[55.753,26.957],[55.752,26.956],[55.751,26.955],[55.75,26.955],[55.75,26.954],[55.749,26.953],[55.749,26.952],[55.748,26.951],[55.748,26.95],[55.748,26.949],[55.748,26.948],[55.748,26.947],[55.748,26.946],[55.748,26.945],[55.774,26.858],[55.756,26.82]]],[[[89.892,22.383],[89.952,22.428],[89.885,22.313],[89.885,22.312],[89.885,22.311],[89.885,22.311],[89.892,22.383]]]]}}]}