{"type":"FeatureCollection","features":[{"type":"Feature","properties":{"sr":1.0},"geometry":{"type":"MultiLineString","coordinates":[[[95.451,17.821],[95.428,17.845],[95.388,17.824],[95.305,17.75],[95.272,17.755],[95.255,17.748],[95.197,17.677],[95.209,17.664],[95.211,17.632],[95.197,17.635],[95.161,17.609],[95.156,17.597],[95.17,17.553],[95.167,17.542],[95.124,17.51],[95.109,17.488],[95.115,17.464],[95.098,17.468],[95.085,17.46],[95.067,17.43],[95.092,17.43],[95.075,17.38],[95.023,17.341],[95.0,17.334],[94.999,17.354],[94.981,17.359],[94.945,17.343],[94.93,17.279],[94.957,17.229],[94.937,17.219],[94.904,17.162],[94.876,17.148],[94.859,17.095],[94.82,17.07],[94.842,17.038],[94.826,17.026],[94.788,17.028],[94.776,17.003],[94.741,16.971],[94.745,16.942],[94.725,16.785],[94.745,16.72],[94.725,16.693],[94.732,16.648],[94.702,16.608],[94.693,16.557],[94.677,16.532]],[[95.45,17.791],[95.466,17.801],[95.493,17.844],[95.486,17.894],[95.493,17.909],[95.558,17.929],[95.574,17.921],[95.587,17.895],[95.602,17.902],[95.61,17.885],[95.604,17.815],[95.644,17.734],[95.686,17.719],[95.681,17.698],[95.667,17.695],[95.663,17.686],[95.727,17.599],[95.725,17.532],[95.778,17.5],[95.787,17.48],[95.778,17.453],[95.798,17.446],[95.807,17.416],[95.822,17.4],[95.809,17.393],[95.84,17.352],[95.855,17.28],[95.883,17.244],[95.908,17.228],[95.914,17.201],[95.958,17.158],[95.938,17.107],[95.949,17.047],[95.972,17.025],[96.05,16.981],[96.084,16.916],[96.129,16.777],[96.171,16.772]],[[95.465,17.707],[95.419,17.707],[95.386,17.722],[95.375,17.697],[95.369,17.635],[95.353,17.629],[95.329,17.644],[95.314,17.635],[95.308,17.618],[95.335,17.58],[95.325,17.553],[95.275,17.516],[95.266,17.498],[95.277,17.484],[95.342,17.457],[95.325,17.43],[95.307,17.43],[95.302,17.416],[95.333,17.353],[95.317,17.335],[95.269,17.333],[95.261,17.339],[95.262,17.35],[95.281,17.371],[95.265,17.394],[95.243,17.359],[95.239,17.33],[95.28,17.299],[95.228,17.314],[95.215,17.309],[95.213,17.296],[95.252,17.251],[95.246,17.208],[95.266,17.196],[95.246,17.163],[95.216,17.151],[95.196,17.127],[95.191,17.094],[95.211,17.049],[95.206,17.017],[95.191,16.981],[95.156,16.929],[95.176,16.906],[95.184,16.878],[95.212,16.864],[95.232,16.826],[95.218,16.813],[95.197,16.758],[95.191,16.706],[95.157,16.707],[95.159,16.661],[95.122,16.621],[95.132,16.596],[95.13,16.578],[95.116,16.569],[95.038,16.561],[95.04,16.538],[94.993,16.495],[94.945,16.33],[94.876,16.271],[94.847,16.228],[94.82,16.217],[94.798,16.186],[94.794,16.162]],[[95.607,16.858],[95.619,16.84],[95.667,16.816],[95.669,16.801],[95.656,16.757],[95.663,16.737],[95.683,16.725],[95.758,16.718],[95.786,16.638],[95.809,16.635],[95.859,16.662],[95.866,16.64],[95.884,16.625],[95.89,16.614],[95.883,16.535],[95.835,16.497],[95.839,16.48],[95.869,16.46],[95.878,16.421],[95.951,16.402],[95.983,16.402],[96.007,16.387]],[[95.479,16.806],[95.481,16.75],[95.465,16.731],[95.44,16.722],[95.437,16.683],[95.417,16.679],[95.413,16.589],[95.39,16.504],[95.369,16.518],[95.383,16.485],[95.376,16.453],[95.349,16.402],[95.321,16.391],[95.282,16.304],[95.272,16.169],[95.205,16.089],[95.185,16.045],[95.142,16.038],[95.132,16.025]]]}},{"type":"Feature","properties":{"sr":9.0},"geometry":{"type":"MultiLineString","coordinates":[[[76.825,32.327],[76.747,32.3],[76.705,32.314],[76.682,32.293],[76.643,32.287],[76.602,32.299],[76.482,32.386],[76.47,32.433],[76.458,32.447],[76.416,32.457],[76.353,32.444],[76.304,32.473],[76.281,32.478],[76.195,32.471],[76.13,32.53],[76.101,32.6],[76.064,32.621],[75.913,32.611],[75.866,32.561],[75.867,32.548],[75.855,32.526],[75.829,32.498],[75.743,32.464],[75.729,32.43],[75.698,32.406],[75.612,32.396],[75.573,32.375],[75.538,32.345],[75.456,32.245],[75.403,32.212],[75.338,32.191],[75.31,32.154],[75.25,32.149],[75.195,32.129],[75.173,32.11],[75.174,32.087],[75.138,32.094],[75.11,32.078],[75.041,32.098],[75.022,32.095],[75.03,32.067],[74.986,32.063],[74.955,32.032],[74.889,32.029],[74.873,32.012],[74.828,32.026],[74.783,31.943],[74.763,31.939],[74.698,31.951],[74.67,31.904],[74.55,31.827],[74.54,31.811],[74.537,31.776],[74.516,31.738],[74.479,31.7],[74.463,31.694],[74.441,31.704],[74.387,31.673],[74.344,31.662],[74.325,31.628],[74.308,31.621],[74.287,31.578],[74.211,31.535],[74.202,31.498]],[[74.208,31.498],[74.155,31.462],[74.166,31.443],[74.119,31.437],[74.091,31.388],[74.043,31.416],[73.984,31.305],[73.968,31.299],[73.939,31.322],[73.931,31.304],[73.894,31.28],[73.872,31.23],[73.79,31.259],[73.709,31.188],[73.655,31.185],[73.646,31.177],[73.66,31.155],[73.629,31.159],[73.605,31.142],[73.589,31.15],[73.567,31.121],[73.54,31.132],[73.543,31.162],[73.503,31.123],[73.481,31.114],[73.459,31.111],[73.406,31.121],[73.42,31.101],[73.39,31.095],[73.385,31.09],[73.399,31.073],[73.35,31.055],[73.359,31.034],[73.347,31.008],[73.33,31.011],[73.311,30.997],[73.258,30.988],[73.24,30.973],[73.233,30.94],[73.207,30.929],[73.201,30.936],[73.192,30.925],[73.163,30.926],[73.157,30.909],[73.136,30.907],[73.134,30.895],[73.153,30.871],[73.15,30.856],[73.126,30.868],[73.102,30.863],[73.092,30.833],[73.072,30.82],[73.057,30.817],[73.04,30.827],[73.006,30.801],[72.988,30.799],[72.997,30.778],[72.975,30.764],[72.93,30.773],[72.885,30.764],[72.889,30.747],[72.882,30.731],[72.868,30.723],[72.849,30.727],[72.833,30.701],[72.813,30.717],[72.763,30.717],[72.762,30.696],[72.734,30.689],[72.745,30.662],[72.734,30.634],[72.718,30.618],[72.693,30.614],[72.7,30.6],[72.69,30.596],[72.659,30.6],[72.643,30.59],[72.585,30.595],[72.556,30.621],[72.541,30.626],[72.526,30.616],[72.496,30.629],[72.467,30.609],[72.454,30.614],[72.446,30.607],[72.46,30.6],[72.46,30.593],[72.424,30.608],[72.347,30.587],[72.313,30.593],[72.279,30.579],[72.214,30.587],[72.174,30.578],[72.07,30.607],[71.984,30.616],[71.937,30.652],[71.919,30.656],[71.888,30.631],[71.823,30.621],[71.832,30.605],[71.818,30.6],[71.775,30.614]]]}},{"type":"Feature","properties":{"sr":1.0},"geometry":{"type":"LineString","coordinates":[[90.795,34.3],[90.842,34.304],[90.923,34.327],[91.066,34.341],[91.152,34.321],[91.219,34.325],[91.26,34.317],[91.34,34.285],[91.415,34.294],[91.456,34.281],[91.501,34.287],[91.705,34.257],[91.812,34.268],[91.824,34.228],[91.837,34.216],[91.978,34.137],[92.031,34.14],[92.065,34.188],[92.099,34.197],[92.148,34.239],[92.216,34.25],[92.511,34.212],[92.585,34.21],[92.631,34.174],[92.649,34.129],[92.681,34.101],[92.723,34.087],[92.813,34.081],[92.993,34.1]]}},{"type":"Feature","properties":{"sr":4.0},"geometry":{"type":"LineString","coordinates":[[97.983,28.425],[98.031,28.418],[98.062,28.387],[98.077,28.321],[98.086,28.311],[98.151,28.264],[98.192,28.25],[98.217,28.22],[98.236,28.212],[98.251,28.184],[98.296,28.167],[98.316,28.14],[98.332,28.092],[98.311,28.057],[98.323,28.024],[98.329,27.961],[98.344,27.929],[98.327,27.824],[98.347,27.767],[98.316,27.708],[98.296,27.695],[98.279,27.709],[98.237,27.667],[98.171,27.653],[98.151,27.66],[98.119,27.726],[98.1,27.736],[98.037,27.73],[98.021,27.722],[98.02,27.697],[98.047,27.604],[98.087,27.529],[98.095,27.462],[98.11,27.427],[98.187,27.319],[98.228,27.21],[98.251,27.202],[98.302,27.147],[98.35,27.06],[98.364,26.989],[98.357,26.91],[98.378,26.825],[98.378,26.788],[98.37,26.758],[98.333,26.705],[98.342,26.642],[98.337,26.603],[98.309,26.591],[98.314,26.57],[98.288,26.505],[98.28,26.428],[98.296,26.372],[98.292,26.361],[98.278,26.345],[98.273,26.314],[98.117,25.893],[98.087,25.864],[98.034,25.79],[97.944,25.726],[97.802,25.591],[97.774,25.618],[97.739,25.628],[97.718,25.677],[97.692,25.708],[97.668,25.715],[97.589,25.708],[97.537,25.718],[97.509,25.716],[97.486,25.701]]}},{"type":"Feature","properties":{"sr":4.0},"geometry":{"type":"LineString","coordinates":[[103.922,25.879],[103.912,25.859],[103.875,25.838],[103.866,25.814],[103.875,25.781],[103.87,25.775],[103.844,25.767],[103.832,25.775],[103.832,25.697],[103.853,25.67],[103.849,25.658],[103.826,25.646],[103.82,25.624],[103.849,25.569],[103.866,25.553],[103.862,25.296],[103.869,25.281],[103.895,25.264],[103.888,25.238],[103.859,25.194],[103.805,25.166],[103.781,25.123],[103.77,25.119],[103.783,25.103],[103.784,25.088],[103.756,25.084],[103.696,25.031],[103.633,25.01],[103.586,24.974],[103.567,24.983],[103.524,24.947],[103.464,24.934],[103.427,24.933],[103.422,24.995],[103.397,25.006],[103.38,25.022],[103.356,25.011],[103.316,25.008],[103.249,25.022],[103.208,24.988],[103.186,24.981],[103.174,24.995],[103.162,24.973],[103.167,24.947],[103.181,24.933],[103.162,24.866],[103.165,24.823],[103.128,24.777],[103.086,24.765],[103.073,24.752],[103.038,24.674],[103.032,24.607],[103.049,24.566],[103.075,24.557],[103.092,24.57],[103.12,24.551],[103.11,24.52],[103.112,24.472],[103.105,24.453],[103.073,24.446],[103.059,24.427],[103.06,24.419],[103.082,24.413],[103.09,24.402],[103.092,24.33],[103.113,24.303],[103.099,24.236],[103.126,24.18],[103.147,24.158],[103.133,24.121],[103.126,24.035],[103.159,23.981],[103.177,23.826],[103.25,23.795],[103.271,23.802],[103.285,23.841],[103.3,23.855],[103.369,23.86],[103.434,23.885],[103.546,23.879],[103.602,23.889],[103.599,23.926],[103.634,23.998],[103.627,24.015],[103.578,24.063],[103.575,24.088],[103.584,24.106],[103.616,24.134],[103.639,24.175],[103.65,24.181],[103.782,24.213],[103.786,24.238],[103.84,24.32],[103.846,24.342],[103.894,24.378],[103.955,24.442],[104.004,24.454],[104.051,24.44],[104.084,24.441],[104.146,24.472],[104.23,24.529],[104.292,24.535],[104.372,24.571],[104.401,24.628],[104.47,24.67],[104.537,24.741],[104.556,24.745],[104.63,24.683],[104.695,24.662],[104.729,24.631],[104.781,24.68],[104.841,24.695],[104.889,24.765],[105.0,24.793]]}},{"type":"Feature","properties":{"sr":4.0},"geometry":{"type":"LineString","coordinates":[[91.518,31.943],[91.537,31.891],[91.555,31.772],[91.659,31.719],[91.689,31.682],[91.736,31.671],[91.744,31.646],[91.731,31.597],[91.776,31.569],[91.809,31.509],[91.806,31.491],[91.791,31.487],[91.785,31.471],[91.813,31.414],[91.831,31.403],[91.874,31.402],[91.919,31.438],[91.939,31.443],[92.013,31.429],[92.038,31.409],[92.039,31.341],[92.059,31.313],[92.09,31.296],[92.219,31.289],[92.264,31.307],[92.308,31.347],[92.326,31.374],[92.332,31.413],[92.321,31.443],[92.337,31.47],[92.348,31.472],[92.381,31.451],[92.397,31.467],[92.438,31.464],[92.503,31.484],[92.532,31.502],[92.564,31.502],[92.615,31.519],[92.664,31.516],[92.731,31.548],[92.83,31.552],[92.844,31.564],[92.877,31.562],[92.885,31.573],[92.924,31.573],[92.936,31.548],[92.949,31.54],[93.01,31.565],[93.041,31.546],[93.061,31.521],[93.102,31.541],[93.129,31.546],[93.188,31.539],[93.402,31.544],[93.442,31.552],[93.595,31.512],[93.717,31.508],[93.768,31.489],[93.848,31.513],[93.925,31.512],[93.973,31.538],[93.995,31.526],[94.042,31.523],[94.07,31.503],[94.183,31.48],[94.216,31.486],[94.257,31.51],[94.301,31.48],[94.488,31.484],[94.58,31.456],[94.599,31.43],[94.573,31.382],[94.568,31.315],[94.511,31.271],[94.505,31.258],[94.54,31.245],[94.594,31.239],[94.608,31.229],[94.632,31.17],[94.639,31.127],[94.689,31.096],[94.723,31.089],[94.737,31.073],[94.773,31.075],[94.882,31.127],[94.901,31.129],[94.922,31.167],[94.967,31.185],[95.058,31.17],[95.112,31.189],[95.252,31.189],[95.448,31.119],[95.528,30.981],[95.602,30.94],[95.646,30.944],[95.694,30.966],[95.78,30.954],[95.799,30.964],[95.809,30.989],[95.823,31.001],[95.865,31.007],[95.881,30.998],[95.89,30.98],[95.91,30.986],[95.924,30.973],[95.969,30.966],[96.003,30.949],[96.055,30.945],[96.103,30.921],[96.255,30.892],[96.278,30.882],[96.291,30.86],[96.336,30.861],[96.368,30.816],[96.444,30.566],[96.531,30.46],[96.54,30.434],[96.596,30.448]]}},{"type":"Feature","properties":{"sr":4.0},"geometry":{"type":"LineString","coordinates":[[97.486,25.701],[97.529,25.689],[97.534,25.676],[97.507,25.632],[97.497,25.549],[97.486,25.522],[97.439,25.455],[97.404,25.381],[97.424,25.341],[97.421,25.33],[97.404,25.324],[97.379,25.333],[97.337,25.369],[97.313,25.357],[97.308,25.348],[97.314,25.319],[97.283,25.307],[97.268,25.289],[97.271,25.217],[97.233,25.186],[97.232,25.146],[97.244,25.127],[97.264,25.119],[97.319,25.127],[97.315,25.104],[97.298,25.081],[97.26,25.098],[97.214,25.086],[97.215,25.061],[97.233,25.036],[97.222,24.997],[97.189,24.969],[97.117,24.933],[97.101,24.916],[97.103,24.868],[97.048,24.84],[97.034,24.823],[97.061,24.716],[97.103,24.652],[97.115,24.611],[97.118,24.545],[97.107,24.514],[97.123,24.488],[97.122,24.373],[97.137,24.337],[97.205,24.27],[97.203,24.246],[97.185,24.207],[97.147,24.17],[97.113,24.161],[97.084,24.142],[96.976,24.145],[96.929,24.128],[96.911,24.138],[96.867,24.187],[96.821,24.213],[96.801,24.241],[96.782,24.29],[96.634,24.357],[96.592,24.352],[96.568,24.314],[96.532,24.297],[96.51,24.296],[96.455,24.309],[96.438,24.303],[96.446,24.275],[96.431,24.253],[96.363,24.2],[96.295,24.096],[96.287,24.049],[96.29,23.97],[96.271,23.932],[96.245,23.845],[96.221,23.824],[96.205,23.768],[96.191,23.754],[96.156,23.75],[96.14,23.691],[96.127,23.671],[96.035,23.585],[96.02,23.555],[96.007,23.385],[95.978,23.262],[95.965,22.769],[95.955,22.75],[95.91,22.739],[95.901,22.707],[95.917,22.662],[95.985,22.55],[95.99,22.529],[95.965,22.473],[95.964,22.393],[95.97,22.374],[96.013,22.332],[96.007,22.309],[95.986,22.281],[95.988,22.216],[96.007,22.089],[96.048,21.994],[96.051,21.956],[96.041,21.923],[96.021,21.897],[95.993,21.877],[95.955,21.861],[95.914,21.856],[95.849,21.911],[95.776,21.932],[95.512,21.918],[95.472,21.857],[95.45,21.781],[95.432,21.756],[95.387,21.733],[95.368,21.665],[95.337,21.596],[95.324,21.537],[95.33,21.464],[95.321,21.466],[95.313,21.452],[95.275,21.445],[95.191,21.37],[95.142,21.314],[95.077,21.301],[95.048,21.315],[95.022,21.311],[95.002,21.297],[94.986,21.25],[94.91,21.226],[94.848,21.226],[94.819,21.204],[94.803,21.164],[94.801,21.1],[94.82,20.972],[94.806,20.925],[94.718,20.836],[94.713,20.814],[94.752,20.691],[94.795,20.643],[94.82,20.547],[94.82,20.506],[94.859,20.482],[94.905,20.365],[94.897,20.246],[94.91,20.205],[94.897,20.184],[94.914,20.124],[94.938,20.088],[94.967,20.066],[95.011,20.049],[95.019,20.026],[95.014,19.996],[95.054,19.968],[95.048,19.938],[95.052,19.915],[95.081,19.91],[95.113,19.891],[95.142,19.861],[95.16,19.823],[95.156,19.78],[95.136,19.739],[95.156,19.701],[95.17,19.622],[95.164,19.501],[95.17,19.458],[95.197,19.372],[95.175,19.153],[95.155,19.116],[95.127,19.096],[95.113,19.015],[95.134,18.931],[95.193,18.866],[95.213,18.805],[95.205,18.768],[95.186,18.738],[95.153,18.711],[95.122,18.698],[95.102,18.698],[95.095,18.679],[95.08,18.667],[95.063,18.562],[95.085,18.522],[95.179,18.448],[95.201,18.41],[95.21,18.363],[95.224,18.349],[95.287,18.32],[95.383,18.231],[95.404,18.177],[95.403,18.155],[95.45,18.033],[95.455,17.996],[95.445,17.957],[95.424,17.929],[95.434,17.876],[95.459,17.84],[95.45,17.77],[95.458,17.726],[95.493,17.655],[95.517,17.634],[95.566,17.614],[95.541,17.56],[95.548,17.5],[95.623,17.443],[95.674,17.437],[95.677,17.419],[95.61,17.366],[95.589,17.303],[95.591,17.251],[95.64,17.148],[95.646,17.11],[95.636,17.073],[95.561,17.015],[95.567,16.964],[95.612,16.88],[95.613,16.864],[95.593,16.849],[95.534,16.847],[95.492,16.811],[95.433,16.798],[95.403,16.778],[95.335,16.758],[95.333,16.72],[95.349,16.675],[95.324,16.661],[95.328,16.631],[95.318,16.61],[95.263,16.588],[95.252,16.573],[95.266,16.538],[95.259,16.529],[95.231,16.508],[95.201,16.499],[95.163,16.449],[95.08,16.394],[95.061,16.367],[95.034,16.281],[94.992,16.251]]}},{"type":"Feature","properties":{"sr":1.0},"geometry":{"type":"LineString","coordinates":[[92.993,34.1],[93.012,34.109],[93.034,34.163],[93.07,34.179],[93.128,34.226],[93.17,34.232],[93.348,34.232],[93.392,34.218],[93.477,34.232],[93.663,34.212],[93.749,34.232],[93.792,34.252],[93.814,34.273],[93.807,34.306],[93.811,34.317],[93.85,34.327],[93.9,34.404],[93.907,34.441],[93.917,34.454],[93.95,34.472],[93.973,34.471],[94.068,34.561],[94.169,34.589],[94.265,34.584],[94.287,34.602],[94.308,34.641],[94.337,34.651],[94.351,34.671],[94.362,34.657],[94.375,34.677],[94.392,34.684],[94.434,34.685],[94.476,34.695],[94.497,34.705],[94.521,34.745],[94.558,34.764],[94.602,34.768],[94.652,34.741],[94.883,34.701],[94.918,34.686],[94.944,34.664],[94.967,34.671],[94.989,34.609],[95.007,34.586],[95.054,34.575],[95.067,34.534],[95.112,34.531],[95.17,34.486],[95.211,34.5],[95.235,34.465],[95.276,34.472],[95.314,34.459],[95.318,34.48],[95.338,34.486],[95.349,34.462],[95.41,34.418],[95.467,34.363],[95.556,34.33],[95.578,34.311],[95.568,34.281],[95.589,34.259],[95.568,34.239],[95.596,34.225],[95.618,34.234],[95.667,34.214],[95.68,34.201],[95.695,34.143],[95.707,34.129],[95.794,34.053],[95.826,34.052],[95.865,33.972],[95.88,33.951],[95.895,33.945],[95.898,33.914],[95.917,33.91],[95.951,33.882],[95.993,33.869],[95.987,33.843],[96.035,33.829],[96.067,33.81],[96.122,33.798],[96.096,33.78],[96.131,33.765],[96.182,33.768],[96.189,33.782],[96.218,33.786],[96.211,33.773],[96.227,33.769],[96.232,33.752],[96.198,33.746],[96.205,33.736],[96.227,33.739],[96.235,33.718],[96.256,33.732],[96.294,33.739],[96.315,33.732],[96.359,33.766],[96.4,33.746],[96.406,33.739],[96.398,33.702],[96.404,33.684],[96.43,33.691],[96.456,33.68],[96.5,33.643],[96.472,33.629],[96.472,33.623],[96.578,33.611],[96.618,33.588],[96.624,33.547],[96.652,33.554],[96.701,33.547],[96.709,33.533],[96.707,33.519],[96.689,33.506],[96.709,33.456],[96.723,33.439],[96.705,33.431],[96.705,33.423],[96.733,33.397],[96.737,33.409],[96.753,33.41],[96.747,33.397],[96.765,33.397],[96.773,33.389],[96.774,33.356],[96.785,33.364],[96.789,33.386],[96.801,33.39],[96.794,33.376],[96.828,33.314],[96.849,33.335],[96.859,33.322],[96.881,33.333],[96.918,33.327],[96.964,33.348],[96.979,33.341],[96.979,33.327],[97.007,33.341],[97.0,33.314],[97.02,33.32],[97.017,33.256],[97.024,33.214],[97.047,33.184],[97.084,33.157],[97.134,33.133],[97.185,33.047],[97.23,33.023],[97.254,32.944],[97.288,32.922],[97.347,32.911],[97.361,32.897],[97.377,32.862],[97.384,32.779],[97.425,32.724],[97.43,32.7],[97.565,32.625],[97.603,32.621],[97.62,32.588],[97.664,32.56],[97.818,32.513],[97.856,32.519],[97.887,32.498],[98.014,32.464],[98.08,32.405],[98.123,32.4],[98.144,32.382],[98.206,32.356],[98.213,32.338],[98.22,32.252],[98.271,32.191],[98.309,32.129],[98.375,32.08],[98.393,32.04],[98.453,31.984],[98.456,31.96],[98.445,31.908],[98.419,31.88],[98.435,31.838],[98.425,31.813],[98.445,31.804],[98.468,31.767],[98.501,31.75],[98.542,31.69]]}},{"type":"Feature","properties":{"sr":4.0},"geometry":{"type":"LineString","coordinates":[[96.596,30.448],[96.682,30.45],[96.702,30.442],[96.692,30.37],[96.71,30.31],[96.722,30.297],[96.773,30.291],[96.801,30.268],[96.857,30.24],[96.918,30.242],[96.992,30.198],[97.06,30.194],[97.169,30.113],[97.214,30.107],[97.248,30.09],[97.288,30.022],[97.337,29.974],[97.358,29.899],[97.418,29.861],[97.428,29.795],[97.447,29.773],[97.442,29.685],[97.468,29.648],[97.494,29.638],[97.504,29.603],[97.561,29.548],[97.581,29.486],[97.615,29.467],[97.704,29.451],[97.724,29.423],[97.848,29.372],[97.866,29.339],[97.898,29.328],[97.897,29.291],[97.914,29.267],[97.936,29.255],[97.944,29.194],[97.993,29.116],[98.041,29.072],[98.034,29.058],[98.047,29.038],[98.082,29.019],[98.103,28.921],[98.182,28.818],[98.257,28.79],[98.343,28.715],[98.359,28.678],[98.374,28.531],[98.391,28.511],[98.439,28.493],[98.445,28.421],[98.453,28.407],[98.445,28.339],[98.47,28.298],[98.473,28.178],[98.485,28.13],[98.569,28.096],[98.582,28.068],[98.614,28.051],[98.651,28.006],[98.667,27.956],[98.685,27.961],[98.676,27.941],[98.658,27.928],[98.68,27.904],[98.686,27.867],[98.673,27.77],[98.722,27.7],[98.732,27.669],[98.775,27.633],[98.83,27.561],[98.825,27.489],[98.809,27.462],[98.861,27.352],[98.864,27.304],[98.886,27.261],[98.883,27.203],[98.869,27.174],[98.898,26.455],[98.889,26.373],[98.859,26.336],[98.872,26.281],[98.857,26.177],[98.871,26.146],[98.857,26.118],[98.857,26.091],[98.843,26.084],[98.853,26.048],[98.837,25.92],[98.879,25.666],[98.88,25.556],[98.895,25.471],[98.892,25.426],[98.871,25.382],[98.877,25.324],[98.843,25.286],[98.851,25.239],[98.843,25.228],[98.859,25.199],[98.843,25.188],[98.851,25.152],[98.843,25.073],[98.905,24.919],[98.889,24.902],[98.895,24.874],[98.942,24.796],[98.955,24.746],[99.035,24.697],[99.055,24.654],[99.054,24.599],[99.042,24.584],[99.025,24.49],[98.987,24.44],[98.979,24.415],[99.047,24.384],[99.062,24.368],[99.065,24.321],[99.125,24.284],[99.101,24.268],[99.053,24.261],[98.999,24.243],[98.938,24.187],[98.855,24.139],[98.818,24.129],[98.716,24.122],[98.493,24.047],[98.432,24.0],[98.412,23.963],[98.425,23.878],[98.445,23.841],[98.575,23.745],[98.6,23.71],[98.649,23.609],[98.645,23.583],[98.59,23.504],[98.618,23.446],[98.607,23.427],[98.618,23.419],[98.658,23.426],[98.72,23.388],[98.733,23.302],[98.724,23.262],[98.689,23.255],[98.641,23.228],[98.588,23.241],[98.532,23.227],[98.511,23.206],[98.466,23.212],[98.443,23.206],[98.471,23.17],[98.516,23.153],[98.565,23.076],[98.527,23.065],[98.5,23.043],[98.497,23.014],[98.518,22.97],[98.549,22.975],[98.59,22.939],[98.665,22.901],[98.661,22.859],[98.651,22.847],[98.611,22.831],[98.545,22.823],[98.522,22.782],[98.549,22.737],[98.542,22.709],[98.563,22.679],[98.559,22.639],[98.578,22.635],[98.645,22.48],[98.642,22.46],[98.622,22.43],[98.601,22.347],[98.569,22.288],[98.643,22.139],[98.698,22.087],[98.756,22.063],[98.774,22.04],[98.738,22.027],[98.733,22.014],[98.741,22.007],[98.72,21.972],[98.569,21.894],[98.555,21.879],[98.549,21.859],[98.585,21.715],[98.645,21.63],[98.649,21.581],[98.582,21.548],[98.569,21.514],[98.611,21.456],[98.625,21.417],[98.673,21.39],[98.679,21.304],[98.713,21.239],[98.703,21.179],[98.726,21.143],[98.783,21.102],[98.802,21.075],[98.796,21.043],[98.774,21.014],[98.741,20.992],[98.639,20.991],[98.607,20.96],[98.531,20.963],[98.508,20.951]]}},{"type":"Feature","properties":{"sr":4.0},"geometry":{"type":"LineString","coordinates":[[98.508,20.951],[98.495,20.924],[98.492,20.877],[98.5,20.787],[98.512,20.748],[98.593,20.612],[98.65,20.485],[98.659,20.437],[98.645,20.401],[98.644,20.378],[98.658,20.335],[98.696,20.294],[98.7,20.27],[98.689,20.201],[98.661,20.172],[98.607,20.147],[98.566,20.15],[98.488,20.085],[98.378,20.075],[98.276,20.014],[98.234,19.999],[98.141,19.99],[98.02,19.953],[97.918,19.965],[97.877,19.951],[97.83,19.862],[97.815,19.852],[97.764,19.856],[97.751,19.847],[97.74,19.78],[97.694,19.72],[97.663,19.705],[97.655,19.69],[97.635,19.596],[97.633,19.547],[97.603,19.486],[97.585,19.42],[97.579,19.409],[97.539,19.392],[97.526,19.374],[97.521,19.355],[97.534,19.321],[97.535,19.15],[97.504,19.104],[97.49,19.05],[97.477,18.902],[97.466,18.862],[97.432,18.82],[97.387,18.824],[97.351,18.872],[97.335,18.875],[97.327,18.851],[97.335,18.711],[97.36,18.624],[97.363,18.588],[97.345,18.562],[97.379,18.521],[97.443,18.404],[97.452,18.334],[97.486,18.292],[97.528,18.266],[97.542,18.28],[97.562,18.331],[97.573,18.333],[97.637,18.307],[97.643,18.273],[97.618,18.242],[97.684,18.146],[97.698,18.091],[97.694,18.062],[97.72,18.053],[97.754,17.969],[97.72,17.943],[97.691,17.896],[97.685,17.881],[97.698,17.834],[97.676,17.831],[97.676,17.815],[97.713,17.69],[97.721,17.592],[97.771,17.493],[97.773,17.472],[97.761,17.447],[97.76,17.406],[97.691,17.361],[97.675,17.323],[97.674,17.183],[97.655,17.173],[97.651,17.126],[97.613,17.056],[97.61,17.035],[97.64,16.933],[97.617,16.829],[97.63,16.791],[97.607,16.73],[97.605,16.684],[97.62,16.649],[97.664,16.586],[97.674,16.555]]}},{"type":"Feature","properties":{"sr":1.0},"geometry":{"type":"MultiLineString","coordinates":[[[98.542,31.69],[98.563,31.669],[98.569,31.632],[98.592,31.599],[98.885,31.354],[98.831,31.298],[98.803,31.258],[98.768,31.23],[98.731,31.278],[98.683,31.316],[98.665,31.321],[98.638,31.309],[98.621,31.289],[98.611,31.256],[98.62,31.188],[98.604,31.17],[98.651,31.155],[98.693,31.125],[98.726,31.06],[98.765,31.015],[98.803,30.991],[98.798,30.941],[98.775,30.902],[98.787,30.881],[98.88,30.793],[98.954,30.748],[98.96,30.727],[98.953,30.708],[98.917,30.695],[98.905,30.682],[98.905,30.664],[98.932,30.579],[98.933,30.491],[98.96,30.46],[98.987,30.144],[99.034,30.055],[99.037,29.976],[99.056,29.915],[99.017,29.853],[99.005,29.82],[99.001,29.785],[99.014,29.768],[99.001,29.757],[98.987,29.651],[99.024,29.581],[99.042,29.562],[99.059,29.418],[99.049,29.388],[99.063,29.348],[99.062,29.308],[99.108,29.224],[99.104,29.092],[99.121,28.965],[99.096,28.836],[99.124,28.75],[99.117,28.709],[99.13,28.665],[99.154,28.641],[99.172,28.593],[99.165,28.555],[99.18,28.505],[99.172,28.463],[99.162,28.455],[99.162,28.438],[99.227,28.339],[99.273,28.307],[99.274,28.277],[99.299,28.26],[99.315,28.233],[99.339,28.224],[99.381,28.184],[99.389,28.168],[99.386,28.139],[99.399,28.126]],[[99.399,28.12],[99.391,28.085],[99.395,28.043],[99.405,28.001],[99.45,27.906],[99.458,27.869],[99.454,27.832],[99.432,27.798],[99.441,27.75],[99.481,27.675],[99.494,27.66],[99.523,27.654],[99.521,27.605],[99.55,27.589],[99.56,27.563],[99.556,27.509],[99.586,27.487],[99.594,27.473],[99.59,27.462],[99.645,27.386],[99.636,27.35],[99.653,27.318],[99.802,27.196],[99.948,27.029],[99.96,26.989],[99.967,26.899],[99.974,26.886],[99.989,26.889],[100.039,26.927],[100.063,26.958],[100.063,27.003],[100.085,27.069],[100.059,27.129],[100.063,27.174],[100.116,27.209],[100.156,27.261],[100.179,27.277],[100.238,27.342],[100.245,27.361],[100.214,27.414],[100.193,27.486],[100.193,27.511],[100.203,27.542],[100.238,27.577],[100.271,27.653],[100.295,27.684],[100.289,27.743],[100.303,27.78],[100.3,27.832],[100.334,27.824],[100.388,27.845],[100.42,27.838],[100.433,27.798],[100.433,27.743],[100.465,27.671],[100.444,27.538],[100.449,27.499],[100.481,27.469],[100.528,27.453],[100.543,27.439],[100.524,27.4],[100.523,27.377],[100.552,27.255],[100.539,27.22],[100.495,27.188],[100.45,27.194],[100.434,27.184],[100.486,27.147],[100.497,27.124],[100.474,27.058],[100.454,27.03],[100.458,26.981],[100.474,26.935],[100.458,26.905],[100.452,26.826],[100.441,26.815],[100.398,26.804],[100.394,26.787],[100.399,26.746],[100.413,26.725],[100.406,26.712],[100.419,26.674],[100.419,26.639],[100.433,26.626],[100.427,26.605],[100.427,26.519],[100.449,26.465],[100.461,26.403],[100.441,26.373],[100.454,26.365],[100.417,26.322],[100.413,26.3],[100.447,26.228],[100.474,26.215],[100.548,26.229],[100.584,26.222],[100.612,26.201],[100.636,26.213],[100.668,26.192],[100.734,26.194],[100.775,26.184],[100.794,26.185],[100.831,26.206],[100.906,26.166],[100.988,26.27],[101.126,26.345],[101.171,26.355],[101.201,26.372],[101.24,26.363],[101.255,26.372],[101.37,26.38],[101.423,26.393],[101.472,26.446],[101.476,26.461],[101.452,26.472],[101.464,26.492],[101.448,26.519],[101.453,26.531],[101.488,26.57],[101.518,26.591],[101.619,26.598],[101.647,26.57],[101.652,26.59],[101.681,26.564],[101.698,26.565],[101.723,26.594],[101.755,26.583],[101.776,26.598],[101.806,26.601],[101.831,26.591],[101.846,26.572],[101.893,26.462],[101.948,26.413],[101.939,26.381],[101.94,26.317],[101.904,26.238],[101.917,26.211],[101.857,26.169],[101.845,26.139],[101.838,26.067],[101.845,26.033],[101.831,25.995],[101.839,25.983],[101.874,25.973],[101.958,25.995],[102.018,25.987],[102.084,26.0],[102.099,26.015],[102.102,26.071],[102.13,26.115],[102.222,26.187],[102.252,26.229],[102.338,26.251],[102.358,26.263],[102.4,26.312],[102.465,26.323],[102.503,26.338],[102.568,26.379],[102.603,26.366],[102.626,26.345],[102.61,26.26],[102.681,26.222],[102.711,26.229],[102.767,26.293],[102.791,26.31],[102.845,26.327],[102.878,26.365],[102.893,26.365],[102.892,26.355],[102.908,26.349],[102.951,26.345],[102.988,26.365],[103.003,26.4],[102.989,26.441],[103.003,26.461],[102.996,26.485],[103.0,26.496],[103.039,26.506],[103.058,26.536],[103.058,26.557],[103.03,26.602],[103.029,26.662],[102.975,26.831],[102.901,26.925],[102.893,26.961],[102.899,27.003],[102.88,27.023],[102.878,27.036],[102.885,27.066],[102.914,27.112],[102.915,27.134],[102.904,27.222],[102.89,27.257],[102.889,27.291],[102.955,27.421],[102.977,27.389],[102.991,27.386],[103.013,27.386],[103.047,27.406],[103.121,27.412],[103.147,27.434],[103.16,27.497],[103.218,27.567],[103.296,27.588],[103.305,27.605],[103.284,27.64],[103.313,27.655],[103.327,27.674],[103.415,27.743],[103.451,27.76],[103.459,27.793],[103.477,27.8],[103.482,27.825],[103.503,27.85],[103.511,27.93],[103.519,27.945],[103.565,27.983],[103.551,27.988],[103.514,27.971],[103.489,28.038],[103.441,28.042],[103.434,28.068],[103.456,28.105],[103.455,28.134],[103.538,28.184],[103.572,28.243],[103.613,28.25],[103.644,28.27],[103.666,28.263],[103.709,28.216],[103.722,28.215],[103.749,28.243],[103.789,28.255],[103.88,28.326],[103.859,28.401],[103.795,28.531],[103.836,28.605],[103.832,28.62],[103.851,28.668]]]}},{"type":"Feature","properties":{"sr":5.0},"geometry":{"type":"MultiLineString","coordinates":[[[68.456,41.107],[68.435,41.113],[68.355,41.104],[68.263,41.105],[68.079,41.137],[68.046,41.153],[67.991,41.207],[67.965,41.25]],[[70.355,40.435],[70.363,40.405],[70.359,40.381],[70.306,40.35],[70.028,40.304],[69.905,40.272],[69.827,40.273]]]}},{"type":"Feature","properties":{"sr":5.0},"geometry":{"type":"MultiLineString","coordinates":[[[67.965,41.25],[67.972,41.29],[67.985,41.3],[68.038,41.311],[68.047,41.322],[68.04,41.338],[68.104,41.365],[68.087,41.405],[68.116,41.458],[68.108,41.478],[68.073,41.503],[68.068,41.523],[68.094,41.546],[68.054,41.599],[68.066,41.608],[68.04,41.654],[68.048,41.706],[68.034,41.756],[68.058,41.757],[68.072,41.766],[68.099,41.815],[68.102,41.845],[68.088,41.866],[68.106,41.88],[68.111,41.9],[68.113,41.952],[68.147,41.959],[68.177,42.018],[68.167,42.069],[68.209,42.065],[68.241,42.118],[68.223,42.138],[68.163,42.144],[68.154,42.154],[68.162,42.166],[68.184,42.175],[68.226,42.175],[68.263,42.253],[68.288,42.265],[68.277,42.296],[68.247,42.31],[68.26,42.339],[68.26,42.365],[68.277,42.388],[68.274,42.415],[68.24,42.428],[68.253,42.449],[68.241,42.472],[68.191,42.53],[68.23,42.56],[68.226,42.592],[68.26,42.627],[68.261,42.641],[68.246,42.671],[68.247,42.71],[68.236,42.731],[68.24,42.771],[68.198,42.763],[68.231,42.791],[68.233,42.804],[68.202,42.824],[68.205,42.862],[68.18,42.844],[68.164,42.845],[68.102,42.887],[68.16,42.912],[68.159,42.94],[68.169,42.971],[68.095,42.976],[68.073,43.001],[68.058,43.004],[68.02,42.99],[68.027,43.011],[68.006,43.017],[68.02,43.037],[67.969,43.036],[67.958,43.059],[67.927,43.045],[67.887,43.063],[67.848,43.052],[67.836,43.073],[67.838,43.092],[67.871,43.135],[67.855,43.161],[67.865,43.19],[67.848,43.182],[67.845,43.197],[67.86,43.218],[67.855,43.229],[67.8,43.237],[67.8,43.243],[67.828,43.254],[67.826,43.263],[67.792,43.269],[67.78,43.281],[67.784,43.291],[67.808,43.298],[67.808,43.33],[67.747,43.343],[67.726,43.361],[67.76,43.367],[67.732,43.376],[67.705,43.361],[67.684,43.305],[67.67,43.311],[67.665,43.325],[67.659,43.375],[67.631,43.377],[67.616,43.387],[67.632,43.396],[67.638,43.407],[67.633,43.417],[67.616,43.422],[67.561,43.402],[67.588,43.443],[67.578,43.449],[67.519,43.422],[67.541,43.463],[67.513,43.497],[67.486,43.507],[67.485,43.518],[67.506,43.551],[67.5,43.571],[67.423,43.648],[67.389,43.668],[67.403,43.682],[67.362,43.711],[67.341,43.751],[67.321,43.739],[67.3,43.751],[67.293,43.791],[67.277,43.811],[67.253,43.819],[67.219,43.806],[67.204,43.812],[67.215,43.843],[67.198,43.867],[67.205,43.886],[67.174,43.898],[67.167,43.922],[67.115,43.942],[67.088,43.938],[67.026,43.976],[67.04,44.002],[67.028,44.016],[67.009,44.02],[66.989,44.003],[66.964,44.0],[66.941,44.006],[66.928,44.03],[66.924,44.004],[66.89,43.963],[66.834,43.97],[66.823,43.946],[66.802,43.944],[66.752,43.97],[66.725,43.956],[66.674,43.969],[66.631,43.964],[66.612,43.997],[66.587,43.985],[66.574,43.963],[66.569,44.011],[66.536,44.008],[66.506,44.066],[66.518,44.076],[66.513,44.086],[66.54,44.1],[66.533,44.111],[66.498,44.121],[66.52,44.148],[66.493,44.147],[66.478,44.127],[66.448,44.141],[66.44,44.151],[66.444,44.162],[66.416,44.162],[66.423,44.237],[66.399,44.26],[66.396,44.275],[66.348,44.278],[66.353,44.299],[66.307,44.309],[66.258,44.361],[66.258,44.367],[66.278,44.377],[66.279,44.401],[66.238,44.387],[66.23,44.41],[66.201,44.416],[66.187,44.439],[66.176,44.443],[66.149,44.429],[66.114,44.45],[66.129,44.47],[66.118,44.476],[66.078,44.47],[66.046,44.477],[66.046,44.456],[66.016,44.469],[65.946,44.482],[65.916,44.497],[65.957,44.491],[65.943,44.535],[65.957,44.556],[65.953,44.564],[65.927,44.57],[65.93,44.586],[65.916,44.607],[65.915,44.628],[65.885,44.624],[65.881,44.63],[65.889,44.638],[65.868,44.661],[65.834,44.675],[65.808,44.662],[65.792,44.668],[65.789,44.685],[65.808,44.696],[65.813,44.713],[65.81,44.732],[65.8,44.744],[65.779,44.73],[65.662,44.752],[65.643,44.74],[65.622,44.738],[65.555,44.76],[65.512,44.785],[65.512,44.821],[65.478,44.855],[65.402,44.885],[65.345,44.923],[65.322,44.955],[65.316,44.98],[65.274,44.988],[65.2,44.97],[65.185,44.988],[65.138,44.987],[65.128,44.991],[65.13,45.0]],[[65.101,45.0],[65.06,44.991],[65.033,45.0]],[[64.947,45.0],[64.93,44.984],[64.903,44.977],[64.773,45.0]],[[69.827,40.273],[69.802,40.304],[69.768,40.283],[69.733,40.304],[69.655,40.303],[69.637,40.312],[69.597,40.292],[69.579,40.259],[69.567,40.252],[69.477,40.242],[69.385,40.213],[69.339,40.208],[69.316,40.215],[69.277,40.243],[69.232,40.252],[69.178,40.276],[69.178,40.295],[69.116,40.331],[69.135,40.346],[69.135,40.373],[69.151,40.386],[69.109,40.386],[69.144,40.414],[69.096,40.42],[69.124,40.459],[69.116,40.485],[69.098,40.507],[69.116,40.515],[69.075,40.523],[69.096,40.573],[69.122,40.581],[69.121,40.588],[69.106,40.599],[69.076,40.581],[69.068,40.584],[69.088,40.612],[69.065,40.633],[69.054,40.658],[68.993,40.653],[69.013,40.684],[69.003,40.688],[68.96,40.673],[68.945,40.68],[68.958,40.694],[68.956,40.707],[68.931,40.729],[68.903,40.735],[68.903,40.756],[68.887,40.777],[68.843,40.798],[68.8,40.84],[68.756,40.85],[68.74,40.845],[68.733,40.869],[68.715,40.866],[68.708,40.908],[68.633,40.968],[68.665,40.978],[68.67,40.985],[68.662,40.994],[68.613,41.004],[68.615,41.028],[68.557,41.019],[68.541,41.024],[68.518,41.045],[68.506,41.074],[68.481,41.083],[68.456,41.107]]]}},{"type":"Feature","properties":{"sr":5.0},"geometry":{"type":"LineString","coordinates":[[73.3,41.776],[73.274,41.769],[73.148,41.776],[73.003,41.813],[72.81,41.794],[72.748,41.762],[72.654,41.667]]}},{"type":"Feature","properties":{"sr":5.0},"geometry":{"type":"MultiLineString","coordinates":[[[77.737,41.88],[77.823,41.866],[77.977,41.901],[78.045,41.881],[78.058,41.865],[78.061,41.847],[78.052,41.832],[77.981,41.802],[77.961,41.776],[77.865,41.73],[77.777,41.664],[77.732,41.618],[77.717,41.582],[77.627,41.562],[77.566,41.525],[77.542,41.521],[77.456,41.529],[77.363,41.507],[77.277,41.521],[77.192,41.494],[76.966,41.507],[76.935,41.48],[76.777,41.495],[76.662,41.488],[76.617,41.473],[76.572,41.494],[76.524,41.494],[76.487,41.507],[76.092,41.449],[76.01,41.446],[75.812,41.463],[75.712,41.443],[75.632,41.39],[75.552,41.379],[75.462,41.394],[75.456,41.386],[75.256,41.448],[75.25,41.441],[75.229,41.448],[74.811,41.421],[74.766,41.441],[74.642,41.409],[74.603,41.419],[74.571,41.44],[74.495,41.441],[74.394,41.41],[74.369,41.394],[74.257,41.373],[74.202,41.391],[74.146,41.394],[74.08,41.418],[74.03,41.424],[73.948,41.483],[73.937,41.502],[73.954,41.538],[73.94,41.626],[73.926,41.654],[73.868,41.719],[73.783,41.729],[73.687,41.777],[73.584,41.805],[73.509,41.797],[73.45,41.77],[73.298,41.776]],[[72.654,41.667],[72.631,41.634],[72.562,41.604],[72.412,41.51],[72.375,41.515],[72.325,41.495],[72.248,41.441],[72.234,41.407],[72.231,41.369],[72.186,41.297],[72.2,41.284],[72.18,41.225],[72.157,41.211],[72.145,41.182],[72.071,41.136],[72.055,41.11],[71.9,40.99],[71.779,40.924],[71.758,40.913],[71.644,40.89],[71.505,40.88],[71.436,40.886],[71.388,40.88],[71.343,40.893],[71.309,40.872],[71.251,40.865],[71.175,40.837],[71.114,40.859],[71.052,40.855],[71.039,40.841],[71.062,40.8],[71.059,40.786],[71.042,40.776],[71.015,40.816],[70.971,40.802],[70.884,40.742],[70.813,40.736],[70.732,40.675],[70.707,40.669],[70.617,40.612],[70.569,40.571],[70.525,40.557],[70.477,40.506],[70.399,40.49],[70.369,40.476],[70.353,40.456],[70.355,40.435]]]}},{"type":"Feature","properties":{"sr":5.0},"geometry":{"type":"MultiLineString","coordinates":[[[73.652,20.013],[73.666,20.035],[73.686,20.043],[73.781,20.02],[73.838,19.994],[73.903,19.999],[73.967,19.983],[74.004,20.026],[74.057,20.048],[74.083,20.025],[74.098,20.033],[74.117,20.021],[74.197,19.995],[74.229,19.972],[74.263,19.972],[74.389,19.931],[74.426,19.906],[74.442,19.882],[74.509,19.889],[74.523,19.862],[74.553,19.838],[74.569,19.806],[74.601,19.789],[74.632,19.8],[74.692,19.768],[74.759,19.761],[74.791,19.732],[74.829,19.672],[74.849,19.663],[74.89,19.65],[74.929,19.655],[74.941,19.65],[74.952,19.657],[75.037,19.615],[75.113,19.601],[75.14,19.588],[75.161,19.596],[75.181,19.594],[75.217,19.548],[75.335,19.506],[75.376,19.463],[75.387,19.472],[75.417,19.462],[75.428,19.452],[75.437,19.421],[75.452,19.417],[75.479,19.437],[75.49,19.434],[75.51,19.409],[75.548,19.389],[75.721,19.352],[75.735,19.355],[75.769,19.391],[75.787,19.396],[75.835,19.376],[75.914,19.389],[75.907,19.317],[75.917,19.305],[75.966,19.307],[75.983,19.314],[76.0,19.34],[76.01,19.342],[76.021,19.3],[76.062,19.293],[76.075,19.296],[76.093,19.314],[76.11,19.312],[76.163,19.298],[76.226,19.26],[76.305,19.265],[76.361,19.233],[76.346,19.205],[76.34,19.143],[76.318,19.13],[76.329,19.109],[76.353,19.115],[76.366,19.134],[76.38,19.128],[76.39,19.105],[76.423,19.104],[76.429,19.072],[76.442,19.06],[76.465,19.066],[76.507,19.103],[76.565,19.112],[76.63,19.069],[76.634,19.05],[76.62,19.025],[76.631,19.01],[76.66,19.005],[76.7,19.022],[76.716,19.018],[76.726,19.01],[76.737,18.977],[76.757,18.99],[76.781,19.019],[76.781,19.053],[76.826,19.045],[76.845,19.067],[76.894,19.051],[76.922,19.053],[76.98,19.102],[77.0,19.095],[77.043,19.097],[77.058,19.087],[77.057,19.112],[77.079,19.122],[77.09,19.115],[77.093,19.102],[77.072,19.081],[77.079,19.07],[77.089,19.066],[77.114,19.074],[77.134,19.067],[77.151,19.104],[77.165,19.115],[77.196,19.101],[77.243,19.122],[77.264,19.115],[77.271,19.136],[77.287,19.143],[77.324,19.137],[77.362,19.158],[77.381,19.156],[77.394,19.139],[77.38,19.108],[77.384,19.091],[77.456,19.04],[77.477,19.012],[77.51,19.009],[77.538,18.994],[77.572,18.987],[77.599,18.941],[77.631,18.937],[77.647,18.914],[77.709,18.877],[77.785,18.866],[77.886,18.826],[77.918,18.834],[77.945,18.83],[77.957,18.857],[77.97,18.868],[78.029,18.873],[78.038,18.878],[78.049,18.913],[78.087,18.923],[78.115,18.958],[78.135,18.951],[78.151,18.974],[78.215,19.002],[78.248,19.002],[78.28,18.98],[78.288,18.935],[78.296,18.93],[78.311,18.933],[78.327,18.958],[78.371,18.987],[78.391,18.992],[78.412,18.986],[78.446,18.963],[78.47,18.958],[78.511,18.964],[78.542,18.944],[78.555,18.952],[78.563,18.98],[78.57,18.984],[78.629,18.982],[78.647,18.988],[78.661,19.026],[78.676,19.034],[78.71,19.033],[78.776,19.008],[78.794,19.039],[78.836,19.058],[78.854,19.061],[78.907,19.035],[78.919,19.036],[78.932,19.067],[78.97,19.081],[79.012,19.081],[79.046,19.069],[79.072,19.046],[79.118,18.939],[79.178,18.878],[79.241,18.862],[79.258,18.838],[79.293,18.814],[79.334,18.821],[79.39,18.857],[79.429,18.852],[79.513,18.798],[79.587,18.766],[79.622,18.731],[79.641,18.734],[79.687,18.68],[79.766,18.69],[79.814,18.722],[79.826,18.765],[79.851,18.794],[79.854,18.814],[79.834,18.841],[79.844,18.882],[79.865,18.872],[79.877,18.84],[80.002,18.786],[80.061,18.737],[80.091,18.698],[80.17,18.69],[80.242,18.698],[80.27,18.714],[80.295,18.713],[80.314,18.683],[80.32,18.642],[80.352,18.592],[80.372,18.616],[80.391,18.604],[80.396,18.581],[80.38,18.534],[80.389,18.478],[80.444,18.451],[80.466,18.419],[80.479,18.329],[80.492,18.292],[80.521,18.262],[80.697,18.159],[80.776,18.023],[80.84,17.996],[80.891,17.939],[80.895,17.91],[80.869,17.775],[80.896,17.711],[80.886,17.656],[80.896,17.642],[80.916,17.634],[80.994,17.639],[81.006,17.631],[81.02,17.586],[81.067,17.608],[81.078,17.6],[81.116,17.608],[81.15,17.573],[81.167,17.579],[81.255,17.562],[81.268,17.551],[81.303,17.488],[81.373,17.488],[81.396,17.464],[81.413,17.458],[81.505,17.464],[81.54,17.43],[81.582,17.416],[81.616,17.392],[81.617,17.336],[81.629,17.32],[81.671,17.306],[81.677,17.295],[81.664,17.282],[81.651,17.196],[81.661,17.173],[81.675,17.165],[81.686,17.112],[81.725,17.073],[81.75,17.031],[81.759,16.966],[81.739,16.942],[81.73,16.915],[81.734,16.886],[81.768,16.779],[81.801,16.737],[81.798,16.705],[81.842,16.642],[81.864,16.578],[81.847,16.495],[81.831,16.477],[81.795,16.464],[81.749,16.417],[81.718,16.443],[81.705,16.429],[81.697,16.415],[81.712,16.391],[81.712,16.312]],[[81.759,16.955],[81.772,16.893],[81.838,16.785],[81.849,16.772],[81.9,16.754],[81.931,16.717],[81.97,16.713],[82.007,16.69],[82.034,16.696],[82.074,16.682],[82.141,16.705],[82.215,16.711],[82.271,16.701],[82.343,16.701]]]}},{"type":"Feature","properties":{"sr":5.0},"geometry":{"type":"LineString","coordinates":[[73.605,37.446],[73.485,37.481],[73.44,37.48],[73.378,37.453],[73.321,37.467],[73.276,37.46],[73.211,37.409],[73.17,37.409],[73.132,37.385],[73.087,37.326],[73.067,37.315],[72.995,37.31],[72.924,37.275],[72.902,37.254],[72.83,37.24],[72.79,37.221],[72.761,37.188],[72.657,37.029]]}},{"type":"Feature","properties":{"sr":1.0},"geometry":{"type":"LineString","coordinates":[[103.851,28.668],[103.866,28.675],[103.878,28.63],[103.908,28.633],[103.973,28.613],[104.048,28.633],[104.079,28.613],[104.092,28.613],[104.14,28.633],[104.232,28.64],[104.248,28.662],[104.275,28.639],[104.312,28.63],[104.363,28.647],[104.456,28.643],[104.589,28.728],[104.604,28.755],[104.599,28.784],[104.622,28.79],[104.663,28.782],[104.7,28.8],[104.757,28.798],[104.804,28.828],[104.858,28.818],[104.922,28.777],[104.94,28.785],[104.98,28.836],[105.0,28.838]]}},{"type":"Feature","properties":{"sr":5.0},"geometry":{"type":"LineString","coordinates":[[72.657,37.029],[72.508,37.011],[72.475,36.998],[72.406,37.008],[72.259,36.968],[72.22,36.946],[72.186,36.912],[72.152,36.896],[72.126,36.873],[71.836,36.699],[71.797,36.686],[71.7,36.679],[71.653,36.687],[71.611,36.705],[71.577,36.734],[71.552,36.77],[71.528,36.856],[71.463,36.948],[71.459,37.011],[71.431,37.067],[71.433,37.128],[71.453,37.193],[71.45,37.217],[71.487,37.267],[71.493,37.308],[71.494,37.371],[71.487,37.409],[71.511,37.486],[71.497,37.567],[71.501,37.611],[71.522,37.638],[71.541,37.71],[71.529,37.761],[71.537,37.779],[71.574,37.798],[71.59,37.816],[71.59,37.892],[71.597,37.899],[71.567,37.928],[71.537,37.945],[71.501,37.946],[71.379,37.913],[71.341,37.894],[71.282,37.925],[71.258,37.927],[71.255,37.95],[71.272,37.998],[71.334,38.112],[71.359,38.184],[71.364,38.207],[71.358,38.251],[71.334,38.281],[71.217,38.326],[71.117,38.399],[71.077,38.412],[71.049,38.409],[71.008,38.459],[70.974,38.474],[70.95,38.473],[70.943,38.466],[70.946,38.443],[70.936,38.433],[70.871,38.453],[70.843,38.44],[70.777,38.447],[70.761,38.444],[70.741,38.42],[70.683,38.415],[70.664,38.406],[70.684,38.387],[70.676,38.375],[70.632,38.35],[70.6,38.347],[70.596,38.309],[70.583,38.275],[70.547,38.263],[70.47,38.121],[70.415,38.095],[70.326,38.012],[70.293,37.996],[70.283,37.982],[70.254,37.974],[70.25,37.956],[70.261,37.94],[70.214,37.93],[70.172,37.946],[70.16,37.921],[70.165,37.89],[70.196,37.84],[70.24,37.828],[70.247,37.819],[70.256,37.792],[70.275,37.774],[70.269,37.763],[70.283,37.705],[70.275,37.676],[70.253,37.655],[70.254,37.631],[70.24,37.617],[70.216,37.617],[70.199,37.58],[70.157,37.542],[70.129,37.533],[70.007,37.549],[69.989,37.568],[69.955,37.576],[69.918,37.617],[69.895,37.618],[69.802,37.582],[69.754,37.597],[69.665,37.576],[69.528,37.586],[69.508,37.579],[69.491,37.537],[69.425,37.494],[69.411,37.473],[69.384,37.454],[69.377,37.381],[69.391,37.371],[69.386,37.342],[69.417,37.268],[69.409,37.246],[69.445,37.237],[69.407,37.178],[69.323,37.121],[69.245,37.104],[69.123,37.169],[69.096,37.213],[69.035,37.252],[69.021,37.288],[68.985,37.321],[68.965,37.329],[68.887,37.338],[68.89,37.323],[68.917,37.303],[68.915,37.279],[68.89,37.282],[68.856,37.325],[68.835,37.329],[68.813,37.324],[68.81,37.312],[68.822,37.282],[68.82,37.251],[68.759,37.275],[68.668,37.279],[68.657,37.268],[68.671,37.247],[68.648,37.245],[68.626,37.206],[68.551,37.193],[68.523,37.165],[68.403,37.152],[68.418,37.128],[68.411,37.114],[68.391,37.106],[68.307,37.115],[68.288,37.103],[68.28,37.087],[68.288,37.025],[68.277,37.01],[68.212,37.022]]}},{"type":"Feature","properties":{"sr":5.0},"geometry":{"type":"MultiLineString","coordinates":[[[59.099,43.292],[59.094,43.335],[59.04,43.38],[59.032,43.42],[58.973,43.467],[58.981,43.521],[58.977,43.54],[59.0,43.569],[59.005,43.598],[59.057,43.644],[59.052,43.702],[58.959,43.8],[58.919,43.822],[58.813,43.846],[58.764,43.873],[58.594,43.879],[58.568,43.888],[58.544,43.942],[58.557,44.001],[58.543,44.06],[58.575,44.11],[58.578,44.127],[58.523,44.189],[58.494,44.209],[58.471,44.261],[58.336,44.374],[58.319,44.393],[58.316,44.426]],[[68.212,37.022],[68.186,37.019],[68.054,36.935],[68.02,36.926],[67.961,36.99],[67.918,37.014],[67.878,37.065],[67.808,37.084],[67.773,37.11],[67.78,37.189],[67.776,37.208],[67.746,37.23],[67.677,37.234],[67.633,37.254],[67.592,37.247],[67.561,37.22],[67.545,37.232],[67.526,37.273],[67.503,37.282],[67.482,37.278],[67.391,37.22],[67.319,37.209],[67.259,37.185],[67.236,37.193],[67.208,37.244],[67.187,37.258],[67.123,37.282],[67.097,37.341],[67.005,37.385],[66.957,37.385],[66.865,37.368],[66.735,37.364],[66.694,37.344],[66.654,37.346],[66.588,37.369],[66.539,37.369],[66.451,37.323],[66.413,37.35],[66.32,37.329],[66.294,37.331],[66.218,37.375],[66.163,37.377],[66.143,37.385],[66.079,37.441],[65.855,37.508],[65.829,37.526],[65.796,37.57],[65.711,37.597],[65.649,37.604],[65.552,37.665],[65.485,37.676],[65.459,37.694],[65.403,37.711],[65.307,37.709],[65.265,37.727],[65.239,37.788],[65.146,37.944],[65.118,37.981],[65.086,38.008],[65.008,38.049],[64.936,38.104],[64.676,38.18],[64.569,38.219],[64.518,38.254],[64.451,38.272],[64.371,38.327],[64.281,38.441],[64.178,38.508],[64.154,38.532],[64.097,38.649],[64.072,38.682],[63.978,38.747],[63.97,38.765],[63.963,38.845],[63.911,38.903],[63.903,38.934],[63.879,38.957],[63.86,38.967],[63.812,38.974],[63.755,39.004],[63.716,39.063],[63.686,39.091],[63.558,39.139],[63.522,39.16],[63.469,39.22],[63.428,39.242],[63.38,39.249],[63.354,39.271],[63.32,39.282],[63.257,39.324],[63.175,39.316],[63.12,39.332],[63.09,39.324],[63.05,39.331],[63.022,39.35],[62.983,39.406],[62.994,39.434],[62.997,39.48],[62.99,39.55],[62.925,39.584],[62.91,39.622],[62.88,39.653],[62.774,39.659],[62.754,39.667],[62.702,39.744],[62.617,39.781],[62.609,39.812],[62.545,39.869],[62.542,39.907],[62.524,39.94],[62.452,40.009],[62.421,40.115],[62.439,40.173],[62.435,40.194],[62.405,40.246],[62.396,40.312],[62.362,40.37],[62.353,40.431],[62.26,40.476],[62.191,40.499],[62.171,40.54],[62.134,40.578],[62.1,40.661],[62.055,40.702],[62.036,40.737],[61.982,40.886],[61.99,40.893],[61.979,40.999],[61.897,41.109],[61.654,41.25],[61.567,41.278],[61.433,41.301],[61.41,41.292],[61.387,41.236],[61.359,41.239],[61.287,41.27],[61.257,41.331],[61.191,41.39],[61.092,41.414],[61.025,41.465],[60.975,41.479],[60.706,41.667],[60.652,41.757],[60.55,41.777],[60.462,41.901],[60.459,41.966],[60.444,41.975],[60.345,41.989],[60.304,42.011],[60.276,42.044],[60.265,42.111],[60.253,42.129],[60.052,42.266],[59.907,42.325],[59.795,42.312],[59.642,42.367],[59.606,42.385],[59.512,42.48],[59.433,42.525],[59.419,42.565],[59.365,42.558],[59.331,42.589],[59.29,42.6],[59.286,42.618],[59.324,42.664],[59.329,42.73],[59.318,42.75],[59.275,42.768],[59.231,42.771],[59.205,42.786],[59.228,42.873],[59.166,42.976],[59.132,42.996],[59.132,43.027],[59.158,43.042],[59.164,43.066],[59.159,43.114],[59.133,43.215],[59.09,43.243],[59.084,43.269],[59.125,43.309],[59.121,43.345],[59.066,43.436],[59.035,43.46],[59.029,43.48],[59.032,43.495],[59.056,43.518],[59.056,43.551],[59.155,43.541],[59.253,43.591],[59.262,43.603],[59.269,43.645],[59.256,43.689],[59.262,43.758],[59.221,43.806],[59.154,43.844],[59.115,43.852],[59.109,43.872],[59.056,43.948],[59.103,44.003],[59.126,44.009],[59.16,44.039],[59.208,44.05],[59.258,44.078],[59.434,44.091],[59.514,44.123],[59.541,44.148]]]}},{"type":"Feature","properties":{"sr":6.0},"geometry":{"type":"LineString","coordinates":[[100.55,-0.566],[100.59,-0.557],[100.629,-0.559],[100.652,-0.571],[100.697,-0.574],[100.77,-0.659],[100.807,-0.684],[100.852,-0.666],[100.87,-0.638],[100.888,-0.626],[100.937,-0.647],[100.94,-0.658],[100.972,-0.667],[101.004,-0.672],[101.03,-0.662],[101.046,-0.632],[101.055,-0.579],[101.066,-0.568],[101.084,-0.566],[101.129,-0.587],[101.132,-0.598],[101.211,-0.643],[101.237,-0.647],[101.282,-0.632],[101.404,-0.615],[101.415,-0.617],[101.462,-0.659],[101.485,-0.662],[101.498,-0.657],[101.503,-0.62],[101.527,-0.583],[101.581,-0.549],[101.632,-0.49],[101.679,-0.459],[101.764,-0.466],[101.783,-0.477],[101.811,-0.511],[101.914,-0.533],[101.948,-0.559],[101.975,-0.546],[101.988,-0.559],[102.023,-0.552],[102.044,-0.566],[102.105,-0.521],[102.126,-0.525],[102.129,-0.499],[102.216,-0.487],[102.256,-0.442],[102.249,-0.42],[102.273,-0.403],[102.342,-0.387],[102.411,-0.327],[102.424,-0.332],[102.441,-0.354],[102.452,-0.342],[102.476,-0.36],[102.51,-0.36],[102.611,-0.413],[102.646,-0.409],[102.654,-0.445],[102.664,-0.449],[102.69,-0.43],[102.698,-0.432],[102.701,-0.483],[102.735,-0.456],[102.748,-0.46],[102.767,-0.494],[102.785,-0.51],[102.852,-0.532],[102.893,-0.524],[103.049,-0.426],[103.19,-0.321],[103.223,-0.312],[103.257,-0.315],[103.346,-0.36]]}},{"type":"Feature","properties":{"sr":6.0},"geometry":{"type":"LineString","coordinates":[[77.525,35.521],[77.564,35.534],[77.612,35.574],[77.658,35.591],[77.675,35.603],[77.682,35.619],[77.692,35.685],[77.708,35.715],[77.71,35.753],[77.689,35.785],[77.553,35.88],[77.544,35.904],[77.642,36.079],[77.662,36.096],[77.73,36.121],[77.76,36.143],[77.758,36.172],[77.746,36.178],[77.696,36.178],[77.627,36.199],[77.558,36.255],[77.531,36.267],[77.539,36.288],[77.491,36.342],[77.498,36.372],[77.481,36.407],[77.451,36.43],[77.421,36.425],[77.25,36.459],[77.158,36.446],[77.079,36.459],[76.964,36.434],[76.914,36.405],[76.829,36.383],[76.795,36.398],[76.766,36.393],[76.75,36.405],[76.644,36.4],[76.494,36.432],[76.479,36.44],[76.462,36.493],[76.442,36.508],[76.442,36.528],[76.421,36.552],[76.369,36.565],[76.275,36.619],[76.192,36.634],[76.103,36.689],[76.058,36.761],[76.045,36.822],[76.016,36.886],[75.962,36.946],[75.924,36.956],[75.92,36.972],[75.962,37.014],[76.008,37.093],[76.015,37.177],[75.969,37.206],[75.907,37.318],[75.955,37.328],[75.975,37.292],[76.031,37.282],[76.079,37.288],[76.106,37.275],[76.122,37.28],[76.144,37.313],[76.185,37.326],[76.192,37.364],[76.249,37.418],[76.229,37.46],[76.237,37.545],[76.223,37.583],[76.236,37.597],[76.216,37.633],[76.204,37.686],[76.181,37.733],[76.207,37.81],[76.167,37.837],[76.202,37.851],[76.219,37.892],[76.268,37.897],[76.263,37.933],[76.276,37.967],[76.315,37.967],[76.363,37.988],[76.425,37.971],[76.518,37.994],[76.547,37.982],[76.531,37.953],[76.537,37.932],[76.575,37.93],[76.613,37.914],[76.675,37.906],[76.727,37.881],[76.775,37.883],[76.812,37.919],[76.884,37.97],[76.942,38.035],[77.003,38.06],[77.019,38.091],[77.079,38.124],[77.21,38.234],[77.285,38.269],[77.381,38.339],[77.394,38.354],[77.326,38.563],[77.33,38.583],[77.341,38.596],[77.367,38.604],[77.387,38.666],[77.449,38.7],[77.458,38.714],[77.463,38.763],[77.484,38.796],[77.573,38.871],[77.581,38.891],[77.565,38.933],[77.569,38.986],[77.552,38.995],[77.555,39.007],[77.617,39.039],[77.623,39.093],[77.648,39.139],[77.669,39.132],[77.686,39.152],[77.71,39.16],[77.735,39.148],[77.749,39.192],[77.867,39.275],[77.929,39.296],[77.944,39.333],[78.005,39.371],[78.069,39.382],[78.087,39.412],[78.16,39.443],[78.214,39.484],[78.26,39.493],[78.47,39.584],[78.491,39.577],[78.552,39.604],[78.563,39.6],[78.566,39.564],[78.586,39.558],[78.628,39.57],[78.689,39.604],[78.76,39.602],[78.772,39.618],[78.82,39.612],[78.82,39.633],[78.834,39.646],[78.844,39.634],[78.866,39.635],[78.902,39.617],[78.957,39.639],[78.975,39.627],[79.019,39.634],[79.032,39.646],[79.051,39.643],[79.073,39.654],[79.13,39.695],[79.245,39.707],[79.347,39.739],[79.386,39.761],[79.426,39.807],[79.458,39.828],[79.591,39.838],[79.609,39.845],[79.663,39.893],[79.745,39.925],[79.77,39.948],[79.853,39.972],[79.87,39.994],[79.908,40.005],[79.928,40.062],[79.957,40.079],[80.066,40.09],[80.125,40.123],[80.156,40.126],[80.211,40.18],[80.259,40.187],[80.286,40.214],[80.347,40.231],[80.362,40.242],[80.362,40.276],[80.389,40.304],[80.382,40.31],[80.436,40.343],[80.467,40.404],[80.523,40.406],[80.617,40.446],[80.643,40.434],[80.795,40.452],[80.821,40.427],[80.888,40.467]]}},{"type":"Feature","properties":{"sr":6.0},"geometry":{"type":"MultiLineString","coordinates":[[[76.765,31.409],[76.737,31.392],[76.75,31.358],[76.737,31.309],[76.694,31.312],[76.683,31.279],[76.65,31.268],[76.61,31.289],[76.492,31.41],[76.469,31.426],[76.435,31.422]],[[81.295,30.792],[81.268,30.813],[81.222,30.831],[81.199,30.852]]]}},{"type":"Feature","properties":{"sr":6.0},"geometry":{"type":"MultiLineString","coordinates":[[[76.435,31.422],[76.419,31.418],[76.401,31.429],[76.395,31.417],[76.367,31.402],[76.378,31.339],[76.437,31.243],[76.553,31.171],[76.587,31.079],[76.538,31.059],[76.531,31.046],[76.538,31.005],[76.506,30.978],[76.459,30.971],[76.395,31.012],[76.333,31.005],[76.291,31.019],[76.271,31.005],[76.209,31.019],[76.167,31.005],[76.123,31.005],[76.083,30.991],[76.0,30.994],[75.923,31.023],[75.83,30.997],[75.791,31.005],[75.754,30.995],[75.606,30.991],[75.539,30.973],[75.396,30.985],[75.332,31.005],[75.296,31.035],[75.251,31.047],[75.233,31.06],[75.222,31.052],[75.198,31.052],[75.177,31.09],[75.15,31.101],[75.119,31.101],[75.112,31.107],[75.126,31.121],[75.033,31.183],[74.934,31.163],[74.836,31.159],[74.811,31.148],[74.762,31.108],[74.74,31.101],[74.708,31.114],[74.688,31.098],[74.601,31.057],[74.564,31.025],[74.564,31.005],[74.519,30.963],[74.441,30.946],[74.424,30.933],[74.401,30.893],[74.342,30.902],[74.319,30.894],[74.304,30.874],[74.311,30.856],[74.3,30.838],[74.256,30.815],[74.266,30.789],[74.191,30.717],[74.163,30.665],[74.111,30.647],[74.067,30.611],[74.057,30.592],[74.057,30.532],[74.044,30.519],[74.004,30.509],[73.939,30.426],[73.916,30.417],[73.9,30.422],[73.906,30.395],[73.887,30.397],[73.867,30.388],[73.845,30.357],[73.834,30.353],[73.77,30.368],[73.665,30.317],[73.59,30.323],[73.571,30.313],[73.54,30.278],[73.505,30.268],[73.418,30.225],[73.341,30.216],[73.332,30.21],[73.344,30.182],[73.335,30.171],[73.297,30.162],[73.28,30.129],[73.263,30.134],[73.233,30.171],[73.215,30.162],[73.212,30.149],[73.226,30.125],[73.139,30.087],[73.053,30.093],[73.034,30.055],[72.933,29.983],[72.923,30.004],[72.888,30.004],[72.87,29.997],[72.834,29.964],[72.768,29.943],[72.728,29.915],[72.728,29.906],[72.636,29.893],[72.63,29.846],[72.618,29.826],[72.599,29.839],[72.522,29.835],[72.474,29.853],[72.392,29.833],[72.362,29.838],[72.346,29.808],[72.324,29.805],[72.282,29.771],[72.25,29.712],[72.196,29.713],[72.173,29.682],[72.184,29.672],[72.173,29.661],[72.148,29.66],[72.152,29.611],[72.166,29.579],[72.116,29.556],[72.065,29.547],[72.018,29.507],[71.984,29.491],[71.947,29.484],[71.913,29.49],[71.919,29.47],[71.901,29.462],[71.806,29.477],[71.789,29.449],[71.764,29.462],[71.72,29.443],[71.693,29.477],[71.668,29.474],[71.619,29.423],[71.59,29.408],[71.597,29.388],[71.568,29.394],[71.514,29.39],[71.494,29.408],[71.483,29.37],[71.467,29.367],[71.446,29.38],[71.44,29.408],[71.388,29.366],[71.364,29.374],[71.359,29.402],[71.35,29.408],[71.341,29.407],[71.323,29.38],[71.302,29.401],[71.316,29.415],[71.271,29.429],[71.255,29.426],[71.247,29.408],[71.218,29.387],[71.208,29.409],[71.184,29.421],[71.168,29.397],[71.145,29.385],[71.11,29.377],[71.097,29.39],[71.022,29.367]],[[81.199,30.852],[81.183,30.896],[81.151,30.919],[81.075,30.936],[81.015,30.966],[80.952,30.978],[80.895,31.035],[80.793,31.093],[80.755,31.125],[80.628,31.121],[80.563,31.096],[80.546,31.066],[80.503,31.048],[80.461,31.048],[80.39,31.069],[80.365,31.086],[80.286,31.114],[80.232,31.159],[80.152,31.186],[80.086,31.26],[80.051,31.269],[80.012,31.291],[79.998,31.306],[80.002,31.343],[79.93,31.402],[79.885,31.471],[79.807,31.498],[79.679,31.487],[79.601,31.505],[79.526,31.51],[79.477,31.546],[79.443,31.553],[79.423,31.587],[79.361,31.618],[79.354,31.633],[79.299,31.635],[79.245,31.673],[79.227,31.67],[79.121,31.697],[79.087,31.682],[79.049,31.69],[79.031,31.686],[78.991,31.649],[78.949,31.661],[78.93,31.671],[78.911,31.729],[78.882,31.751],[78.843,31.805],[78.823,31.813],[78.77,31.808],[78.739,31.84],[78.717,31.847],[78.654,31.825],[78.633,31.8],[78.628,31.765],[78.556,31.751],[78.539,31.718],[78.455,31.675],[78.435,31.658],[78.43,31.634],[78.442,31.6],[78.371,31.594],[78.314,31.609],[78.292,31.6],[78.282,31.586],[78.272,31.528],[78.261,31.521],[78.189,31.512],[78.102,31.528],[77.969,31.572],[77.829,31.564],[77.788,31.55],[77.703,31.505],[77.662,31.463],[77.628,31.447],[77.632,31.401],[77.555,31.389],[77.538,31.354],[77.429,31.347],[77.403,31.359],[77.368,31.359],[77.308,31.276],[77.159,31.241],[77.13,31.241],[77.115,31.255],[77.08,31.262],[76.994,31.307],[76.929,31.368],[76.882,31.369],[76.884,31.415],[76.825,31.429],[76.785,31.409],[76.765,31.409]],[[81.376,30.758],[81.331,30.764],[81.294,30.792]]]}},{"type":"Feature","properties":{"sr":6.0},"geometry":{"type":"LineString","coordinates":[[83.858,21.52],[83.834,21.533],[83.819,21.568],[83.774,21.612],[83.714,21.695],[83.665,21.724],[83.575,21.748],[83.549,21.741],[83.528,21.72],[83.503,21.666],[83.487,21.651],[83.467,21.646],[83.39,21.692],[83.3,21.695]]}},{"type":"Feature","properties":{"sr":6.0},"geometry":{"type":"MultiLineString","coordinates":[[[83.857,21.52],[83.934,21.492],[83.963,21.467],[83.98,21.432],[83.975,21.39],[83.897,21.308],[83.909,21.205],[83.83,21.055],[83.822,21.018],[83.833,20.931],[83.897,20.877],[83.965,20.836],[84.007,20.819],[84.048,20.814],[84.091,20.827],[84.168,20.876],[84.206,20.89],[84.291,20.877],[84.313,20.868],[84.33,20.8],[84.344,20.775],[84.365,20.757],[84.418,20.74],[84.516,20.736],[84.544,20.724],[84.604,20.679],[84.708,20.629],[84.73,20.608],[84.764,20.539],[84.781,20.521],[84.81,20.512],[84.867,20.523],[84.895,20.518],[85.016,20.439],[85.077,20.423],[85.093,20.405],[85.169,20.378],[85.206,20.382],[85.233,20.396],[85.257,20.388],[85.266,20.367],[85.277,20.363],[85.344,20.357],[85.364,20.36],[85.397,20.382],[85.474,20.375],[85.504,20.379],[85.554,20.396],[85.604,20.437],[85.645,20.458],[85.682,20.437],[85.724,20.437],[85.749,20.465],[85.772,20.471],[85.82,20.452],[85.865,20.446],[85.957,20.365],[86.011,20.367],[86.063,20.261],[86.084,20.239],[86.145,20.212],[86.157,20.179],[86.159,20.143]],[[80.625,20.599],[80.639,20.623],[80.638,20.646],[80.615,20.698],[80.632,20.753],[80.719,20.767],[80.755,20.785],[80.775,20.823],[80.81,20.863],[80.842,20.936],[80.897,21.004],[80.931,21.028],[80.993,21.042],[81.031,21.065],[81.088,21.054],[81.135,21.096],[81.232,21.102],[81.245,21.175],[81.232,21.215],[81.236,21.229],[81.266,21.239],[81.305,21.328],[81.31,21.36],[81.363,21.42],[81.369,21.435],[81.356,21.487],[81.389,21.574],[81.423,21.587],[81.427,21.615],[81.519,21.613],[81.543,21.632],[81.593,21.64],[81.602,21.637],[81.609,21.596],[81.674,21.576],[81.69,21.586],[81.697,21.63],[81.669,21.662],[81.681,21.681],[81.713,21.69],[81.718,21.702],[81.701,21.758],[81.835,21.767],[81.879,21.782],[81.972,21.856],[82.013,21.87],[82.044,21.89],[82.109,21.849],[82.17,21.852],[82.186,21.788],[82.199,21.775],[82.277,21.76],[82.325,21.719],[82.392,21.73],[82.444,21.754],[82.503,21.74],[82.531,21.754],[82.578,21.729],[82.62,21.733],[82.674,21.719],[82.695,21.733],[82.756,21.72],[82.806,21.735],[82.852,21.703],[82.891,21.705],[83.017,21.735],[83.079,21.711],[83.116,21.727],[83.186,21.705],[83.3,21.695]]]}},{"type":"Feature","properties":{"sr":6.0},"geometry":{"type":"LineString","coordinates":[[78.997,16.23],[79.022,16.247],[79.161,16.219],[79.184,16.221],[79.21,16.237],[79.233,16.331],[79.208,16.389],[79.22,16.473],[79.213,16.493],[79.248,16.554],[79.266,16.57],[79.313,16.579]]}},{"type":"Feature","properties":{"sr":6.0},"geometry":{"type":"MultiLineString","coordinates":[[[73.796,17.992],[73.856,17.976],[73.931,17.91],[73.983,17.805],[74.036,17.765],[74.054,17.686],[74.125,17.642],[74.139,17.615],[74.146,17.579],[74.143,17.542],[74.125,17.512],[74.09,17.491],[74.091,17.47],[74.103,17.445],[74.108,17.392],[74.178,17.304],[74.205,17.292],[74.21,17.282],[74.193,17.235],[74.222,17.197],[74.188,17.176],[74.203,17.154],[74.269,17.129],[74.297,17.134],[74.304,17.107],[74.336,17.12],[74.366,17.101],[74.36,17.077],[74.376,17.056],[74.379,17.032],[74.42,17.048],[74.445,17.04],[74.461,17.011],[74.448,16.993],[74.481,16.947],[74.508,16.934],[74.551,16.881],[74.533,16.856],[74.552,16.83],[74.576,16.815],[74.623,16.804],[74.646,16.769],[74.695,16.744],[74.671,16.73],[74.616,16.72],[74.605,16.7],[74.614,16.678],[74.635,16.659],[74.681,16.634],[74.681,16.628],[74.631,16.617],[74.636,16.603],[74.678,16.569],[74.698,16.565],[74.735,16.586],[74.793,16.598],[74.804,16.614],[74.806,16.651],[74.89,16.669],[74.902,16.662],[74.916,16.635],[74.935,16.634],[74.965,16.67],[74.983,16.675],[75.024,16.634],[75.095,16.54],[75.105,16.511],[75.16,16.552],[75.155,16.591],[75.16,16.606],[75.188,16.628],[75.217,16.627],[75.263,16.593],[75.284,16.604],[75.318,16.586],[75.36,16.602],[75.4,16.538],[75.421,16.538],[75.452,16.515],[75.459,16.495],[75.438,16.456],[75.44,16.425],[75.476,16.433],[75.517,16.47],[75.531,16.466],[75.552,16.436],[75.568,16.429],[75.605,16.444],[75.641,16.446],[75.664,16.429],[75.708,16.415],[75.722,16.381],[75.786,16.349],[75.851,16.359],[75.893,16.341],[75.912,16.322],[75.995,16.306],[76.053,16.272],[76.058,16.223],[76.08,16.198],[76.202,16.182],[76.239,16.164],[76.281,16.155],[76.298,16.184],[76.331,16.198],[76.383,16.253],[76.404,16.258],[76.459,16.244],[76.477,16.251],[76.552,16.336],[76.613,16.346],[76.655,16.382],[76.737,16.415],[76.762,16.434],[76.774,16.436],[76.809,16.42],[76.846,16.438],[76.875,16.484],[76.934,16.496],[76.944,16.511],[76.967,16.512],[76.979,16.557],[76.99,16.565],[77.018,16.51],[77.052,16.519],[77.1,16.49],[77.135,16.482],[77.149,16.472],[77.165,16.442],[77.394,16.381],[77.493,16.378],[77.572,16.348],[77.646,16.352],[77.735,16.327],[77.898,16.22],[77.936,16.141],[77.953,16.123],[78.072,16.025],[78.128,16.004],[78.161,15.959],[78.176,15.949],[78.212,15.956],[78.244,15.976],[78.256,16.006],[78.244,16.039],[78.3,16.023],[78.316,16.028],[78.342,16.059],[78.354,16.053],[78.379,16.076],[78.4,16.083],[78.5,16.094],[78.56,16.057],[78.646,16.072],[78.684,16.046],[78.734,16.03],[78.791,16.035],[78.839,16.067],[78.846,16.085],[78.839,16.125],[78.847,16.151],[78.882,16.138],[78.898,16.143],[78.923,16.19],[78.997,16.23]],[[79.313,16.579],[79.418,16.59],[79.477,16.632],[79.504,16.642],[79.551,16.63],[79.585,16.649],[79.594,16.669],[79.635,16.669],[79.68,16.689],[79.721,16.689],[79.752,16.724],[79.772,16.727],[79.813,16.711],[79.826,16.692],[79.862,16.707],[79.882,16.703],[79.91,16.631],[79.958,16.63],[80.043,16.739],[80.053,16.785],[80.073,16.823],[80.098,16.82],[80.121,16.791],[80.136,16.751],[80.14,16.658],[80.192,16.612],[80.272,16.58],[80.314,16.587],[80.358,16.58],[80.391,16.566],[80.403,16.584],[80.47,16.592],[80.51,16.564],[80.529,16.561],[80.567,16.525],[80.621,16.494],[80.636,16.469],[80.683,16.436],[80.707,16.397],[80.718,16.357],[80.759,16.305],[80.774,16.312],[80.784,16.308],[80.817,16.264],[80.839,16.164],[80.869,16.107],[80.883,16.014]]]}},{"type":"Feature","properties":{"sr":6.0},"geometry":{"type":"MultiLineString","coordinates":[[[68.489,34.572],[68.451,34.549],[68.371,34.525],[68.349,34.491],[68.338,34.486],[68.267,34.513],[68.036,34.497],[68.013,34.492],[67.94,34.444],[67.739,34.41],[67.65,34.379],[67.631,34.366],[67.575,34.355],[67.53,34.335],[67.431,34.253],[67.354,34.216],[67.313,34.206],[67.266,34.157]],[[67.266,34.163],[67.216,34.091],[67.259,34.034],[67.262,34.014],[67.238,33.954],[67.15,33.951],[67.091,33.893],[67.013,33.855],[66.929,33.763],[66.896,33.739],[66.855,33.726],[66.777,33.725],[66.731,33.692],[66.672,33.709],[66.655,33.684],[66.616,33.658],[66.497,33.603],[66.423,33.547],[66.379,33.543],[66.307,33.492],[66.291,33.451],[66.286,33.407],[66.197,33.404],[66.162,33.389],[66.055,33.297],[66.046,33.28],[66.053,33.244],[66.025,33.231],[65.968,33.139],[65.923,33.107],[65.896,33.07],[65.875,33.06],[65.813,33.064],[65.765,33.017],[65.723,32.991],[65.569,32.931],[65.546,32.93],[65.536,32.87],[65.483,32.833],[65.485,32.813],[65.478,32.813],[65.49,32.792],[65.486,32.771],[65.449,32.691],[65.336,32.52],[65.32,32.512],[65.328,32.496],[65.313,32.473],[65.32,32.451],[65.314,32.416],[65.308,32.402],[65.277,32.378],[65.261,32.338],[65.224,32.32],[65.182,32.317],[65.169,32.327],[65.107,32.3],[65.105,32.326],[65.09,32.333],[65.074,32.328],[65.056,32.304],[64.998,32.273],[64.954,32.187],[64.849,32.102],[64.792,31.991],[64.736,31.908],[64.682,31.882],[64.625,31.833],[64.559,31.809],[64.432,31.721],[64.379,31.672],[64.354,31.663]],[[61.604,31.204],[61.637,31.118],[61.667,31.066],[61.691,31.038],[61.773,30.994],[61.804,30.95],[61.808,30.882],[61.798,30.854],[61.804,30.833],[61.784,30.813],[61.798,30.779],[61.791,30.772],[61.825,30.734],[61.818,30.679],[61.832,30.56],[61.812,30.432],[61.855,30.357],[61.932,30.309],[61.997,30.291],[62.099,30.283],[62.216,30.23],[62.428,30.17],[62.559,30.169],[62.873,30.258],[62.959,30.258],[62.997,30.272],[63.038,30.258],[63.063,30.262],[63.134,30.301],[63.189,30.36],[63.255,30.374],[63.271,30.402],[63.301,30.428],[63.415,30.506],[63.515,30.543],[63.535,30.565],[63.588,30.584],[63.607,30.587],[63.675,30.564],[63.887,30.529],[63.97,30.566],[64.011,30.625],[64.028,30.674],[64.052,30.676],[64.057,30.683],[64.097,30.771],[64.108,30.836],[64.096,30.853],[64.102,30.887],[64.183,31.032],[64.163,31.086],[64.185,31.123],[64.189,31.176],[64.271,31.299],[64.36,31.391],[64.374,31.429],[64.377,31.449],[64.349,31.48],[64.347,31.495],[64.347,31.624],[64.361,31.663]]]}},{"type":"Feature","properties":{"sr":6.0},"geometry":{"type":"LineString","coordinates":[[105.0,21.559],[104.953,21.61],[104.92,21.616],[104.925,21.641],[104.936,21.648],[104.932,21.665],[104.9,21.696],[104.874,21.694],[104.875,21.703],[104.803,21.763],[104.799,21.792],[104.767,21.8],[104.737,21.836],[104.646,21.905],[104.64,21.925],[104.621,21.918],[104.594,21.938],[104.587,21.949],[104.592,21.959],[104.486,22.045],[104.47,22.068],[104.408,22.109],[104.36,22.171],[104.342,22.165],[104.319,22.205],[104.271,22.24],[104.25,22.268],[104.223,22.281],[104.138,22.362],[104.099,22.384],[103.988,22.476],[103.951,22.517],[103.917,22.533],[103.894,22.569],[103.866,22.576],[103.836,22.603],[103.794,22.66],[103.726,22.716],[103.658,22.793],[103.592,22.848],[103.586,22.861],[103.565,22.861],[103.52,22.911],[103.288,23.062],[103.174,23.108],[103.084,23.125],[103.064,23.142],[102.948,23.193],[102.927,23.211],[102.899,23.211],[102.863,23.224],[102.819,23.284],[102.762,23.304],[102.726,23.306],[102.688,23.293],[102.601,23.328],[102.587,23.341],[102.541,23.354],[102.507,23.38],[102.466,23.377],[102.451,23.395],[102.379,23.396],[102.342,23.405],[102.25,23.45],[102.136,23.481],[102.104,23.538],[102.023,23.577],[101.986,23.612],[101.978,23.643],[101.94,23.652],[101.902,23.699],[101.869,23.717],[101.817,23.761],[101.811,23.782],[101.792,23.796],[101.779,23.828],[101.751,23.851],[101.717,23.914],[101.693,23.915],[101.675,23.958],[101.577,24.082],[101.571,24.117],[101.529,24.145],[101.534,24.164],[101.503,24.203],[101.451,24.348],[101.441,24.399],[101.401,24.418],[101.389,24.45],[101.319,24.541],[101.308,24.545],[101.299,24.516],[101.274,24.507],[101.257,24.513],[101.241,24.535],[101.211,24.538],[101.207,24.553],[101.181,24.573],[101.174,24.592],[101.132,24.625],[101.115,24.669],[101.042,24.73],[100.949,24.835],[100.915,24.901],[100.894,24.917],[100.9,24.938],[100.858,24.974],[100.844,25.0],[100.819,25.025],[100.808,25.027],[100.803,25.012],[100.771,24.995],[100.734,24.988],[100.714,25.015],[100.651,25.024],[100.579,25.073],[100.521,25.08],[100.499,25.087],[100.488,25.101],[100.406,25.111],[100.351,25.133],[100.332,25.196],[100.283,25.267],[100.235,25.385],[100.183,25.443]]}},{"type":"Feature","properties":{"sr":6.0},"geometry":{"type":"MultiLineString","coordinates":[[[78.34,30.915],[78.217,30.82],[78.131,30.794],[78.095,30.775],[78.072,30.738],[78.054,30.666],[78.021,30.647],[77.97,30.521],[77.958,30.511],[77.894,30.538],[77.86,30.518],[77.769,30.498],[77.665,30.446],[77.576,30.429],[77.565,30.415],[77.586,30.381],[77.585,30.325],[77.538,30.209],[77.484,30.153],[77.37,30.097],[77.323,30.064],[77.318,30.04],[77.285,30.038],[77.277,30.018],[77.221,29.961],[77.18,29.804],[77.162,29.771],[77.134,29.764],[77.137,29.723],[77.107,29.702],[77.114,29.682],[77.088,29.659],[77.094,29.641],[77.086,29.624],[77.1,29.589],[77.065,29.57],[77.058,29.556],[77.072,29.528],[77.066,29.504],[77.078,29.492],[77.105,29.495],[77.12,29.484],[77.073,29.44],[77.066,29.425],[77.131,29.426],[77.148,29.415],[77.15,29.403],[77.133,29.372],[77.134,29.343],[77.15,29.313],[77.131,29.281],[77.141,29.13],[77.134,29.116],[77.148,29.1],[77.169,29.036],[77.196,28.998],[77.178,28.981],[77.176,28.963],[77.21,28.935],[77.221,28.914],[77.202,28.877],[77.217,28.844],[77.196,28.807],[77.198,28.791],[77.217,28.788],[77.217,28.75],[77.23,28.733],[77.223,28.694]],[[77.223,28.694],[77.223,28.689],[77.223,28.695],[77.223,28.694]],[[77.223,28.694],[77.25,28.647],[77.259,28.593],[77.29,28.579],[77.343,28.498],[77.377,28.484],[77.377,28.455],[77.408,28.469],[77.428,28.431],[77.466,28.434],[77.468,28.397],[77.497,28.393],[77.466,28.315],[77.488,28.299],[77.491,28.264],[77.529,28.254],[77.539,28.243],[77.528,28.238],[77.521,28.217],[77.497,28.209],[77.502,28.197],[77.529,28.193],[77.539,28.181],[77.507,28.17],[77.495,28.152],[77.504,28.093],[77.47,28.113],[77.476,28.072],[77.468,28.047],[77.504,28.02],[77.526,27.974],[77.529,27.953],[77.504,27.941],[77.52,27.898],[77.552,27.866],[77.585,27.86],[77.593,27.846],[77.58,27.797],[77.65,27.812],[77.679,27.808],[77.69,27.797],[77.689,27.784],[77.665,27.758],[77.687,27.716],[77.687,27.691],[77.675,27.663],[77.696,27.63],[77.655,27.605],[77.696,27.599],[77.706,27.588],[77.683,27.527],[77.685,27.515],[77.703,27.496],[77.721,27.436],[77.738,27.416],[77.747,27.383],[77.792,27.392],[77.799,27.38],[77.782,27.353],[77.783,27.333],[77.802,27.315],[77.822,27.309],[77.861,27.266],[77.868,27.294],[77.884,27.304],[77.898,27.292],[77.909,27.251],[77.928,27.256],[77.937,27.293],[77.953,27.298],[77.96,27.291],[77.961,27.259],[77.977,27.249],[77.981,27.27],[77.993,27.273],[78.018,27.256],[78.031,27.219],[78.025,27.18],[78.075,27.202],[78.111,27.18],[78.159,27.174],[78.189,27.196],[78.2,27.191],[78.211,27.169],[78.197,27.112],[78.214,27.087],[78.236,27.084],[78.248,27.093],[78.237,27.112],[78.251,27.112],[78.272,27.084],[78.306,27.125],[78.349,27.127],[78.36,27.112],[78.323,27.098],[78.299,27.064],[78.343,27.078],[78.411,27.056],[78.44,27.015],[78.435,26.996],[78.479,26.981],[78.497,26.965],[78.514,26.929],[78.523,26.926],[78.532,26.935],[78.511,26.982],[78.556,26.976],[78.563,26.946],[78.591,26.927],[78.586,26.955],[78.605,26.954],[78.617,26.91],[78.642,26.886],[78.676,26.914],[78.696,26.921],[78.704,26.9],[78.729,26.919],[78.758,26.9],[78.772,26.872],[78.799,26.866],[78.815,26.842],[78.839,26.831],[78.858,26.803],[78.943,26.783],[78.929,26.762],[79.005,26.762],[78.983,26.735],[79.003,26.729],[79.016,26.701],[79.035,26.692],[79.046,26.641],[79.067,26.639],[79.052,26.626],[79.084,26.598],[79.128,26.605],[79.173,26.591],[79.203,26.564],[79.204,26.545],[79.293,26.523],[79.245,26.502],[79.262,26.48],[79.211,26.444],[79.219,26.431],[79.286,26.441],[79.313,26.407],[79.325,26.404],[79.416,26.437],[79.463,26.438],[79.474,26.429],[79.48,26.384],[79.504,26.35],[79.532,26.365],[79.555,26.36],[79.556,26.349],[79.523,26.305],[79.532,26.288],[79.566,26.263],[79.627,26.251],[79.649,26.21],[79.724,26.187],[79.748,26.164],[79.739,26.156],[79.74,26.137],[79.772,26.112],[79.847,26.115],[79.886,26.092],[79.9,26.095],[79.927,26.162],[79.949,26.163],[79.958,26.141],[79.952,26.088],[79.959,26.072],[79.985,26.064],[80.059,26.076],[80.08,26.071],[80.093,26.055],[80.093,26.037],[80.073,26.009],[80.08,25.999],[80.17,25.955],[80.194,25.928],[80.211,25.92],[80.256,25.93],[80.277,25.926],[80.297,25.892],[80.362,25.913],[80.407,25.915],[80.537,25.869],[80.546,25.855],[80.54,25.843],[80.469,25.842],[80.459,25.835],[80.492,25.791],[80.568,25.786],[80.561,25.745],[80.567,25.734],[80.649,25.714],[80.683,25.694],[80.73,25.686],[80.78,25.69],[80.817,25.728],[80.839,25.718],[80.851,25.684],[80.923,25.685],[80.934,25.674],[80.941,25.625],[80.951,25.614],[81.023,25.626],[81.027,25.594],[80.999,25.571],[81.017,25.543],[81.087,25.511],[81.184,25.495],[81.192,25.474],[81.184,25.458],[81.153,25.43],[81.148,25.411],[81.173,25.378],[81.244,25.354],[81.261,25.329],[81.32,25.345],[81.344,25.342],[81.385,25.32],[81.396,25.304],[81.383,25.29],[81.391,25.28],[81.472,25.266],[81.513,25.276],[81.62,25.348],[81.661,25.358],[81.726,25.357],[81.76,25.334],[81.795,25.33],[81.812,25.349],[81.797,25.366],[81.795,25.384],[81.828,25.416],[81.876,25.427],[81.903,25.415]]]}},{"type":"Feature","properties":{"sr":6.0},"geometry":{"type":"LineString","coordinates":[[81.574,22.754],[81.462,22.765],[81.438,22.788],[81.408,22.843],[81.28,22.877],[81.249,22.898],[81.177,22.925],[81.175,22.941],[81.162,22.948],[81.105,22.953],[81.035,22.982],[81.016,22.977],[81.001,22.93],[80.932,22.952],[80.889,22.953],[80.9,23.004],[80.893,23.018],[80.842,23.055],[80.817,23.039],[80.802,22.995],[80.766,23.021],[80.737,23.005],[80.666,22.994],[80.629,22.964],[80.591,22.973],[80.519,22.953],[80.532,22.928],[80.532,22.906],[80.519,22.881],[80.477,22.842],[80.499,22.796],[80.491,22.749],[80.51,22.726],[80.478,22.675],[80.502,22.645],[80.505,22.623],[80.45,22.579],[80.408,22.576],[80.373,22.595],[80.34,22.633],[80.327,22.726],[80.286,22.733],[80.28,22.778],[80.269,22.796],[80.217,22.801],[80.197,22.795],[80.186,22.773],[80.165,22.766],[80.139,22.775],[80.06,22.775],[80.026,22.788],[80.008,22.818],[79.93,22.877],[79.929,22.889],[79.944,22.905],[79.944,22.942],[79.914,22.977],[79.908,22.996],[79.91,23.008],[79.944,23.049],[79.95,23.079],[79.94,23.104],[79.887,23.113],[79.855,23.101],[79.789,23.132],[79.752,23.117],[79.718,23.117],[79.687,23.097],[79.591,23.113],[79.574,23.138],[79.554,23.131],[79.516,23.137],[79.432,23.099],[79.348,23.107],[79.312,23.092],[79.203,23.074],[79.159,23.069],[79.126,23.076],[79.101,23.021],[79.086,23.015],[79.039,23.016],[79.003,23.039],[78.964,23.048],[78.772,23.041],[78.731,23.049],[78.645,23.021],[78.475,23.0],[78.395,22.959],[78.384,22.939],[78.313,22.905],[78.286,22.864],[78.274,22.869],[78.244,22.864],[78.22,22.89],[78.171,22.883],[78.135,22.843],[78.12,22.789],[78.072,22.808],[78.032,22.802],[77.994,22.823],[77.938,22.808],[77.927,22.82],[77.922,22.861],[77.909,22.864],[77.876,22.837],[77.86,22.874],[77.819,22.849],[77.761,22.775],[77.639,22.732],[77.58,22.681],[77.425,22.627],[77.36,22.596],[77.313,22.56],[77.295,22.566],[77.272,22.595],[77.262,22.596],[77.14,22.563],[77.086,22.514],[77.049,22.501],[76.922,22.494],[76.872,22.457],[76.834,22.448],[76.803,22.426],[76.783,22.395],[76.778,22.327],[76.763,22.31],[76.689,22.264],[76.668,22.258],[76.636,22.264],[76.565,22.227],[76.544,22.231],[76.477,22.281],[76.468,22.301],[76.477,22.322],[76.423,22.336],[76.371,22.326],[76.312,22.302],[76.242,22.292],[76.226,22.285],[76.188,22.242],[76.097,22.242],[76.066,22.226],[76.043,22.227],[75.997,22.199],[75.954,22.188],[75.818,22.186],[75.739,22.158],[75.69,22.155],[75.654,22.171],[75.631,22.173],[75.468,22.153],[75.404,22.137],[75.34,22.14],[75.232,22.123],[75.191,22.109],[75.146,22.109],[75.112,22.096],[75.047,22.099],[74.983,22.076],[74.897,22.082],[74.811,22.068],[74.77,22.076],[74.7,22.05],[74.567,22.021],[74.548,22.029],[74.531,22.05],[74.433,22.039],[74.396,22.026],[74.352,21.987],[74.29,21.966],[74.284,21.945],[74.249,21.93],[74.205,21.925],[74.129,21.952],[74.061,21.94],[73.975,21.901],[73.943,21.875],[73.9,21.87],[73.871,21.855],[73.792,21.837],[73.738,21.838],[73.7,21.849],[73.687,21.856],[73.678,21.886],[73.607,21.912],[73.588,21.944],[73.564,21.955],[73.543,21.98],[73.501,21.973],[73.444,21.987],[73.425,21.931],[73.413,21.918],[73.374,21.929],[73.337,21.886],[73.304,21.89],[73.268,21.936],[73.249,21.939],[73.232,21.93],[73.227,21.915],[73.245,21.844],[73.221,21.829],[73.198,21.83],[73.153,21.856],[73.136,21.844],[73.159,21.777],[73.132,21.754]]}},{"type":"Feature","properties":{"sr":6.0},"geometry":{"type":"LineString","coordinates":[[100.07,33.006],[100.169,32.91],[100.191,32.899],[100.197,32.859],[100.292,32.803],[100.371,32.779],[100.442,32.727],[100.488,32.683],[100.508,32.628],[100.533,32.609],[100.554,32.577],[100.639,32.539],[100.68,32.53],[100.693,32.519],[100.71,32.523],[100.766,32.487],[100.79,32.457],[100.8,32.455],[100.811,32.375],[100.803,32.341],[100.813,32.337],[100.848,32.356],[100.872,32.347],[100.863,32.331],[100.916,32.31],[100.96,32.28],[101.006,32.205],[101.005,32.169],[100.971,32.088],[100.977,32.024],[101.005,32.0],[101.009,31.971],[101.024,31.957],[101.081,31.94],[101.166,31.834],[101.192,31.814],[101.241,31.802],[101.286,31.779],[101.344,31.786],[101.425,31.765],[101.456,31.776],[101.478,31.803],[101.514,31.805],[101.571,31.792],[101.647,31.82],[101.661,31.805],[101.695,31.833],[101.726,31.847],[101.831,31.861],[101.865,31.82],[101.934,31.79],[102.026,31.711],[102.031,31.694],[102.023,31.682],[102.051,31.647],[102.05,31.635],[102.072,31.601],[102.077,31.454],[101.989,31.368],[102.007,31.331],[102.049,31.298],[102.001,31.203],[101.988,31.189],[101.924,31.168],[101.88,31.112],[101.872,31.015],[101.886,30.943],[101.88,30.908],[101.886,30.895],[101.906,30.888],[101.92,30.868],[101.944,30.803],[101.971,30.794],[101.98,30.763],[102.023,30.738],[102.041,30.707],[102.055,30.699],[102.052,30.661],[102.068,30.625],[102.069,30.524],[102.116,30.478],[102.123,30.398],[102.18,30.291],[102.188,30.237],[102.203,30.213],[102.192,30.205],[102.179,30.167],[102.171,30.059],[102.209,30.004],[102.217,29.965],[102.228,29.952],[102.209,29.849],[102.216,29.775],[102.2,29.742],[102.194,29.675],[102.166,29.629],[102.177,29.594],[102.158,29.543],[102.174,29.524],[102.167,29.501],[102.177,29.482],[102.196,29.473],[102.215,29.477],[102.222,29.47],[102.236,29.391],[102.253,29.353],[102.265,29.344],[102.284,29.285],[102.319,29.265],[102.324,29.254],[102.479,29.278],[102.501,29.283],[102.55,29.326],[102.625,29.35],[102.657,29.326],[102.777,29.316],[102.808,29.301],[102.804,29.271],[102.85,29.215],[102.902,29.231],[102.927,29.285],[102.943,29.3],[102.958,29.303],[103.02,29.292],[103.026,29.258],[103.043,29.243],[103.065,29.245],[103.085,29.259],[103.114,29.304],[103.203,29.254],[103.262,29.246],[103.273,29.248],[103.291,29.291],[103.325,29.308],[103.337,29.307],[103.333,29.291],[103.38,29.319],[103.421,29.305],[103.462,29.319],[103.509,29.272],[103.531,29.278],[103.582,29.213],[103.639,29.21],[103.647,29.237],[103.64,29.278],[103.661,29.315],[103.652,29.337],[103.63,29.341],[103.592,29.333],[103.574,29.339],[103.554,29.374],[103.554,29.42],[103.643,29.522],[103.677,29.545],[103.716,29.559]]}},{"type":"Feature","properties":{"sr":6.0},"geometry":{"type":"MultiLineString","coordinates":[[[77.436,32.293],[77.356,32.317],[77.298,32.368],[77.134,32.457],[77.079,32.5],[76.992,32.513],[76.968,32.542],[76.955,32.595],[76.875,32.639],[76.73,32.673],[76.647,32.734],[76.609,32.751],[76.477,32.754],[76.444,32.768],[76.428,32.8],[76.428,32.823],[76.462,32.89],[76.462,32.909],[76.449,32.944],[76.428,32.971],[76.435,33.009],[76.427,33.05],[76.355,33.116],[76.246,33.179],[76.199,33.242],[76.167,33.266],[76.126,33.28],[76.096,33.307],[76.024,33.335],[75.964,33.339],[75.833,33.377],[75.752,33.38],[75.736,33.367],[75.725,33.335],[75.73,33.319],[75.791,33.25],[75.808,33.217],[75.811,33.181],[75.8,33.162],[75.781,33.156],[75.703,33.171],[75.647,33.148],[75.6,33.141],[75.5,33.15],[75.408,33.136],[75.364,33.14],[75.325,33.156],[75.292,33.21],[75.252,33.222],[75.184,33.266],[75.143,33.274],[75.13,33.264],[75.124,33.226],[75.084,33.201],[75.076,33.174],[75.06,33.163],[74.998,33.178],[74.904,33.168],[74.818,33.193],[74.801,33.179],[74.808,33.144],[74.792,33.057],[74.809,33.002],[74.78,32.912],[74.74,32.892],[74.725,32.873],[74.653,32.855],[74.603,32.819],[74.542,32.79],[74.496,32.726],[74.469,32.701],[74.338,32.612],[74.272,32.591],[74.22,32.565],[74.193,32.536],[74.146,32.522],[74.133,32.5],[74.104,32.477],[74.069,32.462],[74.043,32.464],[74.01,32.429],[73.991,32.419],[73.921,32.417],[73.868,32.392],[73.791,32.383],[73.756,32.341],[73.677,32.347],[73.612,32.293],[73.571,32.286],[73.522,32.241],[73.42,32.236],[73.4,32.227],[73.385,32.19],[73.291,32.107],[73.279,32.073],[73.214,32.035],[73.196,31.997],[73.188,31.95],[73.139,31.902],[73.108,31.83],[73.074,31.811],[72.993,31.787],[72.96,31.763],[72.919,31.71],[72.879,31.71],[72.742,31.676],[72.656,31.666],[72.584,31.615],[72.543,31.608],[72.517,31.569],[72.47,31.551],[72.361,31.488],[72.343,31.449],[72.251,31.365],[72.253,31.294],[72.234,31.22],[72.139,31.183]],[[72.139,31.183],[72.139,31.094],[72.091,31.052],[72.091,31.024],[72.078,30.995],[72.018,30.953],[71.986,30.886],[71.942,30.861],[71.927,30.832],[71.878,30.799],[71.858,30.773],[71.851,30.698],[71.837,30.662],[71.785,30.617],[71.747,30.609],[71.73,30.584],[71.713,30.573],[71.648,30.572],[71.629,30.533],[71.569,30.505],[71.535,30.463],[71.494,30.454],[71.453,30.389],[71.405,30.36],[71.414,30.334],[71.364,30.316],[71.359,30.274],[71.309,30.156],[71.31,30.133],[71.252,30.044],[71.245,30.0],[71.227,29.956],[71.225,29.925],[71.22,29.915],[71.184,29.902],[71.173,29.876],[71.174,29.865],[71.202,29.829],[71.206,29.793],[71.175,29.725],[71.172,29.689],[71.141,29.64],[71.088,29.606],[71.054,29.597],[71.045,29.549],[71.008,29.532],[71.024,29.498],[71.03,29.451],[71.046,29.425],[71.022,29.394],[71.013,29.314],[71.004,29.293],[70.949,29.266],[70.939,29.219],[70.83,29.225],[70.812,29.159],[70.795,29.147],[70.777,29.157],[70.757,29.15],[70.746,29.136],[70.754,29.119],[70.72,29.086],[70.699,29.038],[70.664,29.028],[70.639,29.037]]]}},{"type":"Feature","properties":{"sr":2.0},"geometry":{"type":"LineString","coordinates":[[82.4,30.411],[82.439,30.424],[82.472,30.422],[82.539,30.398],[82.576,30.363],[82.589,30.36],[82.651,30.383],[82.683,30.37],[82.769,30.359],[82.859,30.373],[82.893,30.332],[82.907,30.328],[82.934,30.251],[82.965,30.224],[83.044,30.182],[83.082,30.175],[83.095,30.151],[83.168,30.125],[83.192,30.134],[83.199,30.112],[83.252,30.073],[83.293,30.077],[83.323,30.059],[83.382,30.042],[83.396,30.005],[83.41,29.992],[83.452,29.977],[83.5,29.947],[83.537,29.939],[83.605,29.878],[83.727,29.856],[83.761,29.833],[83.817,29.815],[83.98,29.736],[83.96,29.724],[83.952,29.702],[83.99,29.633],[84.007,29.616],[84.035,29.606],[84.087,29.57],[84.106,29.566],[84.186,29.579],[84.22,29.566],[84.238,29.541],[84.261,29.548],[84.416,29.535],[84.493,29.511],[84.511,29.476],[84.48,29.349],[84.507,29.322],[84.499,29.297],[84.524,29.276],[84.566,29.268],[84.583,29.257],[84.603,29.285],[84.618,29.289],[84.72,29.257],[84.776,29.224],[84.814,29.234],[84.838,29.229],[84.922,29.19],[84.964,29.186],[85.001,29.199],[85.035,29.229],[85.041,29.254],[85.111,29.285],[85.144,29.317],[85.165,29.326],[85.251,29.315],[85.323,29.278],[85.392,29.281],[85.445,29.258],[85.487,29.251],[85.555,29.256],[85.573,29.247],[85.609,29.192],[85.653,29.181],[85.731,29.192],[85.782,29.216],[85.946,29.182],[86.147,29.178],[86.224,29.206],[86.236,29.208],[86.247,29.198],[86.275,29.213],[86.35,29.211],[86.387,29.224],[86.454,29.207],[86.488,29.227],[86.501,29.22],[86.51,29.239],[86.546,29.213],[86.607,29.202],[86.637,29.202],[86.667,29.213],[86.961,29.179],[87.006,29.185],[87.027,29.181],[87.04,29.159],[87.067,29.152],[87.099,29.172],[87.121,29.177],[87.194,29.145],[87.219,29.157],[87.296,29.131],[87.409,29.118],[87.519,29.125],[87.604,29.15],[87.625,29.145],[87.66,29.152]]}},{"type":"Feature","properties":{"sr":6.0},"geometry":{"type":"LineString","coordinates":[[89.387,40.633],[89.332,40.633],[89.299,40.649],[89.26,40.632],[89.194,40.645],[89.142,40.638],[89.078,40.667],[88.988,40.652],[88.962,40.661],[88.92,40.657],[88.86,40.678],[88.804,40.68],[88.746,40.708],[88.71,40.695],[88.58,40.696],[88.49,40.709],[88.324,40.776],[88.218,40.851],[87.886,40.901],[87.851,40.886],[87.68,40.941],[87.618,40.977],[87.595,40.982],[87.496,40.982],[87.375,40.945],[87.331,40.949],[87.278,40.982],[87.236,40.977],[87.146,41.02],[87.134,41.023],[87.118,41.016],[87.095,41.033],[87.042,41.039],[87.003,41.095],[86.988,41.149],[86.974,41.16],[86.927,41.175],[86.899,41.208],[86.858,41.222],[86.83,41.256],[86.808,41.269],[86.741,41.27],[86.685,41.317],[86.673,41.338],[86.623,41.313],[86.598,41.284],[86.511,41.263],[86.488,41.27],[86.419,41.256],[86.412,41.235],[86.372,41.243]]}},{"type":"Feature","properties":{"sr":6.0},"geometry":{"type":"LineString","coordinates":[[80.888,40.467],[80.923,40.474],[80.978,40.512],[81.072,40.536],[81.251,40.527],[81.28,40.537],[81.299,40.532],[81.319,40.545],[81.379,40.616],[81.404,40.622],[81.417,40.674],[81.473,40.701],[81.571,40.725],[81.633,40.715],[81.766,40.725],[81.804,40.752],[81.831,40.787],[81.883,40.798],[81.939,40.836],[81.975,40.827],[82.063,40.861],[82.16,40.869],[82.274,40.92],[82.286,40.923],[82.308,40.914],[82.356,40.93],[82.376,40.955],[82.443,40.949],[82.465,40.975],[82.548,40.99],[82.656,41.035],[82.678,41.034],[82.713,41.016],[82.73,41.034],[82.757,41.023],[82.794,40.979],[82.849,40.975],[82.886,40.946],[82.969,40.93],[82.993,40.906],[83.024,40.913],[83.047,40.932],[83.082,40.906],[83.116,40.921],[83.153,40.958],[83.216,40.968],[83.247,40.962],[83.281,40.982],[83.35,40.993],[83.358,40.979],[83.407,40.996],[83.517,40.999],[83.567,40.983],[83.603,40.995],[83.617,40.982],[83.676,40.995],[83.685,41.009],[83.699,41.0],[83.727,41.016],[83.751,41.009],[83.772,41.014],[83.781,41.009],[83.773,41.001],[83.775,40.982],[83.829,40.975],[83.857,40.962],[83.866,40.984],[83.959,41.009],[83.938,41.016],[83.955,41.03],[83.99,41.04],[84.0,41.057],[83.994,41.068],[84.016,41.089],[84.014,41.106],[84.073,41.111],[84.124,41.147],[84.143,41.136],[84.287,41.187],[84.323,41.208],[84.336,41.193],[84.376,41.192],[84.413,41.179],[84.487,41.195],[84.671,41.181],[84.713,41.188],[84.757,41.175],[84.938,41.156],[85.022,41.119],[85.124,41.05],[85.237,41.034],[85.261,41.009],[85.313,41.009],[85.352,40.993],[85.437,40.983],[85.501,40.962],[85.557,40.975],[85.594,41.005],[85.661,41.024],[85.706,41.05],[85.727,41.036],[85.74,41.057],[85.964,41.085],[86.015,41.078],[86.056,41.092],[86.123,41.066],[86.142,41.043],[86.259,41.027],[86.45,41.051],[86.509,41.043],[86.562,41.068],[86.557,41.092],[86.474,41.126],[86.44,41.153],[86.355,41.179],[86.323,41.216],[86.344,41.229],[86.351,41.222],[86.368,41.238],[86.371,41.258],[86.391,41.28],[86.385,41.29],[86.35,41.287],[86.317,41.27],[86.317,41.309],[86.296,41.318],[86.246,41.32],[86.234,41.325],[86.241,41.331],[86.221,41.338],[86.208,41.327],[86.198,41.331],[86.15,41.348],[86.112,41.379],[86.052,41.387],[86.056,41.373],[86.015,41.386],[86.009,41.373],[86.015,41.352],[85.977,41.4],[85.96,41.407],[85.908,41.392],[85.897,41.435],[85.84,41.469],[85.782,41.531],[85.775,41.614],[85.782,41.659],[85.799,41.691],[85.827,41.713],[85.87,41.738],[85.918,41.753],[85.96,41.742],[86.02,41.756],[86.141,41.751],[86.189,41.781],[86.207,41.824],[86.235,41.836],[86.265,41.835],[86.365,41.797],[86.396,41.803],[86.465,41.77],[86.495,41.777],[86.512,41.769],[86.558,41.796],[86.587,41.795],[86.612,41.784],[86.753,41.826]]}},{"type":"Feature","properties":{"sr":2.0},"geometry":{"type":"LineString","coordinates":[[94.084,33.156],[94.177,33.184],[94.305,33.153],[94.348,33.15],[94.448,33.163],[94.484,33.208],[94.526,33.218],[94.579,33.212],[94.628,33.186],[94.705,33.177],[94.766,33.191],[94.861,33.168],[94.958,33.088],[94.965,33.1],[95.009,33.081],[95.05,33.073],[95.081,33.054],[95.081,33.016],[95.095,32.974],[95.09,32.957],[95.104,32.942],[95.125,32.937],[95.136,32.944],[95.205,32.911],[95.218,32.896],[95.235,32.909],[95.252,32.907],[95.287,32.889],[95.35,32.879],[95.398,32.854],[95.523,32.855],[95.558,32.848],[95.614,32.806],[95.65,32.715],[95.718,32.69],[95.735,32.693],[95.781,32.662],[95.807,32.662],[95.872,32.6],[95.96,32.545],[95.985,32.538],[96.042,32.562],[96.181,32.571],[96.201,32.543],[96.239,32.526],[96.26,32.498],[96.311,32.488],[96.338,32.451],[96.362,32.434],[96.376,32.444],[96.428,32.402],[96.416,32.384],[96.425,32.359],[96.459,32.286],[96.489,32.264],[96.512,32.198],[96.533,32.166],[96.549,32.156],[96.601,32.147],[96.647,32.122],[96.671,32.129],[96.705,32.114],[96.743,32.122],[96.759,32.112],[96.769,32.065],[96.781,32.047],[96.823,32.049],[96.847,32.037],[96.842,32.002],[96.851,31.976],[96.918,31.957],[96.941,31.966]]}},{"type":"Feature","properties":{"sr":6.0},"geometry":{"type":"LineString","coordinates":[[103.716,29.559],[103.755,29.556],[103.812,29.372],[103.822,29.356],[103.87,29.328],[103.866,29.305],[103.848,29.29],[103.853,29.278],[103.903,29.263],[103.952,29.226],[103.97,29.169],[104.005,29.122],[104.021,29.116],[104.044,29.127],[104.084,29.084],[104.131,29.074],[104.175,29.038],[104.235,29.023],[104.247,29.001],[104.286,28.974],[104.274,28.902],[104.308,28.87],[104.454,28.797],[104.473,28.791],[104.511,28.798],[104.548,28.827],[104.599,28.784]]}},{"type":"Feature","properties":{"sr":7.0},"geometry":{"type":"MultiLineString","coordinates":[[[74.594,34.38],[74.569,34.398],[74.55,34.391],[74.541,34.375],[74.549,34.336],[74.544,34.314],[74.532,34.302]],[[73.598,33.321],[73.613,33.249],[73.669,33.188],[73.673,33.168],[73.643,33.142]]]}},{"type":"Feature","properties":{"sr":7.0},"geometry":{"type":"MultiLineString","coordinates":[[[74.532,34.302],[74.408,34.269],[74.376,34.25],[74.34,34.214],[74.299,34.207],[74.269,34.178],[74.229,34.178],[74.174,34.151],[74.119,34.15],[74.02,34.099],[73.975,34.112],[73.913,34.102],[73.881,34.114],[73.819,34.156],[73.785,34.166],[73.708,34.171],[73.627,34.203],[73.584,34.239],[73.513,34.324],[73.454,34.335],[73.488,34.198],[73.488,34.129],[73.516,34.007],[73.577,33.91],[73.58,33.876],[73.565,33.803],[73.593,33.745],[73.598,33.708],[73.575,33.663],[73.571,33.633],[73.612,33.592],[73.63,33.556],[73.629,33.53],[73.612,33.519],[73.625,33.451],[73.602,33.441],[73.592,33.411],[73.571,33.387],[73.574,33.369],[73.601,33.332],[73.598,33.321]],[[75.366,33.444],[75.353,33.485],[75.315,33.502],[75.25,33.554],[75.189,33.583],[75.174,33.616],[75.105,33.705],[75.119,33.742],[75.102,33.8],[75.02,33.88],[74.983,33.951],[74.916,33.965],[74.907,33.975],[74.9,34.015],[74.89,34.026],[74.717,34.14],[74.625,34.252],[74.619,34.27],[74.632,34.311],[74.63,34.333],[74.594,34.38]],[[73.643,33.142],[73.62,33.124],[73.638,33.102],[73.761,33.045],[73.778,33.018],[73.77,32.978],[73.728,32.94],[73.713,32.916],[73.612,32.841],[73.59,32.771],[73.533,32.707],[73.419,32.648],[73.33,32.628],[73.269,32.635],[73.267,32.607],[73.228,32.597],[73.066,32.581],[73.027,32.572],[72.976,32.544],[72.933,32.543],[72.775,32.456],[72.733,32.442],[72.611,32.436],[72.584,32.413],[72.536,32.402],[72.504,32.381],[72.463,32.336],[72.4,32.316],[72.373,32.289],[72.337,32.232],[72.294,32.078],[72.254,32.033],[72.24,32.006],[72.267,31.885],[72.255,31.861],[72.247,31.816],[72.223,31.771],[72.181,31.729],[72.167,31.697],[72.143,31.569],[72.138,31.498],[72.125,31.467],[72.139,31.409],[72.111,31.381],[72.129,31.266],[72.158,31.229],[72.159,31.217],[72.142,31.201],[72.139,31.183]]]}},{"type":"Feature","properties":{"sr":2.0},"geometry":{"type":"LineString","coordinates":[[96.941,31.966],[96.995,31.914],[96.993,31.855],[97.021,31.827],[97.013,31.789],[97.018,31.767],[97.081,31.695],[97.093,31.601],[97.123,31.594],[97.144,31.559],[97.18,31.541],[97.203,31.504],[97.204,31.483],[97.191,31.45],[97.219,31.371],[97.219,31.34],[97.212,31.328],[97.185,31.321],[97.157,31.282],[97.174,31.231],[97.2,31.196],[97.191,31.166],[97.198,31.085],[97.215,31.048],[97.289,31.019],[97.377,30.943],[97.356,30.857],[97.357,30.794],[97.379,30.732],[97.427,30.677],[97.482,30.645],[97.558,30.582],[97.629,30.452],[97.664,30.406],[97.679,30.395],[97.723,30.384],[97.828,30.284],[97.873,30.262],[97.879,30.24],[97.937,30.206],[97.952,30.165],[97.976,30.148],[97.981,30.132],[98.002,30.124],[97.993,30.107],[98.005,30.063],[98.016,30.041],[98.043,30.021],[98.062,29.956],[98.104,29.906],[98.113,29.875],[98.139,29.841],[98.144,29.812],[98.21,29.804],[98.261,29.723],[98.339,29.639],[98.348,29.623],[98.346,29.555],[98.416,29.417],[98.435,29.408],[98.435,29.356],[98.473,29.343],[98.479,29.327],[98.538,29.269],[98.614,29.168],[98.632,29.16],[98.584,29.045],[98.583,29.024],[98.621,28.983],[98.634,28.944],[98.638,28.879],[98.654,28.855],[98.653,28.826],[98.665,28.805],[98.685,28.709],[98.703,28.671],[98.775,28.572],[98.791,28.515],[98.851,28.401],[98.864,28.336],[98.843,28.27],[98.85,28.225],[98.885,28.151],[98.913,28.12],[98.915,28.096],[98.898,28.034],[98.901,28.011],[98.933,27.961],[99.019,27.884],[99.035,27.852],[99.035,27.818],[99.049,27.805],[99.042,27.78],[99.055,27.759],[99.047,27.743],[99.049,27.708],[99.007,27.688],[98.999,27.67],[99.018,27.606],[99.035,27.585],[99.031,27.572],[99.007,27.558],[99.042,27.469],[99.09,27.397],[99.093,27.358],[99.108,27.33],[99.103,27.277],[99.083,27.263],[99.089,27.243],[99.113,27.212],[99.147,27.198],[99.172,27.133],[99.15,27.017],[99.186,26.922],[99.186,26.886],[99.17,26.848],[99.157,26.836],[99.165,26.825],[99.141,26.772],[99.138,26.756],[99.16,26.719],[99.13,26.626],[99.137,26.607],[99.104,26.547],[99.11,26.526],[99.138,26.502],[99.145,26.482],[99.13,26.447],[99.145,26.41],[99.129,26.384],[99.145,26.34],[99.13,26.297],[99.138,26.187],[99.131,26.073],[99.152,25.995],[99.153,25.908],[99.165,25.866],[99.179,25.858],[99.196,25.817],[99.255,25.735],[99.281,25.63],[99.337,25.598],[99.358,25.57],[99.337,25.505],[99.35,25.475],[99.351,25.439],[99.344,25.426],[99.33,25.42],[99.297,25.433],[99.292,25.374],[99.31,25.355],[99.324,25.323],[99.367,25.279],[99.414,25.212],[99.473,25.165],[99.489,25.139],[99.508,25.133],[99.549,25.138],[99.579,25.118],[99.635,25.099],[99.731,24.978],[99.755,24.892],[99.827,24.858],[99.865,24.796],[99.893,24.771],[99.966,24.747],[100.077,24.733],[100.101,24.719],[100.116,24.671],[100.143,24.689],[100.169,24.724],[100.21,24.746],[100.323,24.769],[100.372,24.751],[100.427,24.707],[100.419,24.693],[100.434,24.691],[100.437,24.681],[100.433,24.656],[100.501,24.588],[100.508,24.576],[100.515,24.523],[100.546,24.511],[100.557,24.476],[100.557,24.465],[100.527,24.448],[100.517,24.42],[100.523,24.364],[100.517,24.271],[100.531,24.163],[100.52,24.123],[100.494,24.092],[100.454,24.076],[100.413,24.076],[100.382,24.063],[100.407,23.916],[100.396,23.895],[100.323,23.844],[100.289,23.765],[100.255,23.741],[100.179,23.631],[100.139,23.473],[100.117,23.449],[100.07,23.347],[100.083,23.271],[100.077,23.254],[100.043,23.212],[100.096,23.171],[100.114,23.165],[100.147,23.065],[100.182,23.05],[100.209,23.014],[100.227,23.003],[100.248,23.008],[100.269,22.95],[100.296,22.959],[100.292,22.916],[100.301,22.879],[100.362,22.777],[100.371,22.716],[100.365,22.672],[100.402,22.65],[100.513,22.552],[100.568,22.527],[100.575,22.438],[100.564,22.425],[100.595,22.387],[100.625,22.363],[100.659,22.315],[100.625,22.302],[100.609,22.279],[100.638,22.262],[100.671,22.256],[100.699,22.237],[100.714,22.175],[100.734,22.14],[100.721,22.109],[100.778,22.088],[100.763,22.072],[100.796,22.014],[100.831,22.007],[100.867,21.983],[100.875,21.944],[100.906,21.914],[100.918,21.861],[100.947,21.846],[101.03,21.849],[101.067,21.829],[101.069,21.794],[101.081,21.788],[101.174,21.815],[101.181,21.797],[101.119,21.767],[101.127,21.695],[101.161,21.659],[101.174,21.612],[101.154,21.568],[101.157,21.52],[101.003,21.406],[100.896,21.356],[100.851,21.315],[100.814,21.3],[100.792,21.298],[100.756,21.313],[100.725,21.312],[100.689,21.16],[100.625,21.054],[100.543,21.028],[100.557,20.992],[100.529,20.969],[100.517,20.907],[100.515,20.887],[100.534,20.874],[100.623,20.889],[100.652,20.883],[100.652,20.877],[100.599,20.834],[100.536,20.808],[100.383,20.832],[100.365,20.828],[100.329,20.786],[100.29,20.775],[100.211,20.698],[100.202,20.668],[100.173,20.622],[100.149,20.548],[100.121,20.389],[100.099,20.362],[100.103,20.264],[100.134,20.239],[100.152,20.239],[100.167,20.254],[100.167,20.293],[100.209,20.313],[100.22,20.349],[100.24,20.373],[100.27,20.392],[100.306,20.4],[100.344,20.39],[100.364,20.369],[100.421,20.25],[100.461,20.191],[100.529,20.15],[100.542,20.167],[100.555,20.17],[100.584,20.164],[100.594,20.128],[100.584,20.013],[100.593,19.819],[100.602,19.803],[100.632,19.816],[100.678,19.819],[100.749,19.858],[100.78,19.885],[100.806,19.892],[100.928,19.873],[100.975,19.86],[101.009,19.834],[101.022,19.856],[101.043,19.841],[101.06,19.846],[101.119,19.889],[101.142,19.884],[101.235,19.828],[101.258,19.821],[101.559,19.824],[101.597,19.831],[101.619,19.856],[101.607,19.863],[101.619,19.874],[101.667,19.895],[101.708,19.931],[101.865,19.958],[101.899,19.979],[101.95,20.034],[101.992,20.06],[102.047,20.054],[102.119,20.088],[102.158,20.092],[102.191,20.081],[102.217,20.057],[102.236,20.026],[102.247,19.988],[102.241,19.959],[102.222,19.936],[102.16,19.903],[102.118,19.864],[102.039,19.849],[102.012,19.806],[101.894,19.706],[101.886,19.687],[101.824,19.65],[101.815,19.615],[101.821,19.467],[101.841,19.441],[101.906,19.403],[101.866,19.36],[101.824,19.279],[101.831,19.201],[101.803,19.011],[101.817,18.964],[101.803,18.886],[101.809,18.87],[101.851,18.827],[101.862,18.793],[101.854,18.763],[101.824,18.704],[101.811,18.622],[101.764,18.55],[101.743,18.502],[101.708,18.471],[101.683,18.464],[101.66,18.471],[101.645,18.458],[101.615,18.406],[101.578,18.385],[101.571,18.355],[101.547,18.325],[101.481,18.294],[101.403,18.182],[101.399,18.141],[101.427,18.084],[101.433,18.012],[101.424,17.929],[101.456,17.877],[101.495,17.879],[101.504,17.876],[101.509,17.861],[101.551,17.875],[101.557,17.865],[101.537,17.821],[101.55,17.814],[101.564,17.821]]}},{"type":"Feature","properties":{"sr":2.0},"geometry":{"type":"LineString","coordinates":[[87.66,29.152],[87.676,29.154],[87.688,29.166],[87.668,29.2],[87.668,29.218],[87.684,29.238],[87.718,29.258],[87.742,29.302],[87.776,29.334],[87.907,29.364],[87.985,29.399],[88.09,29.384],[88.149,29.34],[88.169,29.337],[88.201,29.351],[88.213,29.373],[88.234,29.378],[88.26,29.364],[88.301,29.371],[88.343,29.336],[88.403,29.33],[88.496,29.364],[88.558,29.353],[88.832,29.344],[88.852,29.334],[88.873,29.344],[88.912,29.329],[88.979,29.381],[89.016,29.385],[89.056,29.349],[89.123,29.343],[89.143,29.349],[89.167,29.371],[89.205,29.357],[89.246,29.357],[89.281,29.378],[89.431,29.348],[89.568,29.371],[89.661,29.371],[89.695,29.364],[89.764,29.326],[89.812,29.323],[89.928,29.34],[90.014,29.368],[90.075,29.357],[90.138,29.36],[90.286,29.336],[90.397,29.289],[90.427,29.253],[90.582,29.285],[90.7,29.349],[90.74,29.355],[90.765,29.296],[90.781,29.297],[90.85,29.344],[90.891,29.344],[90.96,29.316],[90.99,29.331],[91.038,29.316],[91.115,29.335],[91.139,29.318],[91.303,29.285],[91.377,29.296],[91.436,29.291],[91.511,29.304],[91.57,29.305],[91.663,29.287],[91.709,29.295],[91.769,29.289],[91.866,29.308],[91.95,29.293],[91.963,29.273],[91.993,29.261],[92.025,29.268],[92.039,29.289],[92.059,29.3],[92.129,29.305],[92.271,29.252],[92.357,29.237],[92.398,29.271],[92.422,29.269],[92.474,29.254],[92.525,29.159],[92.593,29.161],[92.581,29.131],[92.594,29.117],[92.615,29.134],[92.664,29.14],[92.688,29.136],[92.736,29.096],[92.87,29.097],[92.889,29.093],[92.939,29.06],[92.995,29.054],[93.043,29.065],[93.106,29.129],[93.122,29.116],[93.121,29.084],[93.149,29.038],[93.159,29.031],[93.197,29.031],[93.234,29.01],[93.283,29.004],[93.317,29.01],[93.348,29.03],[93.475,29.186],[93.621,29.182],[93.632,29.161],[93.687,29.17],[93.731,29.156],[93.778,29.17],[93.849,29.156],[93.879,29.165],[93.912,29.196],[93.969,29.205],[94.026,29.226],[94.079,29.228],[94.126,29.215],[94.18,29.217],[94.356,29.31]]}},{"type":"Feature","properties":{"sr":2.0},"geometry":{"type":"MultiLineString","coordinates":[[[103.09,18.137],[103.126,18.152],[103.138,18.167],[103.151,18.222],[103.168,18.25],[103.295,18.288],[103.29,18.305],[103.24,18.336],[103.233,18.356],[103.261,18.4],[103.307,18.426],[103.396,18.442],[103.47,18.422],[103.548,18.416],[103.607,18.401],[103.695,18.353],[103.801,18.338],[103.832,18.321],[103.857,18.287],[103.874,18.283],[103.929,18.328],[103.975,18.331],[104.0,18.319],[104.068,18.216],[104.122,18.095],[104.21,18.009],[104.27,17.874],[104.352,17.82],[104.409,17.734],[104.422,17.7],[104.452,17.666],[104.481,17.641],[104.702,17.528],[104.756,17.45],[104.792,17.424],[104.819,17.361],[104.818,17.24],[104.809,17.172],[104.74,17.003],[104.749,16.911],[104.766,16.868],[104.757,16.799],[104.779,16.705],[104.753,16.615],[104.749,16.55],[104.765,16.512],[104.839,16.468],[104.869,16.439],[104.908,16.354],[105.0,16.288]],[[101.564,17.821],[101.575,17.84],[101.577,17.868],[101.6,17.855],[101.619,17.885],[101.636,17.895],[101.729,17.912],[101.765,18.04],[101.79,18.074],[101.884,18.031],[101.904,18.037],[102.078,18.214],[102.153,18.21],[102.172,18.201],[102.191,18.152],[102.233,18.124],[102.306,18.052],[102.336,18.037],[102.366,18.039],[102.412,17.994],[102.445,17.978],[102.567,17.971],[102.599,17.955],[102.612,17.915],[102.595,17.841],[102.683,17.81],[102.667,17.85],[102.673,17.866],[102.737,17.891],[102.774,17.923],[102.852,17.972],[102.955,18.012],[103.02,17.984],[103.038,17.991],[103.073,18.036],[103.066,18.112],[103.071,18.126],[103.092,18.141]],[[105.0,11.843],[104.98,11.819],[105.0,11.794]],[[105.0,11.745],[104.96,11.708],[104.947,11.685],[104.955,11.636],[104.952,11.595]],[[104.95,11.593],[104.951,11.59]],[[104.951,11.591],[104.951,11.59]],[[104.951,11.59],[104.974,11.561],[105.0,11.55]],[[104.951,11.59],[104.957,11.559],[104.94,11.532],[104.943,11.494],[104.963,11.471],[105.0,11.465]]]}},{"type":"Feature","properties":{"sr":2.0},"geometry":{"type":"LineString","coordinates":[[94.356,29.31],[94.417,29.354],[94.483,29.428],[94.541,29.448],[94.582,29.482],[94.655,29.489],[94.707,29.464],[94.817,29.492],[94.875,29.541],[94.924,29.61],[94.926,29.622],[94.886,29.633],[94.89,29.646],[94.917,29.669],[94.911,29.684],[94.892,29.697],[94.904,29.716],[94.955,29.757],[95.066,29.766],[95.116,29.759],[95.125,29.764],[95.124,29.782],[95.092,29.814],[95.108,29.858],[95.129,29.88],[95.195,29.893],[95.207,29.874],[95.224,29.867],[95.296,29.863],[95.308,29.844],[95.284,29.819],[95.288,29.811],[95.369,29.784],[95.384,29.771],[95.38,29.717],[95.396,29.688],[95.388,29.595],[95.402,29.563],[95.426,29.537],[95.437,29.464],[95.313,29.33],[95.255,29.288],[95.202,29.279],[95.101,29.212],[95.065,29.196],[95.044,29.177],[95.001,29.168],[94.998,29.13],[94.909,29.051],[94.905,29.021],[94.863,28.992],[94.831,28.95],[94.789,28.935],[94.773,28.854],[94.793,28.824],[94.915,28.821],[94.924,28.806],[94.913,28.793],[94.914,28.774],[94.927,28.743],[94.976,28.712],[94.977,28.683],[94.983,28.675],[94.999,28.682],[95.032,28.616],[95.098,28.539],[95.104,28.507],[95.09,28.456],[95.092,28.406],[95.013,28.327],[94.993,28.286],[94.99,28.251],[95.019,28.215],[95.032,28.174],[95.066,28.156],[95.13,28.148],[95.16,28.155],[95.2,28.178],[95.255,28.168],[95.281,28.149],[95.293,28.115],[95.316,28.089],[95.393,28.054],[95.396,28.003]]}},{"type":"Feature","properties":{"sr":2.0},"geometry":{"type":"MultiLineString","coordinates":[[[95.396,28.003],[95.402,27.972],[95.419,27.942],[95.462,27.897],[95.472,27.871],[95.459,27.844],[95.437,27.825],[95.417,27.825],[95.383,27.794],[95.33,27.772],[95.293,27.743],[95.098,27.691],[95.081,27.64],[95.117,27.681],[95.136,27.688],[95.148,27.664],[95.139,27.63],[95.102,27.61],[95.025,27.607],[94.992,27.599],[94.944,27.569],[94.917,27.572],[94.868,27.503],[94.818,27.5],[94.762,27.458],[94.752,27.449],[94.769,27.435],[94.758,27.419],[94.65,27.352],[94.67,27.339],[94.663,27.324],[94.646,27.328],[94.632,27.316],[94.615,27.277],[94.635,27.299],[94.663,27.311],[94.681,27.306],[94.677,27.282],[94.663,27.27],[94.648,27.273],[94.615,27.249],[94.601,27.194],[94.588,27.208],[94.588,27.229],[94.571,27.218],[94.566,27.14],[94.555,27.101],[94.519,27.106],[94.501,27.097],[94.471,27.07],[94.448,27.059],[94.444,27.027],[94.432,27.008],[94.4,26.981],[94.351,26.965],[94.308,26.928],[94.265,26.919],[94.197,26.924],[94.165,26.897],[94.149,26.866],[94.122,26.852],[94.122,26.866],[94.115,26.858],[94.113,26.869],[94.135,26.907],[94.113,26.912],[94.063,26.879],[93.927,26.832],[93.863,26.766],[93.752,26.732],[93.657,26.715],[93.617,26.725],[93.568,26.752],[93.44,26.768],[93.411,26.76],[93.368,26.718],[93.313,26.74],[93.274,26.737],[93.183,26.674],[93.119,26.647],[93.087,26.656],[93.019,26.646],[92.898,26.654],[92.884,26.651],[92.875,26.626],[92.854,26.612],[92.711,26.611],[92.657,26.591],[92.623,26.533],[92.595,26.518],[92.508,26.516],[92.402,26.536],[92.245,26.472],[92.23,26.441],[92.203,26.455],[92.173,26.443],[92.124,26.403],[92.076,26.38],[92.066,26.372],[92.069,26.326],[92.057,26.303],[91.997,26.287],[91.971,26.272],[91.925,26.268],[91.891,26.239],[91.846,26.239],[91.692,26.172],[91.665,26.166],[91.607,26.171],[91.529,26.141],[91.498,26.14],[91.391,26.17],[91.288,26.166],[91.198,26.203],[91.136,26.214],[91.062,26.187],[90.964,26.174],[90.887,26.135],[90.85,26.13],[90.831,26.135],[90.807,26.154],[90.74,26.163],[90.682,26.19],[90.49,26.229],[90.46,26.215],[90.421,26.168],[90.346,26.148],[90.294,26.12],[90.242,26.113],[90.177,26.077],[89.954,26.011],[89.904,25.942],[89.846,25.889],[89.813,25.816],[89.737,25.692],[89.723,25.631],[89.698,25.573],[89.708,25.483],[89.697,25.399],[89.671,25.324],[89.701,25.266],[89.703,25.242],[89.697,25.22],[89.658,25.164],[89.626,25.075],[89.614,24.937],[89.658,24.87],[89.674,24.792],[89.716,24.726],[89.732,24.652],[89.768,24.55],[89.749,24.371],[89.755,24.283],[89.733,24.224],[89.743,24.193],[89.74,24.123],[89.697,24.016],[89.7,23.958],[89.726,23.884],[89.786,23.797],[89.855,23.747],[89.909,23.674],[89.985,23.644],[90.143,23.545],[90.25,23.462]],[[89.755,24.274],[89.807,24.227],[89.808,24.199],[89.826,24.195],[89.832,24.166],[89.826,24.138],[89.836,24.131],[89.884,24.131],[89.907,24.089],[89.931,24.085],[89.97,24.035],[90.051,24.035],[90.045,24.022],[90.095,24.006],[90.103,23.968],[90.115,23.956],[90.16,23.926],[90.175,23.933],[90.212,23.916],[90.238,23.88],[90.25,23.836],[90.22,23.729],[90.257,23.728],[90.303,23.757],[90.315,23.751],[90.36,23.706],[90.422,23.686],[90.467,23.644],[90.476,23.631],[90.457,23.626],[90.458,23.609],[90.476,23.583]]]}},{"type":"Feature","properties":{"sr":7.0},"geometry":{"type":"LineString","coordinates":[[80.941,31.392],[80.921,31.382],[80.862,31.388],[80.821,31.375],[80.736,31.382],[80.675,31.447],[80.632,31.472],[80.53,31.467],[80.489,31.47],[80.452,31.486],[80.424,31.518],[80.389,31.621],[80.341,31.663],[80.311,31.712],[80.293,31.77],[80.216,31.853],[80.185,31.87],[80.132,31.996],[80.067,32.081],[80.043,32.146],[79.937,32.238],[79.904,32.304],[79.811,32.394],[79.732,32.426],[79.701,32.45],[79.683,32.498]]}},{"type":"Feature","properties":{"sr":3.0},"geometry":{"type":"MultiLineString","coordinates":[[[79.841,30.888],[79.814,30.84],[79.813,30.82],[79.841,30.751],[79.841,30.724],[79.875,30.689],[79.847,30.676],[79.825,30.637],[79.779,30.595],[79.738,30.524],[79.715,30.508],[79.655,30.502],[79.569,30.567],[79.546,30.573],[79.523,30.564],[79.436,30.482],[79.409,30.439],[79.389,30.422],[79.321,30.398],[79.307,30.346],[79.269,30.304],[79.205,30.277],[79.178,30.282],[79.162,30.299],[79.137,30.304],[79.001,30.306],[78.803,30.236],[78.78,30.238],[78.755,30.23],[78.696,30.244],[78.643,30.204],[78.594,30.145],[78.579,30.098],[78.586,30.073],[78.463,30.073],[78.442,30.081],[78.422,30.122],[78.405,30.132],[78.367,30.127],[78.345,30.139],[78.32,30.141],[78.286,30.097],[78.28,30.072],[78.164,29.95],[78.155,29.925],[78.161,29.877],[78.19,29.793],[78.198,29.748],[78.189,29.707],[78.155,29.675],[78.09,29.642],[78.042,29.635],[78.019,29.619],[77.99,29.572],[77.992,29.531],[78.052,29.435],[78.052,29.374],[78.082,29.345],[78.072,29.326],[78.117,29.251],[78.114,29.223],[78.121,29.192],[78.08,29.141],[78.072,28.969],[78.106,28.914],[78.096,28.887],[78.1,28.856],[78.093,28.836],[78.127,28.812],[78.124,28.778],[78.183,28.693],[78.176,28.62],[78.195,28.57],[78.265,28.489],[78.279,28.442],[78.265,28.421],[78.279,28.401],[78.264,28.372],[78.281,28.345],[78.29,28.307],[78.383,28.222],[78.441,28.151],[78.463,28.106],[78.544,28.045],[78.585,28.033],[78.626,27.99],[78.712,27.969],[78.76,27.946],[78.806,27.941],[78.895,27.913],[78.939,27.883],[78.957,27.838],[78.981,27.827],[79.033,27.832],[79.076,27.816],[79.13,27.828],[79.156,27.818],[79.193,27.736],[79.204,27.691],[79.332,27.637],[79.369,27.634],[79.41,27.647],[79.465,27.587],[79.516,27.555],[79.555,27.542],[79.566,27.475],[79.611,27.438],[79.622,27.418],[79.632,27.341],[79.649,27.311],[79.684,27.276],[79.698,27.242],[79.766,27.202],[79.838,27.145],[79.865,27.14],[79.912,27.148],[79.93,27.144],[80.008,27.027],[80.009,26.971],[80.108,26.874],[80.122,26.781],[80.142,26.742],[80.186,26.707],[80.231,26.696],[80.245,26.682],[80.297,26.549],[80.336,26.53],[80.348,26.488],[80.403,26.442],[80.51,26.381],[80.526,26.365],[80.559,26.238],[80.595,26.222],[80.598,26.175],[80.673,26.115],[80.69,26.105],[80.728,26.112],[80.75,26.106],[80.797,26.073],[80.795,26.04],[80.814,26.03],[80.853,26.058],[80.962,26.077],[81.011,26.071],[81.033,26.061],[81.048,26.044],[81.065,26.0],[81.118,25.972],[81.187,25.955],[81.204,25.939],[81.214,25.883],[81.225,25.869],[81.294,25.845],[81.359,25.786],[81.393,25.772],[81.403,25.759],[81.382,25.728],[81.377,25.704],[81.383,25.682],[81.4,25.666],[81.441,25.655],[81.464,25.636],[81.513,25.631],[81.531,25.6],[81.554,25.585],[81.599,25.591],[81.63,25.587],[81.657,25.529],[81.705,25.495],[81.745,25.496],[81.778,25.478],[81.842,25.502],[81.908,25.512],[81.917,25.498],[81.899,25.438],[81.903,25.413],[81.938,25.345],[81.97,25.324],[81.991,25.321],[82.043,25.336],[82.075,25.317],[82.088,25.279],[82.112,25.276],[82.159,25.31],[82.181,25.317],[82.215,25.302],[82.217,25.28],[82.196,25.219],[82.202,25.19],[82.216,25.184],[82.273,25.194],[82.225,25.22],[82.266,25.271],[82.291,25.276],[82.312,25.263],[82.328,25.215],[82.349,25.214],[82.372,25.253],[82.383,25.262],[82.397,25.261],[82.441,25.231],[82.497,25.17],[82.551,25.158],[82.578,25.161],[82.593,25.173],[82.568,25.218],[82.586,25.225],[82.637,25.22],[82.779,25.125],[82.836,25.119],[82.871,25.137],[82.92,25.195],[83.008,25.211],[83.025,25.246],[83.006,25.289],[83.042,25.323],[83.135,25.326],[83.171,25.351],[83.18,25.379],[83.178,25.41],[83.163,25.436],[83.123,25.452],[83.186,25.529],[83.213,25.535],[83.326,25.475],[83.383,25.495],[83.409,25.487],[83.483,25.423],[83.53,25.402],[83.544,25.412],[83.541,25.439],[83.491,25.517],[83.559,25.548],[83.617,25.598],[83.664,25.611],[83.693,25.615],[83.706,25.608],[83.735,25.586],[83.754,25.529],[83.772,25.517],[83.898,25.524],[83.918,25.549],[84.003,25.608],[84.058,25.674],[84.143,25.736],[84.18,25.746],[84.213,25.728],[84.23,25.681],[84.254,25.68],[84.308,25.739],[84.373,25.765],[84.438,25.719],[84.487,25.701],[84.56,25.702],[84.596,25.693],[84.617,25.702],[84.668,25.706],[84.729,25.75],[84.749,25.753],[84.881,25.708],[84.974,25.735],[85.059,25.728],[85.086,25.721],[85.124,25.659],[85.143,25.642],[85.183,25.638],[85.237,25.618],[85.284,25.554],[85.333,25.538],[85.369,25.514],[85.388,25.508],[85.421,25.517],[85.515,25.585],[85.577,25.508],[85.652,25.463],[85.738,25.511],[85.779,25.516],[85.831,25.505],[85.997,25.38],[86.019,25.359],[86.028,25.334],[86.116,25.331],[86.186,25.319],[86.241,25.33],[86.274,25.318],[86.306,25.293],[86.378,25.31],[86.415,25.331],[86.446,25.362],[86.507,25.463],[86.534,25.483],[86.564,25.485],[86.591,25.461],[86.579,25.419],[86.58,25.375],[86.591,25.335],[86.611,25.304],[86.65,25.273],[86.694,25.256],[86.74,25.256],[86.782,25.276],[86.835,25.326],[86.868,25.348],[86.89,25.35],[86.996,25.278],[87.047,25.269],[87.077,25.254],[87.108,25.262],[87.16,25.228],[87.19,25.23],[87.218,25.248],[87.239,25.275],[87.282,25.356],[87.304,25.377],[87.351,25.399],[87.382,25.392],[87.444,25.406],[87.478,25.404],[87.512,25.382],[87.536,25.32],[87.57,25.304],[87.599,25.267],[87.681,25.245],[87.75,25.248],[87.77,25.237],[87.784,25.214],[87.769,25.159],[87.781,25.09],[87.861,25.031],[87.894,25.021],[87.916,25.002],[87.944,25.001],[87.954,24.988],[87.961,24.966],[87.958,24.944],[87.909,24.878],[87.911,24.844],[87.948,24.796],[87.945,24.755],[87.959,24.717],[88.006,24.656],[88.057,24.634],[88.081,24.6],[88.086,24.537],[88.119,24.494],[88.151,24.472],[88.191,24.461],[88.236,24.463],[88.308,24.486],[88.387,24.389],[88.444,24.351],[88.506,24.358],[88.516,24.367],[88.681,24.334],[88.714,24.316],[88.737,24.287],[88.749,24.223],[88.731,24.19],[88.751,24.153],[88.805,24.122],[88.824,24.119],[88.907,24.151],[88.931,24.172],[88.96,24.167],[89.037,24.095],[89.07,24.038],[89.068,23.996],[89.089,23.977]],[[87.938,24.806],[87.92,24.782],[87.92,24.727],[87.941,24.619],[88.057,24.516],[88.05,24.505],[88.078,24.456],[88.119,24.447],[88.113,24.409],[88.126,24.399],[88.15,24.406],[88.156,24.372],[88.212,24.341],[88.217,24.324],[88.239,24.323],[88.252,24.312],[88.239,24.307],[88.229,24.289],[88.253,24.271],[88.26,24.228],[88.257,24.141],[88.232,24.07],[88.221,24.061],[88.21,24.016],[88.195,24.001],[88.229,23.988],[88.229,23.98],[88.203,23.981],[88.199,23.973],[88.208,23.95],[88.224,23.84],[88.239,23.813],[88.238,23.775],[88.228,23.756],[88.208,23.761],[88.2,23.742],[88.16,23.7],[88.147,23.658],[88.148,23.634],[88.219,23.607],[88.229,23.607],[88.224,23.635],[88.236,23.638],[88.257,23.603],[88.248,23.59],[88.264,23.577],[88.288,23.582],[88.325,23.61],[88.33,23.592],[88.321,23.574],[88.283,23.549],[88.295,23.536],[88.352,23.535],[88.365,23.524],[88.355,23.457],[88.341,23.438],[88.376,23.414],[88.379,23.391],[88.367,23.346],[88.343,23.341],[88.341,23.334],[88.348,23.27],[88.366,23.261],[88.392,23.216],[88.457,23.212],[88.468,23.193],[88.447,23.142],[88.492,23.119],[88.496,23.107],[88.468,23.063],[88.492,23.057],[88.495,23.049],[88.475,23.038],[88.451,23.039],[88.44,23.028],[88.448,23.021],[88.418,22.987],[88.407,22.946]],[[88.429,24.356],[88.422,24.333],[88.442,24.315],[88.453,24.283],[88.483,24.264],[88.499,24.272],[88.518,24.263],[88.537,24.23],[88.54,24.199],[88.509,24.199],[88.513,24.189],[88.53,24.18],[88.523,24.144],[88.538,24.137],[88.565,24.145],[88.571,24.117],[88.62,24.108],[88.633,24.07],[88.646,24.083],[88.647,24.036],[88.633,23.988],[88.701,23.98],[88.709,23.967],[88.747,23.967],[88.77,23.954],[88.787,23.962],[88.853,23.925],[88.863,23.908],[88.863,23.89],[88.846,23.878],[88.873,23.871],[88.859,23.851],[88.87,23.7],[88.856,23.678],[88.842,23.686],[88.827,23.681],[88.832,23.641],[88.826,23.637],[88.797,23.627],[88.774,23.634],[88.764,23.627],[88.762,23.613],[88.77,23.597],[88.74,23.586],[88.74,23.564],[88.759,23.549],[88.794,23.485],[88.828,23.487],[88.835,23.43],[88.866,23.439],[88.896,23.472],[88.907,23.473],[88.907,23.426],[88.889,23.413],[88.894,23.405],[88.931,23.405],[88.939,23.397],[88.929,23.369],[88.914,23.378],[88.905,23.362],[88.97,23.358],[88.989,23.367],[88.995,23.388],[88.968,23.405],[88.974,23.417],[89.016,23.385],[89.01,23.371],[89.023,23.357],[89.015,23.283],[89.021,23.262],[88.996,23.234],[88.997,23.223],[89.013,23.21],[89.023,23.22],[89.037,23.212],[89.055,23.183],[89.041,23.174],[89.075,23.141],[89.119,23.076],[89.098,23.047],[89.078,22.999],[89.082,22.977],[89.112,22.978],[89.119,22.967],[89.091,22.949],[89.093,22.934],[89.13,22.93],[89.137,22.894],[89.119,22.898],[89.112,22.89],[89.126,22.871],[89.135,22.826],[89.144,22.822],[89.154,22.83],[89.16,22.823],[89.15,22.812],[89.154,22.795],[89.191,22.812],[89.193,22.803],[89.174,22.767],[89.189,22.775],[89.201,22.747],[89.242,22.732],[89.256,22.737],[89.312,22.693],[89.304,22.679],[89.263,22.706],[89.269,22.682],[89.304,22.638],[89.292,22.625],[89.293,22.6]],[[89.088,23.978],[89.089,23.977]],[[89.089,23.977],[89.159,23.934],[89.186,23.929],[89.269,23.937],[89.321,23.93],[89.467,23.865],[89.53,23.819],[89.556,23.815],[89.62,23.844],[89.709,23.857],[89.754,23.845],[89.749,23.848]],[[89.089,23.977],[89.105,23.934],[89.177,23.882],[89.188,23.859],[89.211,23.854],[89.25,23.816],[89.262,23.752],[89.311,23.72],[89.353,23.672],[89.411,23.679],[89.421,23.674],[89.493,23.58],[89.51,23.547],[89.526,23.537],[89.497,23.514],[89.503,23.487],[89.519,23.508],[89.548,23.506],[89.599,23.473],[89.626,23.371],[89.599,23.385],[89.598,23.353],[89.612,23.315],[89.638,23.288],[89.667,23.289],[89.628,23.24],[89.681,23.227],[89.68,23.189],[89.695,23.171],[89.707,23.17],[89.736,23.185],[89.756,23.171],[89.753,23.162],[89.734,23.153],[89.711,23.119],[89.681,23.138],[89.685,23.11],[89.698,23.097],[89.723,23.09],[89.757,23.028],[89.818,22.967],[89.833,22.932],[89.943,22.857],[90.007,22.75],[90.013,22.667],[90.024,22.651],[90.014,22.596],[90.024,22.548],[90.01,22.49]],[[90.087,23.579],[90.069,23.512],[90.112,23.439],[90.093,23.428],[90.082,23.389],[90.065,23.391],[90.074,23.378],[90.116,23.369],[90.134,23.298],[90.121,23.29],[90.099,23.302],[90.099,23.261],[90.116,23.28],[90.128,23.278],[90.141,23.268],[90.145,23.237],[90.213,23.225],[90.222,23.212],[90.213,23.191]],[[90.213,23.191],[90.192,23.171],[90.172,23.179],[90.177,23.199],[90.209,23.197],[90.213,23.191]],[[90.213,23.191],[90.25,23.175],[90.255,23.15],[90.243,23.124],[90.294,23.117],[90.319,23.106],[90.332,23.09],[90.325,23.09],[90.331,23.075],[90.301,23.059],[90.292,23.043],[90.325,23.038],[90.317,23.005],[90.356,22.975],[90.385,22.934],[90.387,22.918],[90.366,22.901],[90.365,22.846],[90.379,22.793],[90.394,22.775]],[[88.407,22.946],[88.496,22.934],[88.537,22.98],[88.556,22.985],[88.586,22.971],[88.616,22.97],[88.623,22.945],[88.633,22.939],[88.655,22.946],[88.724,22.943],[88.739,22.935],[88.756,22.87],[88.773,22.855],[88.828,22.849],[88.853,22.83],[88.852,22.811],[88.838,22.795],[88.851,22.783],[88.841,22.746],[88.83,22.737],[88.814,22.74],[88.813,22.721],[88.868,22.664],[88.88,22.658],[88.93,22.659],[88.942,22.638],[88.956,22.585],[88.95,22.562],[88.928,22.548],[88.971,22.528],[88.998,22.451],[89.002,22.428],[88.989,22.387],[89.001,22.334],[89.023,22.295],[89.009,22.286],[89.062,22.212],[89.076,22.175],[89.078,22.151],[89.06,22.131]],[[88.407,22.946],[88.398,22.897],[88.345,22.778],[88.366,22.699],[88.357,22.613],[88.342,22.576],[88.317,22.555],[88.251,22.554],[88.238,22.522],[88.207,22.517],[88.187,22.487],[88.133,22.469],[88.126,22.456],[88.14,22.399],[88.107,22.384],[88.103,22.314],[88.071,22.235]],[[88.406,22.946],[88.407,22.946]],[[89.293,22.6],[89.273,22.636],[89.257,22.633],[89.256,22.607],[89.27,22.581],[89.251,22.553],[89.252,22.512],[89.291,22.466],[89.271,22.459],[89.258,22.444],[89.255,22.424],[89.263,22.404],[89.252,22.393],[89.253,22.381],[89.277,22.356],[89.266,22.337],[89.275,22.313],[89.296,22.291],[89.318,22.281],[89.306,22.242],[89.342,22.131],[89.387,22.087],[89.345,22.021],[89.352,21.972]],[[89.293,22.6],[89.293,22.598]],[[89.476,22.295],[89.444,22.334],[89.431,22.465],[89.421,22.492],[89.426,22.534],[89.394,22.576],[89.345,22.603],[89.313,22.587],[89.297,22.589],[89.293,22.6]]]}},{"type":"Feature","properties":{"sr":3.0},"geometry":{"type":"LineString","coordinates":[[72.782,34.623],[72.802,34.577],[72.789,34.514],[72.826,34.498],[72.837,34.481],[72.828,34.393],[72.845,34.355],[72.852,34.288],[72.833,34.168],[72.789,34.128],[72.707,34.086]]}},{"type":"Feature","properties":{"sr":3.0},"geometry":{"type":"MultiLineString","coordinates":[[[72.707,34.086],[72.667,34.059],[72.633,34.014],[72.467,34.02],[72.431,34.011],[72.348,33.961],[72.24,33.938],[72.226,33.901],[72.241,33.805],[72.234,33.766],[72.211,33.776],[72.186,33.766],[72.087,33.79],[72.063,33.766],[72.022,33.746],[71.974,33.65],[71.972,33.598],[71.953,33.571],[71.953,33.526],[71.902,33.489],[71.874,33.443],[71.878,33.423],[71.851,33.404],[71.797,33.4],[71.741,33.376],[71.723,33.355],[71.725,33.319],[71.699,33.273],[71.703,33.257],[71.721,33.246],[71.713,33.246],[71.751,33.205],[71.754,33.184],[71.75,33.163],[71.713,33.111],[71.718,33.029],[71.699,33.023],[71.685,32.999],[71.649,32.979],[71.534,32.949],[71.507,32.915],[71.448,32.887],[71.426,32.835],[71.405,32.809],[71.412,32.726],[71.396,32.709],[71.355,32.689],[71.326,32.637],[71.323,32.594],[71.351,32.525],[71.341,32.415],[71.283,32.34],[71.276,32.293],[71.247,32.244],[71.229,32.182],[71.216,32.165],[71.168,32.141],[71.123,32.094],[71.112,32.039],[71.055,31.982],[71.037,31.94],[70.993,31.898],[70.967,31.819],[70.899,31.71],[70.903,31.664],[70.827,31.489],[70.791,31.426],[70.768,31.25],[70.784,31.195],[70.789,31.138],[70.819,31.078],[70.835,30.948],[70.815,30.873],[70.757,30.802],[70.75,30.774],[70.771,30.677],[70.83,30.599],[70.848,30.542],[70.849,30.503],[70.815,30.364],[70.78,30.331],[70.774,30.316],[70.781,30.281],[70.816,30.22],[70.802,30.109],[70.835,30.053],[70.834,29.947],[70.844,29.9],[70.824,29.841],[70.775,29.809],[70.755,29.758],[70.701,29.697],[70.663,29.668],[70.635,29.601],[70.636,29.564],[70.645,29.546],[70.693,29.521],[70.7,29.506],[70.701,29.438],[70.72,29.4],[70.709,29.367],[70.681,29.325],[70.672,29.255],[70.648,29.215],[70.652,29.174],[70.668,29.124],[70.66,29.059],[70.642,29.044],[70.565,29.023],[70.466,28.916],[70.374,28.915],[70.35,28.895],[70.334,28.848],[70.276,28.793],[70.144,28.739],[70.096,28.683],[70.043,28.659],[70.029,28.598],[70.003,28.587],[69.927,28.577],[69.882,28.542],[69.802,28.528],[69.762,28.509],[69.746,28.49],[69.717,28.401],[69.669,28.366],[69.645,28.321],[69.573,28.25],[69.488,28.216],[69.42,28.232],[69.379,28.152],[69.366,28.146],[69.338,28.15],[69.288,28.17],[69.251,28.129],[69.181,28.119],[69.169,28.11],[69.153,28.073],[69.131,28.056],[69.035,28.063],[69.036,28.035],[69.026,28.002],[68.999,27.972],[68.923,27.984],[68.92,27.963],[68.954,27.915],[68.95,27.868],[68.883,27.849],[68.87,27.838],[68.861,27.808],[68.863,27.795],[68.878,27.783],[68.941,27.759],[68.956,27.746],[68.952,27.726],[68.933,27.71],[68.836,27.668],[68.791,27.667],[68.75,27.7],[68.717,27.767],[68.699,27.785],[68.677,27.79],[68.658,27.782],[68.654,27.721],[68.647,27.711],[68.623,27.703],[68.566,27.71],[68.511,27.665],[68.489,27.662],[68.45,27.677],[68.417,27.627],[68.353,27.618],[68.325,27.581],[68.291,27.557],[68.289,27.535],[68.326,27.499],[68.331,27.478],[68.297,27.419],[68.327,27.374],[68.317,27.364],[68.297,27.361],[68.233,27.37],[68.21,27.363],[68.153,27.301],[68.146,27.279],[68.162,27.26],[68.205,27.236],[68.202,27.215],[68.182,27.202],[68.109,27.199],[68.094,27.186],[68.121,27.121],[68.113,27.094],[68.051,27.022],[67.976,26.97],[67.955,26.962],[67.922,26.972],[67.913,26.966],[67.908,26.947],[67.917,26.903],[67.892,26.833],[67.905,26.768],[67.902,26.717],[67.885,26.682],[67.879,26.644],[67.885,26.625],[67.926,26.574],[67.927,26.499],[67.914,26.442],[67.886,26.402],[67.89,26.386],[67.927,26.344],[67.939,26.269],[67.953,26.255],[68.012,26.238],[68.04,26.191],[68.11,26.166],[68.132,26.135],[68.127,26.079],[68.136,26.062],[68.221,26.0],[68.271,25.903],[68.318,25.878],[68.347,25.848],[68.391,25.827],[68.398,25.81],[68.386,25.795],[68.331,25.766],[68.322,25.751],[68.323,25.733],[68.353,25.703],[68.416,25.679],[68.426,25.661],[68.382,25.621],[68.379,25.603],[68.394,25.568],[68.393,25.549],[68.38,25.535],[68.326,25.513],[68.314,25.499],[68.328,25.451],[68.31,25.395],[68.344,25.353],[68.349,25.279],[68.344,25.266],[68.308,25.236],[68.301,25.208],[68.312,25.188],[68.356,25.165],[68.371,25.142],[68.358,25.132],[68.307,25.136],[68.295,25.129],[68.287,25.093],[68.266,25.054],[68.274,24.993],[68.261,24.969],[68.237,24.968],[68.215,25.003],[68.198,25.006],[68.165,24.984],[68.135,24.941],[68.132,24.925],[68.146,24.889],[68.141,24.874],[68.115,24.866],[68.061,24.877],[68.044,24.868],[68.038,24.853],[68.053,24.81],[68.047,24.791],[68.001,24.732],[67.97,24.656],[67.969,24.641],[68.011,24.587],[68.002,24.562],[67.958,24.524],[67.974,24.464],[67.97,24.443],[67.957,24.431],[67.92,24.437],[67.843,24.412],[67.842,24.403],[67.868,24.366],[67.87,24.346],[67.855,24.333],[67.805,24.348],[67.788,24.346],[67.785,24.336],[67.794,24.315],[67.826,24.285],[67.825,24.255],[67.807,24.252],[67.778,24.271],[67.767,24.269],[67.758,24.261],[67.753,24.205],[67.738,24.174],[67.72,24.164],[67.677,24.176],[67.655,24.159],[67.651,24.143],[67.664,24.106]],[[79.437,32.738],[79.357,32.851],[79.327,32.868],[79.309,32.928],[79.284,32.94],[79.269,32.958],[79.182,32.989],[79.101,33.081],[78.955,33.201],[78.936,33.211],[78.915,33.21],[78.787,33.15],[78.711,33.165],[78.577,33.211],[78.549,33.246],[78.434,33.282],[78.406,33.299],[78.353,33.355],[78.291,33.366],[78.196,33.433],[78.152,33.469],[78.158,33.525],[78.15,33.567],[78.101,33.578],[78.08,33.629],[78.008,33.664],[77.943,33.739],[77.858,33.78],[77.734,33.922],[77.66,34.029],[77.556,34.113],[77.489,34.137],[77.421,34.129],[77.339,34.16],[77.334,34.182],[77.32,34.196],[77.277,34.204],[77.257,34.192],[77.173,34.222],[77.164,34.237],[77.134,34.232],[77.043,34.262],[77.032,34.291],[76.99,34.308],[76.904,34.308],[76.843,34.33],[76.789,34.372],[76.77,34.403],[76.684,34.448],[76.6,34.554],[76.538,34.575],[76.449,34.631],[76.373,34.65],[76.373,34.644],[76.317,34.668],[76.215,34.767],[76.19,34.83],[76.195,34.875],[76.223,34.917],[76.215,34.955],[76.178,34.969],[76.061,35.066],[76.038,35.077],[76.034,35.092],[76.004,35.096],[75.957,35.148],[75.922,35.166],[75.914,35.226],[75.887,35.246],[75.843,35.341],[75.818,35.349],[75.797,35.343],[75.768,35.314],[75.746,35.308],[75.726,35.308],[75.7,35.323],[75.667,35.308],[75.636,35.314],[75.486,35.416],[75.452,35.46],[75.4,35.477],[75.38,35.472],[75.363,35.486],[75.352,35.505],[75.339,35.575],[75.323,35.586],[75.086,35.602],[75.048,35.635],[74.948,35.651],[74.872,35.712],[74.745,35.724],[74.74,35.728],[74.747,35.777],[74.725,35.786],[74.725,35.842],[74.657,35.843],[74.639,35.836],[74.63,35.821],[74.632,35.787],[74.648,35.773],[74.647,35.76],[74.622,35.738],[74.644,35.72],[74.65,35.702],[74.611,35.671],[74.609,35.661],[74.632,35.606],[74.632,35.527],[74.607,35.496],[74.475,35.466],[74.426,35.424],[74.404,35.418],[74.247,35.427],[74.207,35.405],[74.159,35.405],[74.098,35.438],[74.03,35.434],[73.968,35.459],[73.911,35.494],[73.837,35.497],[73.756,35.527],[73.627,35.543],[73.502,35.534],[73.463,35.558],[73.44,35.562],[73.396,35.544],[73.344,35.549],[73.312,35.542],[73.283,35.441],[73.263,35.404],[73.263,35.343],[73.249,35.318],[73.285,35.285],[73.269,35.26],[73.202,35.233],[73.119,35.185],[73.053,35.127],[72.988,35.089],[72.928,35.035],[72.9,35.043],[72.892,35.037],[72.885,35.017],[72.899,34.979],[72.869,34.929],[72.865,34.907],[72.872,34.892],[72.934,34.876],[72.969,34.857],[72.986,34.84],[72.985,34.825],[72.952,34.818],[72.919,34.781],[72.824,34.761],[72.803,34.732],[72.81,34.674],[72.782,34.623]],[[79.735,32.444],[79.72,32.452],[79.676,32.512],[79.462,32.707],[79.43,32.745]],[[67.664,24.106],[67.661,24.108]],[[67.664,24.106],[67.658,24.084],[67.64,24.071],[67.532,24.06]],[[67.713,24.066],[67.664,24.106]],[[67.713,24.066],[67.76,24.053]],[[67.926,23.982],[67.956,23.994],[67.924,24.056],[67.869,24.076],[67.811,24.063],[67.765,24.072],[67.76,24.059],[67.767,24.023],[67.787,24.003],[67.815,23.995],[67.883,23.994],[67.926,23.982]],[[67.926,23.982],[67.927,23.985]],[[68.025,23.934],[68.014,24.01],[67.991,24.019],[67.956,23.999]],[[67.651,23.931],[67.669,23.944],[67.726,23.954],[67.731,23.965],[67.713,24.066]],[[67.858,23.909],[67.868,23.945],[67.916,23.961],[67.926,23.982]]]}},{"type":"Feature","properties":{"sr":3.0},"geometry":{"type":"LineString","coordinates":[[81.64,31.45],[81.619,31.419],[81.592,31.404],[81.518,31.389],[81.489,31.394],[81.41,31.475],[81.334,31.492],[81.315,31.506],[81.28,31.546],[81.242,31.57],[81.218,31.601],[81.175,31.7],[81.166,31.741],[81.205,31.841],[81.251,31.895],[81.361,31.956],[81.394,31.986],[81.376,32.019],[81.334,32.019],[81.281,32.049],[81.272,32.092],[81.283,32.173],[81.244,32.201],[81.229,32.286],[81.212,32.321],[81.156,32.375],[81.118,32.391],[81.054,32.402],[81.006,32.448],[80.865,32.475],[80.736,32.539],[80.648,32.553],[80.562,32.548],[80.477,32.556],[80.255,32.545],[80.196,32.552],[80.136,32.523],[80.095,32.519],[80.025,32.486],[79.889,32.479],[79.805,32.451],[79.735,32.444]]}},{"type":"Feature","properties":{"sr":3.0},"geometry":{"type":"MultiLineString","coordinates":[[[97.763,35.088],[97.746,35.079],[97.733,35.055],[97.714,34.953],[97.697,34.92],[97.618,34.885],[97.546,34.876]],[[97.288,34.835],[97.234,34.907],[97.124,34.943],[97.072,34.931]]]}},{"type":"Feature","properties":{"sr":3.0},"geometry":{"type":"MultiLineString","coordinates":[[[96.164,35.13],[96.249,35.109],[96.483,35.106],[96.534,35.096],[96.655,35.05],[96.705,35.048],[96.811,35.061],[96.89,35.007],[96.975,34.992],[96.995,34.948],[97.015,34.937],[97.072,34.931]],[[97.763,35.088],[97.796,35.111],[97.849,35.112],[97.952,35.096],[97.992,35.081],[98.043,35.012],[98.124,34.937],[98.137,34.893],[98.264,34.861],[98.285,34.842],[98.378,34.815],[98.392,34.797],[98.396,34.774],[98.401,34.649],[98.381,34.619],[98.327,34.598],[98.33,34.575],[98.395,34.547],[98.414,34.527],[98.466,34.492],[98.466,34.472],[98.48,34.459],[98.49,34.424],[98.515,34.401],[98.627,34.357],[98.71,34.355],[98.724,34.369],[98.724,34.455],[98.783,34.451],[98.837,34.479],[98.868,34.479],[98.928,34.453],[98.953,34.459],[98.987,34.431],[99.002,34.437],[99.042,34.41],[99.056,34.41],[99.07,34.362],[99.038,34.301],[99.035,34.27],[99.042,34.244],[99.068,34.205],[99.076,34.153],[99.049,34.071],[99.05,34.035],[99.067,33.999],[99.062,33.971],[99.081,33.967],[99.097,33.95],[99.111,33.913],[99.172,33.876],[99.248,33.784],[99.306,33.747],[99.361,33.746],[99.377,33.753],[99.392,33.784],[99.378,33.814],[99.395,33.827],[99.48,33.818],[99.525,33.803],[99.542,33.773],[99.569,33.766],[99.646,33.766],[99.703,33.807],[99.771,33.8],[99.815,33.778],[99.837,33.776],[99.886,33.746],[99.906,33.718],[99.999,33.676],[100.08,33.588],[100.159,33.574],[100.176,33.595],[100.238,33.633],[100.289,33.692],[100.286,33.706],[100.255,33.746],[100.241,33.739],[100.246,33.76],[100.267,33.762],[100.317,33.746],[100.323,33.758],[100.358,33.756],[100.48,33.83],[100.565,33.855],[100.632,33.91],[100.664,33.926],[100.766,33.928],[100.782,33.924],[100.815,33.88],[100.831,33.883],[100.85,33.834],[100.87,33.808],[100.892,33.793],[100.9,33.807],[100.904,33.79],[100.926,33.786],[100.929,33.771],[100.913,33.759],[100.959,33.738],[100.98,33.737],[100.996,33.752],[101.001,33.727],[101.017,33.73],[101.034,33.772],[101.034,33.791],[101.015,33.84],[101.018,33.872],[101.035,33.877],[101.074,33.862],[101.112,33.862],[101.139,33.844],[101.183,33.786],[101.236,33.76],[101.288,33.711],[101.323,33.718],[101.377,33.697],[101.39,33.677],[101.408,33.682],[101.418,33.695],[101.454,33.684],[101.509,33.705],[101.607,33.67],[101.687,33.682],[101.754,33.68],[101.838,33.606],[101.852,33.573],[101.884,33.546],[101.893,33.526],[101.889,33.489],[101.975,33.404],[102.052,33.354],[102.097,33.34],[102.174,33.335],[102.221,33.37],[102.267,33.419],[102.361,33.404],[102.386,33.41],[102.462,33.458],[102.454,33.472],[102.482,33.465],[102.459,33.499],[102.453,33.523],[102.46,33.542],[102.476,33.533],[102.482,33.54],[102.413,33.578],[102.403,33.594],[102.356,33.609],[102.324,33.653],[102.343,33.725],[102.335,33.736],[102.305,33.72],[102.29,33.725],[102.324,33.752],[102.299,33.781],[102.247,33.798],[102.248,33.816],[102.264,33.826],[102.167,33.946],[102.133,33.965],[102.11,33.954],[102.07,33.968],[102.05,33.958],[101.986,34.0],[101.943,34.011],[101.913,33.999],[101.803,34.075],[101.785,34.066],[101.76,34.073],[101.737,34.089],[101.729,34.109],[101.718,34.103],[101.708,34.116],[101.647,34.136],[101.611,34.191],[101.529,34.218],[101.488,34.218],[101.463,34.23],[101.323,34.259],[101.266,34.297],[101.234,34.301],[101.222,34.335],[101.197,34.345],[101.194,34.396],[101.174,34.396],[101.166,34.406],[101.164,34.443],[101.14,34.5],[101.061,34.506],[101.002,34.547],[100.929,34.552],[100.917,34.596],[100.886,34.65],[100.871,34.709],[100.861,34.718],[100.836,34.715],[100.763,34.678],[100.697,34.671],[100.675,34.676],[100.636,34.693],[100.618,34.691],[100.574,34.74],[100.54,34.758],[100.495,34.805],[100.336,34.834],[100.317,34.883],[100.289,34.917],[100.286,34.985],[100.249,35.046],[100.249,35.089],[100.241,35.109],[100.247,35.174],[100.238,35.215],[100.22,35.241],[100.262,35.275],[100.271,35.295],[100.22,35.316],[100.205,35.331],[100.204,35.35],[100.214,35.378],[100.193,35.371],[100.191,35.402],[100.131,35.467],[100.159,35.484],[100.166,35.533],[100.208,35.574],[100.241,35.662],[100.296,35.751],[100.296,35.772],[100.348,35.775],[100.371,35.798],[100.391,35.801],[100.447,35.779],[100.444,35.818],[100.455,35.83],[100.497,35.842],[100.543,35.889],[100.591,35.889],[100.638,35.913],[100.642,35.936],[100.72,35.989],[100.728,36.001],[100.731,36.053],[100.742,36.071],[100.816,36.132],[100.842,36.14],[100.901,36.133],[100.958,36.14],[101.005,36.132],[101.064,36.146],[101.08,36.14],[101.092,36.101],[101.166,36.118],[101.189,36.104],[101.191,36.088],[101.262,36.091],[101.327,36.062],[101.392,36.051],[101.479,36.066],[101.631,36.154],[101.666,36.182],[101.697,36.184],[101.783,36.146],[101.84,36.141],[101.913,36.087],[101.913,36.068],[101.958,36.053],[101.948,36.039],[101.986,36.021],[102.016,35.992],[102.037,35.956],[102.044,35.919],[102.071,35.885],[102.074,35.855],[102.099,35.83],[102.164,35.834],[102.246,35.875],[102.345,35.875],[102.441,35.888],[102.506,35.862],[102.605,35.842],[102.705,35.839],[102.735,35.83],[102.76,35.838],[102.787,35.86],[102.837,35.861],[102.873,35.846],[102.9,35.85],[103.009,35.826],[103.116,35.778],[103.133,35.781],[103.138,35.792],[103.186,35.817],[103.229,35.826],[103.245,35.84],[103.287,35.854],[103.304,35.864],[103.317,35.885],[103.359,35.912],[103.271,35.938],[103.243,35.956],[103.204,35.961],[103.189,35.977],[103.189,35.99],[103.261,36.066],[103.392,36.131],[103.455,36.189],[103.503,36.182],[103.554,36.127],[103.61,36.145],[103.646,36.147],[103.698,36.099],[103.749,36.095],[103.876,36.065],[103.922,36.061],[104.035,36.078],[104.044,36.089],[104.041,36.124],[104.048,36.137],[104.023,36.148],[104.019,36.182],[104.048,36.205],[104.127,36.244],[104.157,36.3],[104.233,36.368],[104.345,36.39],[104.42,36.451],[104.494,36.46],[104.546,36.503],[104.608,36.529],[104.639,36.572],[104.695,36.593],[104.71,36.606],[104.709,36.665],[104.723,36.692],[104.681,36.723],[104.668,36.744],[104.613,36.773],[104.592,36.833],[104.544,36.847],[104.528,36.872],[104.466,36.891],[104.448,36.895],[104.409,36.882],[104.393,36.906],[104.336,36.901],[104.329,36.931],[104.337,37.007],[104.298,37.067],[104.299,37.08],[104.317,37.123],[104.36,37.135],[104.306,37.162],[104.324,37.177],[104.346,37.169],[104.439,37.203],[104.47,37.196],[104.493,37.209],[104.578,37.324],[104.603,37.34],[104.679,37.344],[104.746,37.371],[104.801,37.372],[104.857,37.408],[104.939,37.409],[104.993,37.442],[104.994,37.47],[105.0,37.474]],[[97.288,34.835],[97.301,34.818],[97.406,34.818],[97.437,34.828],[97.485,34.871],[97.547,34.876]]]}},{"type":"Feature","properties":{"sr":8.0},"geometry":{"type":"MultiLineString","coordinates":[[[77.195,32.259],[77.202,32.186],[77.157,32.117],[77.119,31.94],[77.123,31.924],[77.155,31.891],[77.188,31.827],[77.215,31.738],[77.2,31.722],[77.106,31.716],[77.059,31.699],[77.032,31.717],[77.009,31.72],[76.94,31.709],[76.938,31.759],[76.931,31.773],[76.856,31.821],[76.782,31.836],[76.747,31.877],[76.683,31.898],[76.594,31.904],[76.532,31.869],[76.518,31.849],[76.444,31.809],[76.383,31.803],[76.321,31.782],[76.292,31.791],[76.281,31.824],[76.241,31.845],[76.226,31.883],[76.2,31.886]],[[75.935,31.965],[75.898,31.962],[75.707,32.05],[75.688,32.067],[75.695,32.097],[75.688,32.112],[75.588,32.08],[75.555,32.038],[75.545,32.011],[75.535,31.94],[75.563,31.858],[75.548,31.82],[75.559,31.784],[75.54,31.758],[75.528,31.712],[75.376,31.581],[75.32,31.51],[75.299,31.504],[75.227,31.457],[75.186,31.397],[75.163,31.338],[75.134,31.316],[75.037,31.198],[75.003,31.176]]]}},{"type":"Feature","properties":{"sr":8.0},"geometry":{"type":"LineString","coordinates":[[81.507,35.47],[81.492,35.514],[81.495,35.564],[81.486,35.602],[81.436,35.613],[81.247,35.575],[81.179,35.596],[81.116,35.647],[81.039,35.659],[81.014,35.669],[80.986,35.705],[80.945,35.796],[80.916,35.832],[80.851,35.863],[80.823,35.873],[80.692,35.873],[80.646,35.897],[80.56,35.921],[80.502,35.952],[80.439,35.958],[80.401,35.97],[80.395,35.962],[80.388,35.97],[80.369,35.956],[80.345,35.955],[80.262,35.962],[80.217,35.983],[80.156,35.967],[80.117,35.982],[80.038,35.99],[80.004,36.011],[80.003,36.047],[79.977,36.059],[79.949,36.113],[79.884,36.144],[79.836,36.179],[79.812,36.216],[79.771,36.251],[79.752,36.333],[79.73,36.381],[79.734,36.406],[79.755,36.445],[79.816,36.524],[79.88,36.534],[79.904,36.543],[79.921,36.56],[79.922,36.586],[79.886,36.629],[79.873,36.683],[79.909,36.706],[79.922,36.757],[79.943,36.788],[79.938,36.81],[79.902,36.853],[79.893,36.897],[79.9,36.941],[79.949,37.049],[79.971,37.155],[79.97,37.176],[79.928,37.248],[79.93,37.287],[79.98,37.386],[79.99,37.456],[80.015,37.485],[80.127,37.545],[80.204,37.598],[80.371,37.686],[80.422,37.758],[80.422,37.802],[80.436,37.833]]}}]}