source_id,publisher,title,url,archive_url,archive_verified,cited_by
loksabha-pojk-dp-families,Lok Sabha (Digital Library of Parliament),Unstarred question 1608: displaced persons from PoJK,https://eparlib.sansad.in/bitstream/123456789/969431/1/AU1608.pdf,https://web.archive.org/web/https://eparlib.sansad.in/bitstream/123456789/969431/1/AU1608.pdf,false,1947-pojk-displacement
kashmirreader-31619-families,Kashmir Reader,31619 displaced families from Pak registered after 1947: Govt,https://kashmirreader.com/2020/02/12/31619-displaced-families-from-pak-registered-after-1947-govt/,https://web.archive.org/web/https://kashmirreader.com/2020/02/12/31619-displaced-families-from-pak-registered-after-1947-govt/,false,1947-pojk-displacement
pmindia-5300-families,Prime Minister's Office (pmindia.gov.in),Cabinet approves inclusion of 5300 DP families of J&K 1947 who initially opted to move outside the state of J&K,https://www.pmindia.gov.in/en/news_updates/cabinet-approves-inclusion-of-5300-dp-families-of-jk-1947-who-initially-opted-to-move-outside-the-state-of-jk/,https://web.archive.org/web/https://www.pmindia.gov.in/en/news_updates/cabinet-approves-inclusion-of-5300-dp-families-of-jk-1947-who-initially-opted-to-move-outside-the-state-of-jk/,false,1947-pojk-displacement
ians-oct22-1947,IANS,"Oct 22, 1947: The day when Pakistan betrayed and backstabbed Kashmiris",https://ianslive.in/oct-22-1947-the-day-when-pakistan-betrayed-and-backstabbed-kashmiris--20231022150515,https://web.archive.org/web/https://ianslive.in/oct-22-1947-the-day-when-pakistan-betrayed-and-backstabbed-kashmiris--20231022150515,false,1947-10-22-muzaffarabad-invasion
pioneer-op-gulmarg,The Pioneer,A sad epoch in human history,https://www.dailypioneer.com/2020/columnists/a-sad-epoch-in-human-history.html,https://web.archive.org/web/https://www.dailypioneer.com/2020/columnists/a-sad-epoch-in-human-history.html,false,1947-10-22-muzaffarabad-invasion; 1947-10-26-baramulla-massacre
tribune-paradise-lost,The Tribune,The day paradise was lost,https://www.tribuneindia.com/news/archive/comment/the-day-paradise-was-lost-850006,https://web.archive.org/web/https://www.tribuneindia.com/news/archive/comment/the-day-paradise-was-lost-850006,false,1947-10-22-muzaffarabad-invasion
ians-invasion-terrorism,IANS,'Pakistan's invasion of Kashmir in October 1947 marked beginning of terrorism in J&K',https://ianslive.in/pakistans-invasion-of-kashmir-in-october-1947-marked-beginning-of-terrorism-in-jk--20251021144145,https://web.archive.org/web/https://ianslive.in/pakistans-invasion-of-kashmir-in-october-1947-marked-beginning-of-terrorism-in-jk--20251021144145,false,1947-10-22-muzaffarabad-invasion
bw-baramulla-raid,BW Businessworld,October 1947: The raid on Baramulla,https://www.businessworld.in/article/october-1947-the-raid-on-baramulla-333463,https://web.archive.org/web/https://www.businessworld.in/article/october-1947-the-raid-on-baramulla-333463,false,1947-10-26-baramulla-massacre
tribune-spectrum-2008-baramulla,The Tribune,The Sunday Tribune - Spectrum (13 Jan 2008),https://www.tribuneindia.com/2008/20080113/spectrum/main1.htm,https://web.archive.org/web/https://www.tribuneindia.com/2008/20080113/spectrum/main1.htm,false,1947-10-26-baramulla-massacre
tribune-giant-leap-srinagar,The Tribune,A giant leap that saved Srinagar in 1947,https://www.tribuneindia.com/news/features/a-giant-leap-that-saved-srinagar-in-1947-10123,https://web.archive.org/web/https://www.tribuneindia.com/news/features/a-giant-leap-that-saved-srinagar-in-1947-10123,false,1947-10-27-indian-army-airlift
tribune-srinagar-saved,The Tribune,How Srinagar was saved from Pak raiders in 1947,https://www.tribuneindia.com/news/comment/how-srinagar-was-saved-from-pak-raiders-in-1947-444631/,https://web.archive.org/web/https://www.tribuneindia.com/news/comment/how-srinagar-was-saved-from-pak-raiders-in-1947-444631/,false,1947-10-27-indian-army-airlift; 1947-11-07-shalateng
idr-shalateng,Indian Defence Review,Battle of Shalateng,https://indiandefencereview.com/defence-of-srinagar-1947/,https://web.archive.org/web/https://indiandefencereview.com/defence-of-srinagar-1947/,false,1947-10-27-indian-army-airlift; 1947-11-07-shalateng
de-peep-bhimber,Daily Excelsior,A peep into Bhimber,https://www.dailyexcelsior.com/a-peep-into-bhimber/,https://web.archive.org/web/https://www.dailyexcelsior.com/a-peep-into-bhimber/,false,1947-10-28-fall-of-bhimber
jknow-oct1947-military-attack,Jammu Kashmir Now,Oct 1947 Jammu and Kashmir: The Pakistani Military attack disguised as a Tribal Invasion,https://www.jammukashmirnow.com/Encyc/2023/10/30/Oct-1947-Jammu-and-Kashmir-The-Pakistani-Military-attack-disguised-as-a-Tribal-Invasion.html,https://web.archive.org/web/https://www.jammukashmirnow.com/Encyc/2023/10/30/Oct-1947-Jammu-and-Kashmir-The-Pakistani-Military-attack-disguised-as-a-Tribal-Invasion.html,false,1947-10-28-fall-of-bhimber
de-alibeg-prisoners,Daily Excelsior,Death of Mahatma Gandhi and Alibeg Prisoners,https://www.dailyexcelsior.com/death-of-mahatma-gandhi-and-alibeg-prisoners/,https://web.archive.org/web/https://www.dailyexcelsior.com/death-of-mahatma-gandhi-and-alibeg-prisoners/,false,1947-11-alibeg-camp
kashmirlife-managing-1947,Kashmir Life,Managing 1947 Mayhem,https://kashmirlife.net/managing-1947-mayhem-issue-44-vol-09-164264/,https://web.archive.org/web/https://kashmirlife.net/managing-1947-mayhem-issue-44-vol-09-164264/,false,1947-11-alibeg-camp
jknow-chronicle-hostility,Jammu Kashmir Now,Chronicle of Pakistan's Persistent Hostility & India's Rise from Defence to Deterrent Dominance,https://www.jammukashmirnow.com/Encyc/2025/7/26/chronicle-of-pakistans-persistent-hostility-indias-rise-from-defence-to-deterrent-dominance.html,https://web.archive.org/web/https://www.jammukashmirnow.com/Encyc/2025/7/26/chronicle-of-pakistans-persistent-hostility-indias-rise-from-defence-to-deterrent-dominance.html,false,1947-11-alibeg-camp
de-fall-of-gilgit,Daily Excelsior,Fall of Gilgit,https://www.dailyexcelsior.com/fall-of-gilgit/,https://web.archive.org/web/https://www.dailyexcelsior.com/fall-of-gilgit/,false,1947-11-01-gilgit-coup
theprint-gilgit-baltistan,ThePrint,"The politics, military tactics & geography behind how Pakistan won Gilgit-Baltistan from India",https://theprint.in/opinion/the-politics-military-tactics-geography-behind-how-pakistan-won-gilgit-baltistan-from-india/284288/,https://web.archive.org/web/https://theprint.in/opinion/the-politics-military-tactics-geography-behind-how-pakistan-won-gilgit-baltistan-from-india/284288/,false,1947-11-01-gilgit-coup; 1948-08-14-fall-of-skardu
jknow-rajouri-1947,Jammu Kashmir Now,"11-12 November 1947: Rajouri Massacre, when thousands of Hindus and Sikhs were slaughtered by Pakistani marauders",https://www.jammukashmirnow.com/Encyc/2023/11/12/12-November-1947-Rajouri-Massacre-when-thousands-of-Hindus-and-Sikhs-were-slaughtered-by-Pakistani-marauders.html,https://web.archive.org/web/https://www.jammukashmirnow.com/Encyc/2023/11/12/12-November-1947-Rajouri-Massacre-when-thousands-of-Hindus-and-Sikhs-were-slaughtered-by-Pakistani-marauders.html,false,1947-11-07-rajouri-massacre
de-rajouri-files,Daily Excelsior,Rajouri Files : 1947 The unforgettable massacre & Johar,https://www.dailyexcelsior.com/rajouri-files-1947-the-unforgettable-massacre-johar/,https://web.archive.org/web/https://www.dailyexcelsior.com/rajouri-files-1947-the-unforgettable-massacre-johar/,false,1947-11-07-rajouri-massacre
organiser-rajouri-jauhar,Organiser,Special Story/J&K : A Jauhar in Rajouri,https://organiser.org/2017/11/14/119697/bharat/special-story-j-k-a-jauhar-in-rajouri-2/,https://web.archive.org/web/https://organiser.org/2017/11/14/119697/bharat/special-story-j-k-a-jauhar-in-rajouri-2/,false,1947-11-07-rajouri-massacre
idr-pritam-singh-poonch,Indian Defence Review,Brigadier Pritam Singh: The Saviour of Poonch,https://indiandefencereview.com/brigadier-pritam-singh-the-saviour-of-poonch/,https://web.archive.org/web/https://indiandefencereview.com/brigadier-pritam-singh-the-saviour-of-poonch/,false,1947-11-poonch-siege
tribune-poonch-siege,The Tribune,How Poonch withstood the siege,https://www.tribuneindia.com/news/musings/how-poonch-withstood-the-siege-453656/,https://web.archive.org/web/https://www.tribuneindia.com/news/musings/how-poonch-withstood-the-siege-453656/,false,1947-11-poonch-siege
de-saviours-poonch,Daily Excelsior,Saviours of Poonch,https://www.dailyexcelsior.com/news/archive/saviours-poonch,https://web.archive.org/web/https://www.dailyexcelsior.com/news/archive/saviours-poonch,false,1947-11-poonch-siege
de-ferocious-bloodbath-mirpur,Daily Excelsior,Ferocious bloodbath of Mirpur,https://www.dailyexcelsior.com/ferocious-bloodbath-of-mirpur/,https://web.archive.org/web/https://www.dailyexcelsior.com/ferocious-bloodbath-of-mirpur/,false,1947-11-25-mirpur-massacre
de-fall-of-mirpur,Daily Excelsior,Fall of Mirpur,https://www.dailyexcelsior.com/fall-of-mirpur/,https://web.archive.org/web/https://www.dailyexcelsior.com/fall-of-mirpur/,false,1947-11-25-mirpur-massacre
jknow-mirpur-20000,Jammu Kashmir Now,"November 25, 1947 Mirpur massacre: A day that stands among the worst in history when 20,000 Hindus and Sikhs were slaughtered",https://www.jammukashmirnow.com/Encyc/2023/11/24/25-November1947-Mirpur-massacre-A-day-that-stands-among-the-worst-in-history-when-20-000-Hindus-and-Sikhs-w.html,https://web.archive.org/web/https://www.jammukashmirnow.com/Encyc/2023/11/24/25-November1947-Mirpur-massacre-A-day-that-stands-among-the-worst-in-history-when-20-000-Hindus-and-Sikhs-w.html,false,1947-11-25-mirpur-massacre
tribune-mirpur-refugees,The Tribune,"Mirpur refugees, Jammu's Bakshi Nagar, and bus stop drama",https://www.tribuneindia.com/news/comment/mirpur-refugees-jammus-bakshi-nagar-and-bus-stop-drama/,https://web.archive.org/web/https://www.tribuneindia.com/news/comment/mirpur-refugees-jammus-bakshi-nagar-and-bus-stop-drama/,false,1947-11-25-mirpur-massacre
de-lion-nowshera,Daily Excelsior,The Lion who saved Nowshera,https://www.dailyexcelsior.com/the-lion-who-saved-nowshera/,https://web.archive.org/web/https://www.dailyexcelsior.com/the-lion-who-saved-nowshera/,false,1948-02-naushera; 1948-07-03-brigadier-usman-killed
theprint-jhangar-day,ThePrint,Indian Army celebrates Jhangar Day to commemorate sacrifice of Brigadier Usman,https://theprint.in/india/indian-army-celebrates-jhangar-day-to-commemorate-sacrifice-of-brigadier-usman/2678719/,https://web.archive.org/web/https://theprint.in/india/indian-army-celebrates-jhangar-day-to-commemorate-sacrifice-of-brigadier-usman/2678719/,false,1948-02-naushera; 1948-07-03-brigadier-usman-killed
de-rajouri-reclaimed,Daily Excelsior,"April 13, 1948 When Rajouri was reclaimed",https://www.dailyexcelsior.com/april-13-1948-when-rajouri-was-reclaimed/,https://web.archive.org/web/https://www.dailyexcelsior.com/april-13-1948-when-rajouri-was-reclaimed/,false,1948-04-13-rajouri-recaptured
jknow-rajouri-reclaimed,Jammu Kashmir Now,12 April 1948; When Rajouri was reclaimed by Indian Army; Story of Rajouri Massacre,https://www.jammukashmirnow.com/Encyc/2022/4/12/12-April-1948-When-Rajouri-was-reclaimed-by-Indian-Army-Story-of-Story-of-Rajouri-Massacre.amp.html,https://web.archive.org/web/https://www.jammukashmirnow.com/Encyc/2022/4/12/12-April-1948-When-Rajouri-was-reclaimed-by-Indian-Army-Story-of-Story-of-Rajouri-Massacre.amp.html,false,1948-04-13-rajouri-recaptured
pioneer-brig-usman,The Pioneer,Army pays tribute to Brigadier Usman,https://www.dailypioneer.com/2025/world/army-pays-tribute-to-brigadier-usman.html,https://web.archive.org/web/https://www.dailypioneer.com/2025/world/army-pays-tribute-to-brigadier-usman.html,false,1948-07-03-brigadier-usman-killed
tribune-skardu-defenders,The Tribune,Spare a thought for those defenders of Skardu,https://www.tribuneindia.com/news/archive/comment/spare-a-thought-for-those-defenders-of-skardu-121327/,https://web.archive.org/web/https://www.tribuneindia.com/news/archive/comment/spare-a-thought-for-those-defenders-of-skardu-121327/,false,1948-08-14-fall-of-skardu
jknow-battle-skardu,Jammu Kashmir Now,"BATTLE OF SKARDU- a story of determination, courage and hope- Indo-Pak war",https://www.jammukashmirnow.com/Encyc/2020/2/14/BATTLE-OF-SKARDU-a-story-of-determination-courage-and-hope-Indo-Pak-war.html,https://web.archive.org/web/https://www.jammukashmirnow.com/Encyc/2020/2/14/BATTLE-OF-SKARDU-a-story-of-determination-courage-and-hope-Indo-Pak-war.html,false,1948-08-14-fall-of-skardu
theprint-zojila-1948,ThePrint,"Zojila battle of 1948, when Indians surprised Pakistan with tanks at 11,553 ft",https://theprint.in/defence/zojila-battle-of-1948-when-indians-surprised-pakistan-with-tanks-at-11553-ft/314474/,https://web.archive.org/web/https://theprint.in/defence/zojila-battle-of-1948-when-indians-surprised-pakistan-with-tanks-at-11553-ft/314474/,false,1948-11-01-zoji-la
tribune-zojila-tanks,The Tribune,When tanks drove on snow at Zoji La to secure Ladakh from Pakistani militia,https://www.tribuneindia.com/news/j-k/when-tanks-drove-on-snow-at-zoji-la-to-secure-ladakh-from-pak-militia-558572,https://web.archive.org/web/https://www.tribuneindia.com/news/j-k/when-tanks-drove-on-snow-at-zoji-la-to-secure-ladakh-from-pak-militia-558572,false,1948-11-01-zoji-la
un-unipom-background,United Nations Peacekeeping,"India/Pakistan, UNIPOM background",https://peacekeeping.un.org/ar/mission/past/unipombackgr.html,https://web.archive.org/web/https://peacekeeping.un.org/ar/mission/past/unipombackgr.html,false,1949-01-01-ceasefire
kashmirlife-karachi-agreement,Kashmir Life,Karachi Agreement,https://kashmirlife.net/karachi-agreement-12109/,https://web.archive.org/web/https://kashmirlife.net/karachi-agreement-12109/,false,1949-01-01-ceasefire
de-op-gibraltar,Daily Excelsior,Operation Gibraltar that failed in Kashmir,https://www.dailyexcelsior.com/operation-gibraltar-that-failed-in-kashmir/,https://web.archive.org/web/https://www.dailyexcelsior.com/operation-gibraltar-that-failed-in-kashmir/,false,1965-08-05-operation-gibraltar
tribune-op-gibraltar,The Tribune,How India foiled Op Gibraltar in 1965,https://www.tribuneindia.com/news/comment/how-india-foiled-op-gibraltar-in-1965/,https://web.archive.org/web/https://www.tribuneindia.com/news/comment/how-india-foiled-op-gibraltar-in-1965/,false,1965-08-05-operation-gibraltar
idr-1965-valour,Indian Defence Review,1965 War: The Valour and the Victory,https://indiandefencereview.com/1965-war-the-valour-and-the-victory/,https://web.archive.org/web/https://indiandefencereview.com/1965-war-the-valour-and-the-victory/,false,1965-08-05-operation-gibraltar; 1965-09-01-operation-grand-slam
tribune-hajipir-victory,The Tribune,The glorious victory at Hajipir in 1965,https://www.tribuneindia.com/news/comment/the-glorious-victory-at-hajipir-in-1965-132361/,https://web.archive.org/web/https://www.tribuneindia.com/news/comment/the-glorious-victory-at-hajipir-in-1965-132361/,false,1965-08-28-haji-pir-captured
theprint-hajipir-excerpt,ThePrint,India's original surgical strike: How the Haji Pir pass was captured in 1965,https://theprint.in/pageturner/excerpt/indias-original-surgical-strike-how-the-haji-pir-pass-was-captured-in-1965/128551/,https://web.archive.org/web/https://theprint.in/pageturner/excerpt/indias-original-surgical-strike-how-the-haji-pir-pass-was-captured-in-1965/128551/,false,1965-08-28-haji-pir-captured
tribune-return-hajipir,The Tribune,Return of Haji Pir still haunts us,https://www.tribuneindia.com/news/archive/comment/return-of-haji-pir-still-haunts-us-287239/,https://web.archive.org/web/https://www.tribuneindia.com/news/archive/comment/return-of-haji-pir-still-haunts-us-287239/,false,1965-08-28-haji-pir-captured
de-1965-overview,Daily Excelsior,An Over view of the Indo-Pak War of 1965,https://www.dailyexcelsior.com/an-over-view-of-the-indo-pak-war-of-1965/,https://web.archive.org/web/https://www.dailyexcelsior.com/an-over-view-of-the-indo-pak-war-of-1965/,false,1965-09-01-operation-grand-slam; 1965-09-23-ceasefire
theprint-tashkent,ThePrint,Shastri-Ayub Tashkent pact ended 1965 War. And brought Russia into South Asian politics,https://theprint.in/opinion/little-lenin-shastri-worked-his-magic-to-keep-kashmir-issue-out-of-tashkent-declaration/799484/,https://web.archive.org/web/https://theprint.in/opinion/little-lenin-shastri-worked-his-magic-to-keep-kashmir-issue-out-of-tashkent-declaration/799484/,false,1965-09-23-ceasefire
tribune-agreements-history,The Tribune,India-Pakistan relations: A history of agreements and treaties,https://www.tribuneindia.com/news/india/india-pakistan-relations-a-history-of-agreements-and-treaties/,https://web.archive.org/web/https://www.tribuneindia.com/news/india/india-pakistan-relations-a-history-of-agreements-and-treaties/,false,1965-09-23-ceasefire; 1972-07-02-simla-agreement
theprint-ganga-hijack,ThePrint,How 1971 Indian Airlines hijacking led Pakistan to add 'false flag' to its terror denial toolkit,https://theprint.in/theprint-explorer/how-1971-indian-airlines-hijacking-led-pakistan-to-add-false-flag-to-its-terror-denial-toolkit/2615585/,https://web.archive.org/web/https://theprint.in/theprint-explorer/how-1971-indian-airlines-hijacking-led-pakistan-to-add-false-flag-to-its-terror-denial-toolkit/2615585/,false,1971-01-30-ganga-hijacking
tribune-ganga-pilot,The Tribune,Pilot of Indian Airlines flight hijacked to Pak in 1971 passes away,https://www.tribuneindia.com/news/archive/nation/pilot-of-indian-airlines-flight-hijacked-to-pak-in-1971-passes-away-566661/,https://web.archive.org/web/https://www.tribuneindia.com/news/archive/nation/pilot-of-indian-airlines-flight-hijacked-to-pak-in-1971-passes-away-566661/,false,1971-01-30-ganga-hijacking
kashmirlife-exiled-by-hijack,Kashmir Life,Exiled By Hijack,https://kashmirlife.net/exiled-by-hijack-issue-30-vol-10-189851/,https://web.archive.org/web/https://kashmirlife.net/exiled-by-hijack-issue-30-vol-10-189851/,false,1971-01-30-ganga-hijacking
tribune-mahavirs-nubra,The Tribune,Maha Virs of Nubra & Kargil,https://www.tribuneindia.com/news/features/maha-virs-of-nubra-kargil-243918,https://web.archive.org/web/https://www.tribuneindia.com/news/features/maha-virs-of-nubra-kargil-243918,false,1971-12-turtuk-liberated
theprint-rinchen-statue,ThePrint,Statue of 'Lion of Ladakh' Col Rinchen comes up in Leh,https://theprint.in/india/statue-of-lion-of-ladakh-col-rinchen-comes-up-in-leh/1054916/,https://web.archive.org/web/https://theprint.in/india/statue-of-lion-of-ladakh-col-rinchen-comes-up-in-leh/1054916/,false,1971-12-turtuk-liberated
tribune-1971-first-day,The Tribune,First day of 1971 War,https://www.tribuneindia.com/news/anniversary/first-day-of-1971-war/,https://web.archive.org/web/https://www.tribuneindia.com/news/anniversary/first-day-of-1971-war/,false,1971-12-03-battle-of-chhamb
idr-chamb-1971,Indian Defence Review,Review of Battle of Chamb 1971,https://indiandefencereview.com/review-of-battle-of-chamb-1971/,https://web.archive.org/web/https://indiandefencereview.com/review-of-battle-of-chamb-1971/,false,1971-12-03-battle-of-chhamb
theprint-indo-pak-timeline,ThePrint,Timeline of Indo-Pak armed conflicts since 1947,https://theprint.in/india/timeline-of-indo-pak-armed-conflicts-since-1947/2617868/,https://web.archive.org/web/https://theprint.in/india/timeline-of-indo-pak-armed-conflicts-since-1947/2617868/,false,1972-07-02-simla-agreement
theprint-maqbool-bhat,ThePrint,"Maqbool Bhat, Kashmir's first radical separatist, hanged by Indira after diplomat's killing",https://theprint.in/past-forward/maqbool-bhat-kashmirs-first-radical-separatist-hanged-by-indira-after-diplomats-killing/363201/,https://web.archive.org/web/https://theprint.in/past-forward/maqbool-bhat-kashmirs-first-radical-separatist-hanged-by-indira-after-diplomats-killing/363201/,false,1984-02-ravindra-mhatre
organiser-mhatre,Organiser,"How Yasin Malik's JKLF kidnapped, killed diplomat Ravindra Mhatre to free terrorist Maqbool Bhat",https://organiser.org/2023/08/10/189467/bharat/how-yasin-maliks-jklf-kidnapped-killed-diplomat-ravindra-mhatre-to-free-terrorist-maqbool-bhat/,https://web.archive.org/web/https://organiser.org/2023/08/10/189467/bharat/how-yasin-maliks-jklf-kidnapped-killed-diplomat-ravindra-mhatre-to-free-terrorist-maqbool-bhat/,false,1984-02-ravindra-mhatre
idr-meghdoot,Indian Defence Review,"Operation Meghdoot, Siachen: A chronicle of unparalleled courage",https://indiandefencereview.com/siachen-day-operation-meghdoot-a-chronicle-of-unparalleled-courage/,https://web.archive.org/web/https://indiandefencereview.com/siachen-day-operation-meghdoot-a-chronicle-of-unparalleled-courage/,false,1984-04-13-operation-meghdoot
pib-iaf-meghdoot,Press Information Bureau,IAF in Operation Meghdoot,https://www.pib.gov.in/PressReleasePage.aspx?PRID=2017834&reg=48&lang=2,https://web.archive.org/web/https://www.pib.gov.in/PressReleasePage.aspx?PRID=2017834&reg=48&lang=2,false,1984-04-13-operation-meghdoot
theprint-meghdoot,ThePrint,How India beat Pakistan to gain control of the world's highest battlefield 34 years ago,https://theprint.in/past-forward/how-india-beat-pakistan-to-gain-control-of-worlds-highest-battlefield-34-years-ago/49222/,https://web.archive.org/web/https://theprint.in/past-forward/how-india-beat-pakistan-to-gain-control-of-worlds-highest-battlefield-34-years-ago/49222/,false,1984-04-13-operation-meghdoot
organiser-anantnag-1986,Organiser,Anantnag Riots 1986: Dress Rehearsal for the Genocide in Kashmir,https://organiser.org/2026/02/20/340670/bharat/anantnag-riots-1986-dress-rehearsal-for-the-genocide-in-kashmir/,https://web.archive.org/web/https://organiser.org/2026/02/20/340670/bharat/anantnag-riots-1986-dress-rehearsal-for-the-genocide-in-kashmir/,false,1986-02-anantnag-riots
wire-dreaming-of-return,The Wire,To Die While Dreaming of Return,https://thewire.in/culture/to-die-while-dreaming-of-return,https://web.archive.org/web/https://thewire.in/culture/to-die-while-dreaming-of-return,false,1986-02-anantnag-riots; 1990-02-13-lassa-kaul
theprint-quaid-post,ThePrint,Quaid Post to Bana Top: How the Indian Army took back a critical post in Siachen 35 years ago,https://theprint.in/defence/quaid-post-to-bana-top-how-the-indian-army-took-back-a-critical-post-in-siachen-35-years-ago/975690/,https://web.archive.org/web/https://theprint.in/defence/quaid-post-to-bana-top-how-the-indian-army-took-back-a-critical-post-in-siachen-35-years-ago/975690/,false,1987-06-26-operation-rajiv-quaid-post
tribune-bana-singh,The Tribune,Naib Subedar Bana Singh: The hero of Siachen,https://www.tribuneindia.com/news/anniversary/naib-subedar-bana-singh-the-hero-of-siachen/,https://web.archive.org/web/https://www.tribuneindia.com/news/anniversary/naib-subedar-bana-singh-the-hero-of-siachen/,false,1987-06-26-operation-rajiv-quaid-post
kashmirlife-1988-blast,Kashmir Life,"July 31, 1988: When First Blast Rocked The Srinagar City",https://kashmirlife.net/july-31-1988-when-first-blast-rocked-the-srinagar-city-38269/,https://web.archive.org/web/https://kashmirlife.net/july-31-1988-when-first-blast-rocked-the-srinagar-city-38269/,false,1988-07-31-srinagar-blasts
theprint-early-victims,ThePrint,"Which Kashmir file do we figure in, ask families of Valley's early victims of terror",https://theprint.in/india/which-kashmir-file-do-we-figure-in-ask-families-of-valleys-early-victims-of-terror/938266/,https://web.archive.org/web/https://theprint.in/india/which-kashmir-file-do-we-figure-in-ask-families-of-valleys-early-victims-of-terror/938266/,false,1989-08-21-yusuf-halwai
kashmirdespatch-5000-political-killings,Kashmir Despatch,Over 5000 political killings in Kashmir in 30 years,https://kashmirdespatch.com/over-5000-political-killings-in-kashmir-in-30-years/,https://web.archive.org/web/https://kashmirdespatch.com/over-5000-political-killings-in-kashmir-in-30-years/,false,1989-08-21-yusuf-halwai
theprint-taploo-exodus,ThePrint,How killing of this Kashmiri Hindu leader led to exodus of Pandits from Valley,https://theprint.in/india/how-killing-of-this-kashmiri-hindu-leader-led-to-exodus-of-pandits-from-valley/732572/,https://web.archive.org/web/https://theprint.in/india/how-killing-of-this-kashmiri-hindu-leader-led-to-exodus-of-pandits-from-valley/732572/,false,1989-09-14-tika-lal-taploo
de-tribute-taploo,Daily Excelsior,Tribute to Tika Lal Taploo,https://www.dailyexcelsior.com/tribute-tika-lal-taploo/,https://web.archive.org/web/https://www.dailyexcelsior.com/tribute-tika-lal-taploo/,false,1989-09-14-tika-lal-taploo
theprint-sia-cold-cases,ThePrint,"Old files, new leads: How J&K's SIA is probing decades-old unsolved killings of Kashmiri Pandits",https://theprint.in/india/old-files-new-leads-how-jks-sia-is-probing-decades-old-unsolved-killings-of-kashmiri-pandits/3025597/,https://web.archive.org/web/https://theprint.in/india/old-files-new-leads-how-jks-sia-is-probing-decades-old-unsolved-killings-of-kashmiri-pandits/3025597/,false,1989-09-14-tika-lal-taploo
organiser-ganjoo-reopened,Organiser,Kashmiri Hindu Genocide: Indian Govt reopens case after 30 years; SIA to probe brutal murder of Neelkanth Ganjoo,https://organiser.org/2023/08/09/188945/bharat/kashmiri-hindu-genocide-indian-govt-reopens-case-after-30-years-sia-to-probe-brutal-murder-of-neelkanth-ganjoo/,https://web.archive.org/web/https://organiser.org/2023/08/09/188945/bharat/kashmiri-hindu-genocide-indian-govt-reopens-case-after-30-years-sia-to-probe-brutal-murder-of-neelkanth-ganjoo/,false,1989-11-04-neelkanth-ganjoo
kashmirlife-ganjoo-reopened,Kashmir Life,JKP's SIA Reopens Judge Neelkant Ganjoo's Assassination Case,https://kashmirlife.net/jkps-sia-reopens-judge-neelkant-ganjoos-assassination-case-324678/,https://web.archive.org/web/https://kashmirlife.net/jkps-sia-reopens-judge-neelkant-ganjoos-assassination-case-324678/,false,1989-11-04-neelkanth-ganjoo
theprint-ganjoo-reopened,ThePrint,"J-K: BJP, Kashmiri Pandits welcome reopening of retired judge Neelkanth Ganjoo murder case",https://theprint.in/india/j-k-bjp-kashmiri-pandits-welcome-reopening-of-retired-judge-neelkanth-ganjoo-murder-case/1706133/,https://web.archive.org/web/https://theprint.in/india/j-k-bjp-kashmiri-pandits-welcome-reopening-of-retired-judge-neelkanth-ganjoo-murder-case/1706133/,false,1989-11-04-neelkanth-ganjoo
kashmirlife-rubaiya-consequential,Kashmir Life,A Consequential Kidnapping,https://kashmirlife.net/a-consequential-kidnapping-issue-37-vol-12-254878/,https://web.archive.org/web/https://kashmirlife.net/a-consequential-kidnapping-issue-37-vol-12-254878/,false,1989-12-08-rubaiya-sayeed-abduction
tribune-rubaiya-identifies-malik,The Tribune,Mufti Mohammad Sayeed's daughter Rubaiya identifies Yasin Malik in court,https://www.tribuneindia.com/news/j-k/rubaiya-sayeed-identifies-yasin-malik-in-court-412770/,https://web.archive.org/web/https://www.tribuneindia.com/news/j-k/rubaiya-sayeed-identifies-yasin-malik-in-court-412770/,false,1989-12-08-rubaiya-sayeed-abduction
theprint-rubaiya-policy,ThePrint,1989 Rubaiya Sayeed kidnapping case still haunts Indian policy-making in Kashmir,https://theprint.in/opinion/1989-rubaiya-sayeed-kidnapping-case-policy-kashmir/2797189/,https://web.archive.org/web/https://theprint.in/opinion/1989-rubaiya-sayeed-kidnapping-case-policy-kashmir/2797189/,false,1989-12-08-rubaiya-sayeed-abduction
de-remembering-pn-bhat,Daily Excelsior,Remembering Prem Nath Bhat,https://www.dailyexcelsior.com/remembering-prem-nath-bhat/,https://web.archive.org/web/https://www.dailyexcelsior.com/remembering-prem-nath-bhat/,false,1989-12-27-prem-nath-bhat
tribune-pn-bhat-tributes,The Tribune,Tributes paid to Prem Nath Bhat,http://www.tribuneindia.com/news/jammu-kashmir/tributes-paid-to-prem-nath-bhat/519782.html,https://web.archive.org/web/http://www.tribuneindia.com/news/jammu-kashmir/tributes-paid-to-prem-nath-bhat/519782.html,false,1989-12-27-prem-nath-bhat
theprint-31-years-exile,ThePrint,"31 years on, 19 January still a dark day for Kashmiri Pandits as they wait for exile to end",https://theprint.in/india/31-years-on-19-january-still-a-dark-day-for-kashmiri-pandits-as-they-wait-for-exile-to-end/587994/,https://web.archive.org/web/https://theprint.in/india/31-years-on-19-january-still-a-dark-day-for-kashmiri-pandits-as-they-wait-for-exile-to-end/587994/,false,1990-01-19-pandit-exodus
organiser-jan19-1990,Organiser,"Kashmir on January 19, 1990: Unfinished constitutional wound",https://organiser.org/2026/01/19/335740/bharat/kashmir-on-the-night-of-january-19-1990-an-unfinished-constitutional-wound-in-indias-conscience/,https://web.archive.org/web/https://organiser.org/2026/01/19/335740/bharat/kashmir-on-the-night-of-january-19-1990-an-unfinished-constitutional-wound-in-indias-conscience/,false,1990-01-19-pandit-exodus
tribune-acknowledge-exodus,The Tribune,"Acknowledge 1990 exodus before asking us to return, apologise: Kashmiri Pandits to Farooq Abdullah",https://www.tribuneindia.com/news/j-k/acknowledge-1990-exodus-before-asking-us-to-return-apologise-kashmiri-pandits-to-farooq-abdullah/,https://web.archive.org/web/https://www.tribuneindia.com/news/j-k/acknowledge-1990-exodus-before-asking-us-to-return-apologise-kashmiri-pandits-to-farooq-abdullah/,false,1990-01-19-pandit-exodus
kashmirlife-64827-families,Kashmir Life,64827 Pandit families left Kashmir in 1990s: MHA,https://kashmirlife.net/64827-pandit-families-left-kashmir-in-1990s-mha-291192/,https://web.archive.org/web/https://kashmirlife.net/64827-pandit-families-left-kashmir-in-1990s-mha-291192/,false,1990-01-19-pandit-exodus
loksabha-kp-migrants-324,Lok Sabha (Digital Library of Parliament),Question 324: Kashmiri migrants,https://eparlib.sansad.in/bitstream/123456789/523799/1/324.pdf,https://web.archive.org/web/https://eparlib.sansad.in/bitstream/123456789/523799/1/324.pdf,false,1990-01-19-pandit-exodus
quint-kp-exodus-timeline,The Quint,Kashmiri Pandits Exodus: The Timeline & How 'The Kashmir Files' Deviates From It,https://fithindi.thequint.com/amp/story/news/india/kashmiri-pandits-exodus-the-timeline-how-the-kashmir-files-deviates-from-it,https://web.archive.org/web/https://fithindi.thequint.com/amp/story/news/india/kashmiri-pandits-exodus-the-timeline-how-the-kashmir-files-deviates-from-it,false,1990-01-19-pandit-exodus
wikipedia-kh-exodus,Wikipedia,Exodus of Kashmiri Hindus,https://en.wikipedia.org/wiki/Exodus_of_Kashmiri_Hindus,https://web.archive.org/web/https://en.wikipedia.org/wiki/Exodus_of_Kashmiri_Hindus,false,1990-01-19-pandit-exodus
theprint-iaf-1990-trial,ThePrint,"After 30 years, stage set for Yasin Malik's trial in 1990 killing of 4 IAF men in Kashmir",https://theprint.in/india/after-30-years-stage-set-for-yasin-maliks-trial-in-1990-killing-of-4-iaf-men-in-kashmir/287651/,https://web.archive.org/web/https://theprint.in/india/after-30-years-stage-set-for-yasin-maliks-trial-in-1990-killing-of-4-iaf-men-in-kashmir/287651/,false,1990-01-25-rawalpora-iaf
gk-iaf-1990-charges,Greater Kashmir,"1990 IAF personnel killings: Court frames charges against Yasin Malik, six others",https://www.greaterkashmir.com/kashmir/1990-iaf-personnel-killings-court-frames-charges-against-yasin-malik-six-others/,https://web.archive.org/web/https://www.greaterkashmir.com/kashmir/1990-iaf-personnel-killings-court-frames-charges-against-yasin-malik-six-others/,false,1990-01-25-rawalpora-iaf
tribune-iaf-1990-eyewitness,The Tribune,Eyewitness identifies Yasin Malik as main shooter in killing of 4 IAF officials in Srinagar,https://www.tribuneindia.com/news/j-k/eyewitness-identifies-yasin-as-main-shooter-in-killing-of-4-iaf-officials-582474,https://web.archive.org/web/https://www.tribuneindia.com/news/j-k/eyewitness-identifies-yasin-as-main-shooter-in-killing-of-4-iaf-officials-582474,false,1990-01-25-rawalpora-iaf
gk-satish-tickoo-case,Greater Kashmir,Killing of Satish Tickoo in 1990: Sessions court lists revision plea on May 4,https://www.greaterkashmir.com/srinagar/killing-of-satish-tickoo-in-1990-sessions-court-lists-revision-plea-on-may-4/,https://web.archive.org/web/https://www.greaterkashmir.com/srinagar/killing-of-satish-tickoo-in-1990-sessions-court-lists-revision-plea-on-may-4/,false,1990-02-02-satish-tickoo
tribune-bitta-karate-plea,The Tribune,Plea seeks trial against Bitta Karate for 'murder',https://www.tribuneindia.com/news/j-k/plea-seeks-trial-against-bitta-karate-for-murder-493006/,https://web.archive.org/web/https://www.tribuneindia.com/news/j-k/plea-seeks-trial-against-bitta-karate-for-murder-493006/,false,1990-02-02-satish-tickoo
tribune-ku-vc-acquittal,The Tribune,SC upholds acquittal of 'JKSLF members' in 1990 Kashmir University V-C murder case,https://www.tribuneindia.com/news/j-k/sc-upholds-acquittal-of-jkslf-members-in-1990-kashmir-university-v-c-murder-case,https://web.archive.org/web/https://www.tribuneindia.com/news/j-k/sc-upholds-acquittal-of-jkslf-members-in-1990-kashmir-university-v-c-murder-case,false,1990-04-06-ku-vc-abduction
gk-ku-vc-acquittal,Greater Kashmir,SC dismisses CBI appeal against acquittal of JKSLF members in former KU VC Mushir-ul-Haq murder case,https://www.greaterkashmir.com/latest-news/sc-dismisses-cbi-appeal-against-acquittal-of-jkslf-members-in-former-ku-vc-mushir-ul-haq-murder-case/,https://web.archive.org/web/https://www.greaterkashmir.com/latest-news/sc-dismisses-cbi-appeal-against-acquittal-of-jkslf-members-in-former-ku-vc-mushir-ul-haq-murder-case/,false,1990-04-06-ku-vc-abduction
tribune-sarla-bhat-chargesheet,The Tribune,Yasin Malik named prime accused in 1990 killing of nurse Sarla Bhat,https://www.tribuneindia.com/news/j-k/yasin-malik-named-prime-accused-in-1990-killing-of-nurse-sarla-bhat/,https://web.archive.org/web/https://www.tribuneindia.com/news/j-k/yasin-malik-named-prime-accused-in-1990-killing-of-nurse-sarla-bhat/,false,1990-04-18-sarla-bhat
gk-sarla-bhat-chargesheet,Greater Kashmir,"SIA files 737-page chargesheet against Yasin Malik, 4 others in Sarla Bhat murder case",https://www.greaterkashmir.com/kashmir/sia-files-737-page-chargesheet-against-yasin-malik-4-others-in-sarla-bhat-murder-case-12117357,https://web.archive.org/web/https://www.greaterkashmir.com/kashmir/sia-files-737-page-chargesheet-against-yasin-malik-4-others-in-sarla-bhat-murder-case-12117357,false,1990-04-18-sarla-bhat
theprint-premi-probe,ThePrint,"36 years later, probe into 1990 killing of Kashmiri Pandit writer Sarwanand Premi, son picks up pace",https://theprint.in/india/36-years-later-probe-into-1990-killing-of-kashmiri-pandit-writer-sarwanand-premi-son-picks-up-pace/3012361/,https://web.archive.org/web/https://theprint.in/india/36-years-later-probe-into-1990-killing-of-kashmiri-pandit-writer-sarwanand-premi-son-picks-up-pace/3012361/,false,1990-04-30-sarvanand-kaul-premi
de-premi-sia-raids,Daily Excelsior,"SIA raids 9 places of slain terrorist Sher Khan of Rajouri in Premi, son's killings",https://www.dailyexcelsior.com/sia-raids-9-places-of-slain-terrorist-sher-khan-of-rajouri-in-premi-sons-killings/,https://web.archive.org/web/https://www.dailyexcelsior.com/sia-raids-9-places-of-slain-terrorist-sher-khan-of-rajouri-in-premi-sons-killings/,false,1990-04-30-sarvanand-kaul-premi
tribune-mirwaiz-arrests,The Tribune,2 ultras held 33 years after Mirwaiz Farooq's killing,https://www.tribuneindia.com/news/j-k/2-ultras-held-33-years-after-mirwaiz-farooqs-killing-508394/,https://web.archive.org/web/https://www.tribuneindia.com/news/j-k/2-ultras-held-33-years-after-mirwaiz-farooqs-killing-508394/,false,1990-05-21-mirwaiz-farooq
outlook-mirwaiz-arrests,Outlook,Mirwaiz Assassination Case: J&K Police Say 2 Militants Absconding Since 1990 Arrested,https://www.outlookindia.com/national/mirwaiz-assassination-case-jk-police-say-2-militants-absconding-since-1990-arrested-news-286753,https://web.archive.org/web/https://www.outlookindia.com/national/mirwaiz-assassination-case-jk-police-say-2-militants-absconding-since-1990-arrested-news-286753,false,1990-05-21-mirwaiz-farooq
loksabha-1993-08-16-kishtwar,Lok Sabha (Digital Library of Parliament),"Lok Sabha debates, 16 August 1993 (pp. 132 to 135)",https://eparlib.nic.in/bitstream/123456789/810322/1/10_VII_16081993_p132_p135_d2.pdf,https://web.archive.org/web/https://eparlib.nic.in/bitstream/123456789/810322/1/10_VII_16081993_p132_p135_d2.pdf,false,1993-08-14-kishtwar-bus-massacre
organiser-terror-no-religion,Organiser,Terror has no religion: incidents of attacks on Hindus in J&K,https://organiser.org/2025/04/24/288808/bharat/terror-has-no-religion-timeline-of-religious-massacres-undertaken-by-islamists-targeting-hindus-sikhs-in-jk/,https://web.archive.org/web/https://organiser.org/2025/04/24/288808/bharat/terror-has-no-religion-timeline-of-religious-massacres-undertaken-by-islamists-targeting-hindus-sikhs-in-jk/,false,1993-08-14-kishtwar-bus-massacre; 1996-01-05-barshalla; 1998-04-17-prankote-dakikote; 2000-08-01-pahalgam-nunwan-base-camp; 2002-08-06-nunwan-amarnath; 2006-04-30-kulhand-tharwa
hinduismtoday-kishtwar-1993,Hinduism Today,"Kishtwar bus massacre, 1993",https://hinduismtoday.com/hpi/?p=1164,https://web.archive.org/web/https://hinduismtoday.com/hpi/?p=1164,false,1993-08-14-kishtwar-bus-massacre
kashmirlife-charar-after-mast-gul,Kashmir Life,Charar After Mast Gul,https://kashmirlife.net/charar-after-mast-gul-issue-09-vol-08-105467/,https://web.archive.org/web/https://kashmirlife.net/charar-after-mast-gul-issue-09-vol-08-105467/,false,1995-05-11-charar-e-sharif
de-charar-1995,Daily Excelsior,1995 Terror Attack: Charar-E-Sharief Sufi Tradition Remains Strong Amidst Lingering Scars,https://www.dailyexcelsior.com/1995-terror-attack-charar-e-sharief-sufi-tradition-remains-strong-amidst-lingering-scars/,https://web.archive.org/web/https://www.dailyexcelsior.com/1995-terror-attack-charar-e-sharief-sufi-tradition-remains-strong-amidst-lingering-scars/,false,1995-05-11-charar-e-sharif
kashmirlife-wronged-hostages,Kashmir Life,Wronged Hostages,https://kashmirlife.net/wronged-hostages-2306/,https://web.archive.org/web/https://kashmirlife.net/wronged-hostages-2306/,false,1995-07-04-al-faran-kidnapping
theprint-cia-ic814-plot,ThePrint,CIA had intel on plot to hijack Indian passenger aircraft 3 yrs before IC 814 episode in Kandahar,https://theprint.in/world/cia-had-intel-on-plot-to-hijack-indian-passenger-aircraft-3-yrs-before-ic-814-episode-in-kandahar/2253842/,https://web.archive.org/web/https://theprint.in/world/cia-had-intel-on-plot-to-hijack-indian-passenger-aircraft-3-yrs-before-ic-814-episode-in-kandahar/2253842/,false,1995-07-04-al-faran-kidnapping; 1999-12-24-ic-814-hijack
outlook-targeting-hindus-sikhs,Outlook,Targeting Hindus And Sikhs,https://www.outlookindia.com/national/targeting-hindus-and-sikhs-news-231116,https://web.archive.org/web/https://www.outlookindia.com/national/targeting-hindus-and-sikhs-news-231116,false,1996-01-05-barshalla
de-sangrampora-tribute,Daily Excelsior,"KPC, YMA pay tribute to Sangrampora martyrs, demand judicial probe",https://www.dailyexcelsior.com/kpc-yma-pay-tribute-to-sangrampora-martyrs-demand-judicial-probe/,https://web.archive.org/web/https://www.dailyexcelsior.com/kpc-yma-pay-tribute-to-sangrampora-martyrs-demand-judicial-probe/,false,1997-03-21-sangrampora
kashmirlife-sangrampora,Kashmir Life,Massacring A Village,https://kashmirlife.net/massacring-a-village-issue-51-vol-09-168855/,https://web.archive.org/web/https://kashmirlife.net/massacring-a-village-issue-51-vol-09-168855/,false,1997-03-21-sangrampora
gk-wandhama-1998,Greater Kashmir,1998 Wandhama Massacre: When 23 Kashmiri Pandits were killed in the dead of night,https://greaterkashmir.com/news/kashmir/1998-wandhama-massacre-when-23-kashmiri-pandits-were-killed-in-the-dead-of-night,https://web.archive.org/web/https://greaterkashmir.com/news/kashmir/1998-wandhama-massacre-when-23-kashmiri-pandits-were-killed-in-the-dead-of-night,false,1998-01-25-wandhama
theprint-wandhama-reopen,ThePrint,"J&K: Nearly 3 decades on, SIA reopens probe into Wandhama massacre of 23 Kashmiri Pandits",https://theprint.in/india/j-k-nearly-3-decades-on-sia-reopens-probe-into-wandhama-massacre-of-23-kashmiri-pandits/3024736/,https://web.archive.org/web/https://theprint.in/india/j-k-nearly-3-decades-on-sia-reopens-probe-into-wandhama-massacre-of-23-kashmiri-pandits/3024736/,false,1998-01-25-wandhama
open-wandhama-reopened,Open Magazine,Wandhama Massacre Reopened: Can 1998 Kashmiri Pandit Killings and Other Old Cases Still Stand Up in Court?,https://openthemagazine.com/india/wandhama-massacre-reopened-can-1998-kashmiri-pandit-killings-and-other-old-cases-still-stand-up-in-court,https://web.archive.org/web/https://openthemagazine.com/india/wandhama-massacre-reopened-can-1998-kashmiri-pandit-killings-and-other-old-cases-still-stand-up-in-court,false,1998-01-25-wandhama
de-prankote-neglect,Daily Excelsior,"2 decades after Prankote massacre, survivors remain neglected lot",https://www.dailyexcelsior.com/2-decades-after-prankote-massacre-survivors-remain-neglected-lot/,https://web.archive.org/web/https://www.dailyexcelsior.com/2-decades-after-prankote-massacre-survivors-remain-neglected-lot/,false,1998-04-17-prankote-dakikote
outlook-jammu-files,Outlook,Jammu Files: The Faceless Victims Of Militancy Across Pir Panjal,https://www.outlookindia.com/national/jammu-files-the-faceless-victims-of-militancy-across-the-pir-panjal-news-189966,https://web.archive.org/web/https://www.outlookindia.com/national/jammu-files-the-faceless-victims-of-militancy-across-the-pir-panjal-news-189966,false,1998-04-17-prankote-dakikote; 2001-02-09-kot-charwal
kashmirlife-cursed-marriages,Kashmir Life,The Cursed Marriages,https://kashmirlife.net/the-cursed-marriages-1501/,https://web.archive.org/web/https://kashmirlife.net/the-cursed-marriages-1501/,false,1998-06-19-chapnari
de-jammu-files,Daily Excelsior,"After Kashmir Files, Why Not Jammu Files?",https://www.dailyexcelsior.com/after-kashmir-files-why-not-jammu-files/,https://web.archive.org/web/https://www.dailyexcelsior.com/after-kashmir-files-why-not-jammu-files/,false,1998-06-19-chapnari; 2001-08-03-loodar-kishtwar; 2002-07-13-qasim-nagar
organiser-hindu-massacres-chronicle,Organiser,"Hindu Massacres in Bharat: A chronicle of targeted violence, terror attacks and communal bloodshed across six decades",https://organiser.org/2026/07/01/360467/bharat/hindu-massacres-in-bharat-a-chronicle-of-targeted-violence-terror-attacks-and-communal-bloodshed-across-six-decades/,https://web.archive.org/web/https://organiser.org/2026/07/01/360467/bharat/hindu-massacres-in-bharat-a-chronicle-of-targeted-violence-terror-attacks-and-communal-bloodshed-across-six-decades/,false,1998-06-19-chapnari; 1998-07-28-thakrai-sarwan; 1998-08-03-chamba; 2001-08-03-loodar-kishtwar; 2002-07-13-qasim-nagar
theprint-rajouri-communal-war,ThePrint,Pakistani militants bringing communal war back to J&K. Hindu killings in Rajouri are proof,https://theprint.in/opinion/security-code/pakistani-militants-bringing-communal-war-back-to-jk-hindu-killings-in-rajouri-are-proof/1297089/,https://web.archive.org/web/https://theprint.in/opinion/security-code/pakistani-militants-bringing-communal-war-back-to-jk-hindu-killings-in-rajouri-are-proof/1297089/,false,1998-07-28-thakrai-sarwan; 2001-02-09-kot-charwal
tribune-1998-chamba,The Tribune,Terrorists massacre 35 in Chamba,https://www.tribuneindia.com/1998/98aug04/head.htm,https://web.archive.org/web/https://www.tribuneindia.com/1998/98aug04/head.htm,false,1998-08-03-chamba
pib-kargil-vijay-diwas-2025,Press Information Bureau,Kargil Vijay Diwas 2025,https://www.pib.gov.in/PressNoteDetails.aspx?ModuleId=3&NoteId=154940&reg=48&lang=2,https://web.archive.org/web/https://www.pib.gov.in/PressNoteDetails.aspx?ModuleId=3&NoteId=154940&reg=48&lang=2,false,1999-05-03-kargil-war
theprint-kargil-vajpayee,ThePrint,How Indian Army's valour and Vajpayee's diplomacy won the Kargil War for India,https://theprint.in/past-forward/how-indian-armys-valour-and-vajpayees-diplomacy-won-the-kargil-war-for-india/259362/,https://web.archive.org/web/https://theprint.in/past-forward/how-indian-armys-valour-and-vajpayees-diplomacy-won-the-kargil-war-for-india/259362/,false,1999-05-03-kargil-war
tribune-kargil-26th,The Tribune,"On 26th anniversary, recalling a war that dawned upon India in May 1999",https://www.tribuneindia.com/news/india/on-26th-anniversary-recalling-a-war-that-dawned-upon-india-in-may-1999/,https://web.archive.org/web/https://www.tribuneindia.com/news/india/on-26th-anniversary-recalling-a-war-that-dawned-upon-india-in-may-1999/,false,1999-05-03-kargil-war
tribune-kalia-first-martyr,The Tribune,Courageous Capt: Palampur's son & first martyr of Kargil,https://www.tribuneindia.com/news/himachal/courageous-capt-palampurs-son-first-martyr-of-kargil/,https://web.archive.org/web/https://www.tribuneindia.com/news/himachal/courageous-capt-palampurs-son-first-martyr-of-kargil/,false,1999-05-15-saurabh-kalia-patrol
theprint-kalia-father,ThePrint,"Kargil wounds: Martyr Saurabh Kalia's father waits for justice, wants India to take Pakistan to ICJ",https://theprint.in/india/kargil-wounds-martyr-saurabh-kalias-father-waits-for-justice-wants-india-to-take-pakistan-to-icj/1055900/,https://web.archive.org/web/https://theprint.in/india/kargil-wounds-martyr-saurabh-kalias-father-waits-for-justice-wants-india-to-take-pakistan-to-icj/1055900/,false,1999-05-15-saurabh-kalia-patrol
outlook-fidayeen-timeline,Outlook,Some Of The Major Fidayeen Attacks In Jammu And Kashmir,https://www.outlookindia.com/national/india-news-timeline-of-fidayeen-attacks-in-jammu-and-kashmir-news-325485,https://web.archive.org/web/https://www.outlookindia.com/national/india-news-timeline-of-fidayeen-attacks-in-jammu-and-kashmir-news-325485,false,1999-11-03-badami-bagh-fidayeen; 2003-07-22-tanda-akhnoor; 2008-07-19-narbal-ied; 2008-08-27-chinore-hostage; 2013-09-26-hiranagar-samba; 2014-12-05-mohura-uri
kashmirlife-faultline,Kashmir Life,Fault-line Kashmir,https://kashmirlife.net/fault-line-kashmir-vol-10-issue-01-170629/,https://web.archive.org/web/https://kashmirlife.net/fault-line-kashmir-vol-10-issue-01-170629/,false,1999-11-03-badami-bagh-fidayeen; 2000-04-19-badami-bagh-car-bomb
outlook-jem-explainer,Outlook,What Is Jaish-e-Mohammad? Who Is Masood Azhar?,https://outlookindia.com/website/story/india-news-what-is-jaish-e-mohammed-why-india-calls-for-global-ban-on-masood-azhar/325499,https://web.archive.org/web/https://outlookindia.com/website/story/india-news-what-is-jaish-e-mohammed-why-india-calls-for-global-ban-on-masood-azhar/325499,false,1999-12-24-ic-814-hijack; 2001-10-01-jk-assembly-attack; 2005-11-02-nowgam-car-bomb
tribune-1999-12-26,The Tribune,"The Tribune, headlines, 26 December 1999",https://www.tribuneindia.com/1999/99dec26/head.htm,https://web.archive.org/web/https://www.tribuneindia.com/1999/99dec26/head.htm,false,1999-12-24-ic-814-hijack
theprint-us-visits-pattern,ThePrint,"Pattern of terror in J&K amid high-profile US visits: Chittisinghpura, Kaluchak & now Pahalgam",https://theprint.in/india/pattern-of-terror-in-jk-amid-high-profile-us-visits-chittisinghpura-kaluchak-now-pahalgam/2600199/,https://web.archive.org/web/https://theprint.in/india/pattern-of-terror-in-jk-amid-high-profile-us-visits-chittisinghpura-kaluchak-now-pahalgam/2600199/,false,2000-03-20-chittisinghpura; 2002-05-14-kaluchak
kashmirlife-chittisinghpura,Kashmir Life,20 March 2000: 34 Sikhs were Butchered in South Kashmir,https://kashmirlife.net/20-march-2000-34-sikhs-were-butchered-in-south-kashmir-99641/,https://web.archive.org/web/https://kashmirlife.net/20-march-2000-34-sikhs-were-butchered-in-south-kashmir-99641/,false,2000-03-20-chittisinghpura
tribune-chittisinghpura-relives,The Tribune,"In Pahalgam shadow, Sikh village relives own massacre",https://www.tribuneindia.com/news/j-k/in-pahalgam-shadow-sikh-village-relives-own-massacre/,https://web.archive.org/web/https://www.tribuneindia.com/news/j-k/in-pahalgam-shadow-sikh-village-relives-own-massacre/,false,2000-03-20-chittisinghpura
outlook-amarnath-2000-echoes,Outlook,"In J&K's Pahalgam Attack, Echoes Of 2000 Amarnath Massacre",https://www.outlookindia.com/national/in-jks-pahalgam-attack-echoes-of-2000-amarnath-massacre,https://web.archive.org/web/https://www.outlookindia.com/national/in-jks-pahalgam-attack-echoes-of-2000-amarnath-massacre,false,2000-08-01-pahalgam-nunwan-base-camp; 2000-08-01-qazigund-achabal-labourers; 2000-08-02-doda-massacres; 2000-08-02-kupwara-family-killed
tribune-2000-08-03,The Tribune,"The Tribune, main news, 3 August 2000",https://www.tribuneindia.com/2000/20000803/main1.htm,https://web.archive.org/web/https://www.tribuneindia.com/2000/20000803/main1.htm,false,2000-08-01-pahalgam-nunwan-base-camp; 2000-08-01-qazigund-achabal-labourers; 2000-08-02-doda-massacres; 2000-08-02-kupwara-family-killed
tribune-2001-02-11,The Tribune,"The Tribune, main news, 11 February 2001",https://www.tribuneindia.com/2001/20010211/main1.htm,https://web.archive.org/web/https://www.tribuneindia.com/2001/20010211/main1.htm,false,2001-02-09-kot-charwal
tribune-timeline-civilians-2000,The Tribune,A timeline of major terror attacks on civilians in Jammu & Kashmir since 2000,https://www.tribuneindia.com/news/j-k/a-timeline-of-major-terror-attacks-on-civilians-in-jammu-kashmir-since-2000/,https://web.archive.org/web/https://www.tribuneindia.com/news/j-k/a-timeline-of-major-terror-attacks-on-civilians-in-jammu-kashmir-since-2000/,false,2001-07-20-sheshnag-amarnath; 2002-05-14-kaluchak; 2003-03-23-nadimarg
organiser-two-decades-massacres,Organiser,Islamic Terrorism's Bloody Trail in J&K: Know all about two decades of civilian massacres,https://organiser.org/2025/04/23/288632/bharat/islamic-terrorisms-bloody-trail-in-jk-know-all-about-two-decades-of-civilian-massacres/,https://web.archive.org/web/https://organiser.org/2025/04/23/288632/bharat/islamic-terrorisms-bloody-trail-in-jk-know-all-about-two-decades-of-civilian-massacres/,false,2001-07-20-sheshnag-amarnath
tribune-2001-07-22,The Tribune,"The Tribune, main news, 22 July 2001",https://www.tribuneindia.com/2001/20010722/main1.htm,https://web.archive.org/web/https://www.tribuneindia.com/2001/20010722/main1.htm,false,2001-07-20-sheshnag-amarnath
tribune-2001-08-06,The Tribune,"The Tribune, main news, 6 August 2001",https://www.tribuneindia.com/2001/20010806/main1.htm,https://web.archive.org/web/https://www.tribuneindia.com/2001/20010806/main1.htm,false,2001-08-03-loodar-kishtwar
tribune-timeline-25-years,The Tribune,Timeline of major terrorist attacks in Kashmir over past 25 years,https://www.tribuneindia.com/news/timeline-of-major-terrorist-attacks-in-kashmir-over-past-25-years,https://web.archive.org/web/https://www.tribuneindia.com/news/timeline-of-major-terrorist-attacks-in-kashmir-over-past-25-years,false,2001-10-01-jk-assembly-attack
outlook-parliament-attack-explainer,Outlook,Explainer: Twenty Years Of Terror Attack On Indian Parliament,https://www.outlookindia.com/national/india-news-explainer-i-20-years-of-2001-parliament-terror-attack-news-404864,https://web.archive.org/web/https://www.outlookindia.com/national/india-news-explainer-i-20-years-of-2001-parliament-terror-attack-news-404864,false,2001-12-13-parliament-attack
organiser-parliament-attack,Organiser,Parliament Attack Anniversary: Reflecting on the scar of December 13 attack on democracy & its aftermath,https://organiser.org/2024/12/13/210662/bharat/parliament-attack-reflecting-on-the-scarce-of-december-13-attack-on-democracy-its-aftermath/,https://web.archive.org/web/https://organiser.org/2024/12/13/210662/bharat/parliament-attack-reflecting-on-the-scarce-of-december-13-attack-on-democracy-its-aftermath/,false,2001-12-13-parliament-attack
organiser-raghunath-temple,Organiser,"Shri Raghunath Temple: How Faith survived displacement, humiliation and terror in Jammu & Kashmir",https://organiser.org/2026/01/21/335565/bharat/shri-raghunath-temple-how-faith-survived-displacement-humiliation-and-terror-in-jammu-kashmir/,https://web.archive.org/web/https://organiser.org/2026/01/21/335565/bharat/shri-raghunath-temple-how-faith-survived-displacement-humiliation-and-terror-in-jammu-kashmir/,false,2002-03-30-raghunath-temple; 2002-11-24-raghunath-temple-second
tribune-2002-04-01-jk,The Tribune,"The Tribune, Jammu & Kashmir page, 1 April 2002",https://www.tribuneindia.com/2002/20020401/j&k.htm,https://web.archive.org/web/https://www.tribuneindia.com/2002/20020401/j&k.htm,false,2002-03-30-raghunath-temple
tribune-2002-05-15-kaluchak,The Tribune,Militants massacre 23 kin of Army men,https://www.tribuneindia.com/2002/20020515/main1.htm,https://web.archive.org/web/https://www.tribuneindia.com/2002/20020515/main1.htm,false,2002-05-14-kaluchak
outlook-kaluchak-after,Outlook,Kaluchak And After,https://outlookindia.com/website/story/kaluchak-and-after/215613,https://web.archive.org/web/https://outlookindia.com/website/story/kaluchak-and-after/215613,false,2002-05-14-kaluchak
outlook-lone-shot-dead,Outlook,Hurriyat Leader Lone Shot Dead,https://www.outlookindia.com/website/story/hurriyat-leader-lone-shot-dead/215704,https://web.archive.org/web/https://www.outlookindia.com/website/story/hurriyat-leader-lone-shot-dead/215704,false,2002-05-21-abdul-ghani-lone
kashmirlife-remembering-lone,Kashmir Life,Remembering Abdul Gani Lone,https://kashmirlife.net/remembering-abdul-gani-lone-141141/,https://web.archive.org/web/https://kashmirlife.net/remembering-abdul-gani-lone-141141/,false,2002-05-21-abdul-ghani-lone
tribune-2002-07-15,The Tribune,"The Tribune, main news, 15 July 2002",https://www.tribuneindia.com/2002/20020715/main2.htm,https://web.archive.org/web/https://www.tribuneindia.com/2002/20020715/main2.htm,false,2002-07-13-qasim-nagar
tribune-2002-08-07-nunwan,The Tribune,"The Tribune, main news, 7 August 2002",https://www.tribuneindia.com/2002/20020807/main1.htm,https://web.archive.org/web/https://www.tribuneindia.com/2002/20020807/main1.htm,false,2002-08-06-nunwan-amarnath
tribune-2002-11-25,The Tribune,"The Tribune, main news, 25 November 2002",https://www.tribuneindia.com/2002/20021125/main1.htm,https://web.archive.org/web/https://www.tribuneindia.com/2002/20021125/main1.htm,false,2002-11-24-raghunath-temple-second
tribune-2002-11-26,The Tribune,"The Tribune, main news, 26 November 2002",https://www.tribuneindia.com/2002/20021126/main1.htm,https://web.archive.org/web/https://www.tribuneindia.com/2002/20021126/main1.htm,false,2002-11-24-raghunath-temple-second
tribune-nadimarg-tribute,The Tribune,Kashmiri Pandits gather at Nadimarg to honour victims of 2003 LeT terror attack,https://www.tribuneindia.com/news/j-k/kashmiri-pandits-gather-at-nadimarg-to-honour-victims-of-2003-let-terror-attack/,https://web.archive.org/web/https://www.tribuneindia.com/news/j-k/kashmiri-pandits-gather-at-nadimarg-to-honour-victims-of-2003-let-terror-attack/,false,2003-03-23-nadimarg
ians-nadimarg-remembers,IANS,J&K's Nadimarg village remembers 24 Kashmiri Pandits killed by terrorists in 2003,https://ianslive.in/nadimarg-village-remembers-its-24-innocent-civilians-killed-by-terrorists-in-2003--20250323134835,https://web.archive.org/web/https://ianslive.in/nadimarg-village-remembers-its-24-innocent-civilians-killed-by-terrorists-in-2003--20250323134835,false,2003-03-23-nadimarg
gk-nadimarg-trial,Greater Kashmir,2003 Nadimarg massacre of Kashmiri Pandits: High Court orders resumption of trial,https://www.greaterkashmir.com/uncategorized/2003-nadimarg-massacre-of-kashmiri-pandits-high-court-orders-resumption-of-trial/,https://web.archive.org/web/https://www.greaterkashmir.com/uncategorized/2003-nadimarg-massacre-of-kashmiri-pandits-high-court-orders-resumption-of-trial/,false,2003-03-23-nadimarg
theprint-sunjuwan-lessons,ThePrint,"Lessons from Sunjuwan: Get a smart, effective perimeter security system at military bases",https://theprint.in/opinion/state-of-play/lessons-from-sunjuwan-get-a-smart-effective-perimeter-security-system-at-military-bases/35497/,https://web.archive.org/web/https://theprint.in/opinion/state-of-play/lessons-from-sunjuwan-get-a-smart-effective-perimeter-security-system-at-military-bases/35497/,false,2003-06-28-sunjwan-army-camp
tribune-major-attacks-jk,The Tribune,Major terror attacks in J&K,https://www.tribuneindia.com/news/archive/features/major-terror-attacks-in-jk-730241,https://web.archive.org/web/https://www.tribuneindia.com/news/archive/features/major-terror-attacks-in-jk-730241,false,2003-06-28-sunjwan-army-camp; 2008-07-19-narbal-ied; 2013-06-24-hyderpora-ambush; 2014-12-05-mohura-uri; 2016-06-25-pampore-crpf
tribune-2003-06-29,The Tribune,"The Tribune, main news, 29 June 2003",https://www.tribuneindia.com/2003/20030629/main1.htm,https://web.archive.org/web/https://www.tribuneindia.com/2003/20030629/main1.htm,false,2003-06-28-sunjwan-army-camp
tribune-2003-07-24,The Tribune,"The Tribune, special editorial, 24 July 2003",https://www.tribuneindia.com/2003/20030724/main3.htm,https://web.archive.org/web/https://www.tribuneindia.com/2003/20030724/main3.htm,false,2003-07-22-tanda-akhnoor
tribune-2003-07-23,The Tribune,"The Tribune, main news, 23 July 2003",https://www.tribuneindia.com/2003/20030723/main2.htm,https://web.archive.org/web/https://www.tribuneindia.com/2003/20030723/main2.htm,false,2003-07-22-tanda-akhnoor
kashmirlife-ceasefires-catalogue,Kashmir Life,Kashmir Ceasefire: A Complete List,https://kashmirlife.net/kashmir-ceasefires-a-catalogue-vol-17-issue-08-391296/,https://web.archive.org/web/https://kashmirlife.net/kashmir-ceasefires-a-catalogue-vol-17-issue-08-391296/,false,2003-11-26-loc-ceasefire
tribune-cfv-2020-highest,The Tribune,Highest number of ceasefire violations by Pak in 2020 since 2003 truce came into effect: Officials,https://www.tribuneindia.com/news/j-k/highest-number-of-ceasefire-violations-by-pak-in-2020-since-2003-truce-came-into-effect-officials-191025/,https://web.archive.org/web/https://www.tribuneindia.com/news/j-k/highest-number-of-ceasefire-violations-by-pak-in-2020-since-2003-truce-came-into-effect-officials-191025/,false,2003-11-26-loc-ceasefire
tribune-2005-04-07,The Tribune,"The Tribune, main news, 7 April 2005",https://www.tribuneindia.com/2005/20050407/main1.htm,https://web.archive.org/web/https://www.tribuneindia.com/2005/20050407/main1.htm,false,2005-04-06-tourist-reception-centre
outlook-threshold-violence,Outlook,The Threshold Of Violence,https://www.outlookindia.com/national/the-threshold-of-violence-news-228217,https://web.archive.org/web/https://www.outlookindia.com/national/the-threshold-of-violence-news-228217,false,2005-04-06-tourist-reception-centre
kashmirlife-democracy-costs,Kashmir Life,Kashmir: Democracy Costs,https://kashmirlife.net/kashmir-democracy-costs-vol-16-issue-23-364930/,https://web.archive.org/web/https://kashmirlife.net/kashmir-democracy-costs-vol-16-issue-23-364930/,false,2005-10-18-gn-lone-minister
tribune-2005-11-03,The Tribune,"The Tribune, main news, 3 November 2005",https://www.tribuneindia.com/2005/20051103/main1.htm,https://web.archive.org/web/https://www.tribuneindia.com/2005/20051103/main1.htm,false,2005-11-02-nowgam-car-bomb
outlook-means-and-ends,Outlook,Means And Ends,https://www.outlookindia.com/national/means-and-ends-news-231179,https://web.archive.org/web/https://www.outlookindia.com/national/means-and-ends-news-231179,false,2006-04-30-basantgarh-shepherds; 2006-04-30-kulhand-tharwa
tribune-2006-05-02,The Tribune,"The Tribune, main news, 2 May 2006",https://www.tribuneindia.com/2006/20060502/main1.htm,https://web.archive.org/web/https://www.tribuneindia.com/2006/20060502/main1.htm,false,2006-04-30-basantgarh-shepherds; 2006-04-30-kulhand-tharwa
kashmirlife-first-hostage-taking,Kashmir Life,First Hostage Taking,https://kashmirlife.net/first-hostage-taking-issue-38-vol-07-91308/,https://web.archive.org/web/https://kashmirlife.net/first-hostage-taking-issue-38-vol-07-91308/,false,2008-08-27-chinore-hostage
kashmirlife-bemina-crpf,Kashmir Life,"5 CRPF Men, 2 Militants Killed In Bemina Firing",https://kashmirlife.net/5-crpf-men-2-militants-killed-in-bemina-firing-24849/,https://web.archive.org/web/https://kashmirlife.net/5-crpf-men-2-militants-killed-in-bemina-firing-24849/,false,2013-03-13-bemina-crpf
kashmirlife-fidayeen-attacked-crpf,Kashmir Life,Fidayeen Attacked CRPF: Omar,https://kashmirlife.net/fidayeen-attacked-crpf-omar-24870/,https://web.archive.org/web/https://kashmirlife.net/fidayeen-attacked-crpf-omar-24870/,false,2013-03-13-bemina-crpf
outlook-enveloping-blindness,Outlook,An Enveloping Blindness,https://www.outlookindia.com/website/story/an-enveloping-blindness/284591,https://web.archive.org/web/https://www.outlookindia.com/website/story/an-enveloping-blindness/284591,false,2013-03-13-bemina-crpf
kashmirlife-hyderpora-police,Kashmir Life,Hyderpora Encounter: The Detailed Police Statement,https://kashmirlife.net/hyderpora-encounter-the-detailed-police-statement-279911/,https://web.archive.org/web/https://kashmirlife.net/hyderpora-encounter-the-detailed-police-statement-279911/,false,2013-06-24-hyderpora-ambush
tribune-2013-09-27,The Tribune,"The Tribune, main news, 27 September 2013",https://www.tribuneindia.com/2013/20130927/main1.htm,https://web.archive.org/web/https://www.tribuneindia.com/2013/20130927/main1.htm,false,2013-09-26-hiranagar-samba
tribune-kathua-7-die,The Tribune,7 die in Kathua police station attack,https://www.tribuneindia.com/news/archive/community/7-die-in-kathua-police-station-attack-56555/,https://web.archive.org/web/https://www.tribuneindia.com/news/archive/community/7-die-in-kathua-police-station-attack-56555/,false,2015-03-20-kathua-rajbagh
tribune-kathua-assembly-rocked,The Tribune,Kathua militant attack rocks J&K Assembly,https://www.tribuneindia.com/news/archive/features/kathua-militant-attack-rocks-j-k-assembly-56180,https://web.archive.org/web/https://www.tribuneindia.com/news/archive/features/kathua-militant-attack-rocks-j-k-assembly-56180,false,2015-03-20-kathua-rajbagh
pioneer-fierce-encounter-kathua,The Pioneer,Fierce encounter in Kathua,http://www.dailypioneer.com/2025/page1/fierce-encounter-in-kathua.html,https://web.archive.org/web/http://www.dailypioneer.com/2025/page1/fierce-encounter-in-kathua.html,false,2015-03-20-kathua-rajbagh
tribune-udhampur-bsf-2015,The Tribune,Terrorist caught after attack on convoy kills 2 BSF men in J&K,https://www.tribuneindia.com/news/archive/j-k/terrorist-caught-after-attack-on-convoy-kills-2-bsf-men-in-j-k-115887,https://web.archive.org/web/https://www.tribuneindia.com/news/archive/j-k/terrorist-caught-after-attack-on-convoy-kills-2-bsf-men-in-j-k-115887,false,2015-08-05-udhampur-bsf-naved
outlook-hanzla-adnan,Outlook,Pakistan: Gunmen Kill Lashkar Terrorist And Udhampur Attack Mastermind Hanzla Adnan In Karachi,https://www.outlookindia.com/international/pakistan-gunmen-kill-lashkar-terrorist-and-udhampur-attack-mastermind-hanzla-adnan-in-karachi-news-334872,https://web.archive.org/web/https://www.outlookindia.com/international/pakistan-gunmen-kill-lashkar-terrorist-and-udhampur-attack-mastermind-hanzla-adnan-in-karachi-news-334872,false,2015-08-05-udhampur-bsf-naved
de-pampore-8-crpf,Daily Excelsior,"8 CRPF men, 2 militants killed; 20 injured in Pampore attack",https://www.dailyexcelsior.com/8-crpf-men-2-militants-killed-20-injured-pampore-attack/,https://web.archive.org/web/https://www.dailyexcelsior.com/8-crpf-men-2-militants-killed-20-injured-pampore-attack/,false,2016-06-25-pampore-crpf
outlook-burhan-2-years,Outlook,2 Years Since Burhan Wani's Death: How He Changed The Discourse On Militancy In Kashmir,https://outlookindia.com/website/story/how-burhan-wani-changed-the-definition-of-militancy-in-kashmir/313209,https://web.archive.org/web/https://outlookindia.com/website/story/how-burhan-wani-changed-the-definition-of-militancy-in-kashmir/313209,false,2016-07-08-burhan-wani-killed
de-burhan-aftermath,Daily Excelsior,The death of a renegade: Burhan Wani's killing and its aftermath,https://www.dailyexcelsior.com/death-renegade-burhan-wanis-killing-aftermath/,https://web.archive.org/web/https://www.dailyexcelsior.com/death-renegade-burhan-wanis-killing-aftermath/,false,2016-07-08-burhan-wani-killed
de-uri-17-killed,Daily Excelsior,17 Army men killed in deadliest attack at Uri Brigade,https://www.dailyexcelsior.com/news/archive/17-army-men-killed-deadliest-attack-uri-brigade,https://web.archive.org/web/https://www.dailyexcelsior.com/news/archive/17-army-men-killed-deadliest-attack-uri-brigade,false,2016-09-18-uri-attack
tribune-uri-17-4,The Tribune,"17 soldiers, 4 terrorists killed in Uri attack",https://www.tribuneindia.com/news/archive/community/17-soldiers-4-terrorists-killed-in-uri-attack-297074/,https://web.archive.org/web/https://www.tribuneindia.com/news/archive/community/17-soldiers-4-terrorists-killed-in-uri-attack-297074/,false,2016-09-18-uri-attack
tribune-uri-toll-19,The Tribune,Uri attack toll rises to 19,https://www.tribuneindia.com/news/archive/features/uri-attack-toll-rises-to-19-302981,https://web.archive.org/web/https://www.tribuneindia.com/news/archive/features/uri-attack-toll-rises-to-19-302981,false,2016-09-18-uri-attack
theprint-surgical-no-data,ThePrint,"No data of surgical strikes before September 2016, says Army",https://theprint.in/defence/no-data-of-surgical-strikes-before-september-2016-says-army/232895/,https://web.archive.org/web/https://theprint.in/defence/no-data-of-surgical-strikes-before-september-2016-says-army/232895/,false,2016-09-18-uri-attack; 2016-09-29-surgical-strikes
tribune-surgical-strike-first,The Tribune,"2016 surgical strike was first, says Lt Gen Ranbir, the then DGMO",https://www.tribuneindia.com/news/archive/nation/2016-surgical-strike-was-first-says-lt-gen-ranbir-the-then-dgmo-775831/,https://web.archive.org/web/https://www.tribuneindia.com/news/archive/nation/2016-surgical-strike-was-first-says-lt-gen-ranbir-the-then-dgmo-775831/,false,2016-09-29-surgical-strikes
de-nagrota-2016,Daily Excelsior,"Two Army Majors, 5 jawans, 6 terrorists killed",https://www.dailyexcelsior.com/two-army-majors-5-jawans-6-terrorists-killed/,https://web.archive.org/web/https://www.dailyexcelsior.com/two-army-majors-5-jawans-6-terrorists-killed/,false,2016-11-29-nagrota
kashmirlife-nagrota-army,Kashmir Life,Nagrota attack: Army version,https://kashmirlife.net/nagrota-attack-army-version-125017/,https://web.archive.org/web/https://kashmirlife.net/nagrota-attack-army-version-125017/,false,2016-11-29-nagrota
de-amarnath-2017-let,Daily Excelsior,"LeT behind attack on yatris; 4 arrested, 4 killed, 3 absconding",https://www.dailyexcelsior.com/news/archive/let-behind-attack-yatris-4-arrested-4-killed-3-absconding,https://web.archive.org/web/https://www.dailyexcelsior.com/news/archive/let-behind-attack-yatris-4-arrested-4-killed-3-absconding,false,2017-07-10-amarnath-bus-attack
de-massacre-of-pilgrims,Daily Excelsior,Massacre of the pilgrims,https://www.dailyexcelsior.com/massacre-of-the-pilgrims/,https://web.archive.org/web/https://www.dailyexcelsior.com/massacre-of-the-pilgrims/,false,2017-07-10-amarnath-bus-attack
outlook-amarnath-2017-bandh,Outlook,Amarnath Attack: Indo-Pak Buses Diverted As Phagwara Observes Bandh,https://www.outlookindia.com/newswire/story/amarnath-attack-indo-pak-buses-diverted-as-phagwara-observes-bandh/972195,https://web.archive.org/web/https://www.outlookindia.com/newswire/story/amarnath-attack-indo-pak-buses-diverted-as-phagwara-observes-bandh/972195,false,2017-07-10-amarnath-bus-attack
wire-amarnath-2017-seven,The Wire,"Seven Amarnath pilgrims killed, 15 injured in terror attack in Anantnag",https://thewire.in/156349/seven-amarnath-pilgrims-killed-15-injured-in-terror-attack-in-anantnag/,https://web.archive.org/web/https://thewire.in/156349/seven-amarnath-pilgrims-killed-15-injured-in-terror-attack-in-anantnag/,false,2017-07-10-amarnath-bus-attack
outlook-sunjuwan-toll-10,Outlook,Sunjuwan Attack: Body Of Another Soldier Recovered; Death Toll Rises To 10,https://www.outlookindia.com/national/sunjuwan-attack-body-of-another-army-jawan-recovered-death-toll-rises-to-10-news-308238,https://web.archive.org/web/https://www.outlookindia.com/national/sunjuwan-attack-body-of-another-army-jawan-recovered-death-toll-rises-to-10-news-308238,false,2018-02-10-sunjuwan
kashmirlife-sunjwan-story,Kashmir Life,Sunjwan Fidayeen Attack: The Complete Story,https://kashmirlife.net/sunjwan-fidayeen-attack-the-complete-story-164988/,https://web.archive.org/web/https://kashmirlife.net/sunjwan-fidayeen-attack-the-complete-story-164988/,false,2018-02-10-sunjuwan
theprint-aurangzeb-probe,ThePrint,Indian Army probing two soldiers for 'tipping off' militants who killed rifleman Aurangzeb,https://theprint.in/defence/indian-army-probing-two-soldiers-for-tipping-off-militants-who-killed-rifleman-aurangzeb/189107/,https://web.archive.org/web/https://theprint.in/defence/indian-army-probing-two-soldiers-for-tipping-off-militants-who-killed-rifleman-aurangzeb/189107/,false,2018-06-14-rifleman-aurangzeb
outlook-aurangzeb-shaurya,Outlook,"Major Aditya, Slain Rifleman Aurangzeb To Get Shaurya Chakra",https://www.outlookindia.com/national/major-aditya-slain-rifleman-aurangzeb-to-get-shaurya-chakra-news-315047,https://web.archive.org/web/https://www.outlookindia.com/national/major-aditya-slain-rifleman-aurangzeb-to-get-shaurya-chakra-news-315047,false,2018-06-14-rifleman-aurangzeb
gk-bukhari-shot-dead,Greater Kashmir,Rising Kashmir Editor-in-Chief Shujaat Bukhari shot dead,https://www.greaterkashmir.com/kashmir/rising-kashmir-editor-in-chief-shujaat-bukhari-shot-dead/,https://web.archive.org/web/https://www.greaterkashmir.com/kashmir/rising-kashmir-editor-in-chief-shujaat-bukhari-shot-dead/,false,2018-06-14-shujaat-bukhari
tribune-bukhari-sajjad-gul,The Tribune,Sajjad Gul who plotted Shujaat Bukhari's killing designated as terrorist,https://www.tribuneindia.com/news/j-k/sajjad-gul-who-plotted-shujaat-bukharis-killing-designated-as-terrorist-387739,https://web.archive.org/web/https://www.tribuneindia.com/news/j-k/sajjad-gul-who-plotted-shujaat-bukharis-killing-designated-as-terrorist-387739,false,2018-06-14-shujaat-bukhari
outlook-pulwama-list,Outlook,Pulwama Terror Attack: Complete List Of Martyred CRPF Jawans,https://www.outlookindia.com/national/pulwama-terror-attack-complete-list-of-martyred-crpf-jawans-news-325538,https://web.archive.org/web/https://www.outlookindia.com/national/pulwama-terror-attack-complete-list-of-martyred-crpf-jawans-news-325538,false,2019-02-14-pulwama
tribune-pulwama-42,The Tribune,42 CRPF jawans killed in Pulwama blast,https://www.tribuneindia.com/news/archive/j-k/42-crpf-jawans-killed-in-pulwama-blast-728948,https://web.archive.org/web/https://www.tribuneindia.com/news/archive/j-k/42-crpf-jawans-killed-in-pulwama-blast-728948,false,2019-02-14-pulwama
tribune-pulwama-19-attackers,The Tribune,"Of 19 Pulwama attackers, eight eliminated, seven arrested so far",https://www.tribuneindia.com/news/j-k/of-19-pulwama-attackers-eight-eliminated-seven-arrested-so-far-479791,https://web.archive.org/web/https://www.tribuneindia.com/news/j-k/of-19-pulwama-attackers-eight-eliminated-seven-arrested-so-far-479791,false,2019-02-14-pulwama
pib-fs-balakot,Press Information Bureau,Statement by Foreign Secretary on 26 February 2019 on the Strike on JeM training camp at Balakot,https://pib.gov.in/newsite/PrintRelease.aspx?relid=188948,https://web.archive.org/web/https://pib.gov.in/newsite/PrintRelease.aspx?relid=188948,false,2019-02-26-balakot
theprint-pak-hit-back-balakot,ThePrint,"How Pakistan planned to hit India back for Balakot: the mission, the fighters, the tactics",https://theprint.in/defence/how-pakistan-planned-to-hit-india-back-for-balakot-the-mission-the-fighters-the-tactics/291522/,https://web.archive.org/web/https://theprint.in/defence/how-pakistan-planned-to-hit-india-back-for-balakot-the-mission-the-fighters-the-tactics/291522/,false,2019-02-26-balakot; 2019-02-27-pakistan-air-raid
theprint-abhinandan-returns,ThePrint,IAF pilot Abhinandan Varthaman returns to India 2 days after being captured by Pakistan,https://theprint.in/defence/iaf-pilot-abhinandan-varthaman-returns-to-india-2-days-after-being-captured-by-pakistan/200029/,https://web.archive.org/web/https://theprint.in/defence/iaf-pilot-abhinandan-varthaman-returns-to-india-2-days-after-being-captured-by-pakistan/200029/,false,2019-02-27-pakistan-air-raid
tribune-abhinandan-vir-chakra,The Tribune,Gp Capt Abhinandan receives Vir Chakra for downing Pak jet,https://www.tribuneindia.com/news/nation/gp-capt-abhinandan-receives-vir-chakra-for-downing-pak-jet-341551,https://web.archive.org/web/https://www.tribuneindia.com/news/nation/gp-capt-abhinandan-receives-vir-chakra-for-downing-pak-jet-341551,false,2019-02-27-pakistan-air-raid
pib-jei-ban-extended,Press Information Bureau,Government declares 'Jamaat-e-Islami Jammu Kashmir' as an 'Unlawful Association' for a further period of 5 years,https://www.pib.gov.in/PressReleaseIframePage.aspx?PRID=2009511&reg=3&lang=2,https://web.archive.org/web/https://www.pib.gov.in/PressReleaseIframePage.aspx?PRID=2009511&reg=3&lang=2,false,2019-02-28-jei-banned
de-jei-ban,Daily Excelsior,"Banning of Jamaat-e-Islami, Jammu and Kashmir",https://www.dailyexcelsior.com/banning-of-jamaat-e-islami-jammu-and-kashmir/,https://web.archive.org/web/https://www.dailyexcelsior.com/banning-of-jamaat-e-islami-jammu-and-kashmir/,false,2019-02-28-jei-banned
theprint-jklf-banned,ThePrint,"What is the JKLF, the organisation banned by the Modi government",https://theprint.in/india/what-is-the-jklf-the-organisation-banned-by-the-modi-government/210560/,https://web.archive.org/web/https://theprint.in/india/what-is-the-jklf-the-organisation-banned-by-the-modi-government/210560/,false,2019-03-22-jklf-banned
tribune-jklf-banned,The Tribune,JKLF banned under Unlawful Activities Act,https://www.tribuneindia.com/news/archive/j-k/jklf-banned-under-unlawful-activities-act-747038,https://web.archive.org/web/https://www.tribuneindia.com/news/archive/j-k/jklf-banned-under-unlawful-activities-act-747038,false,2019-03-22-jklf-banned
tribune-jklf-tribunal,The Tribune,UAPA Tribunal upholds Centre's decision to extend ban on JKLF,https://www.tribuneindia.com/news/j-k/uapa-tribunal-upholds-centres-decision-to-extend-ban-on-jklf/,https://web.archive.org/web/https://www.tribuneindia.com/news/j-k/uapa-tribunal-upholds-centres-decision-to-extend-ban-on-jklf/,false,2019-03-22-jklf-banned
outlook-370-scrapped,Outlook,"Army On High Alert Along LoC After Article 370 Scrapped, J&K Bifurcated",https://www.outlookindia.com/national/india-news-as-kashmir-reels-under-curfew-and-communication-blackout-article-370-scrapped-jk-bifurcated-news-335622,https://web.archive.org/web/https://www.outlookindia.com/national/india-news-as-kashmir-reels-under-curfew-and-communication-blackout-article-370-scrapped-jk-bifurcated-news-335622,false,2019-08-05-article-370; 2019-10-31-union-territories
tribune-370-new-era,The Tribune,Abrogation of Article 370 marked new era for Jammu and Kashmir: Amit Shah,https://www.tribuneindia.com/news/india/abrogation-of-article-370-marked-new-era-for-jammu-and-kashmir-amit-shah/,https://web.archive.org/web/https://www.tribuneindia.com/news/india/abrogation-of-article-370-marked-new-era-for-jammu-and-kashmir-amit-shah/,false,2019-08-05-article-370
pib-sc-370-verdict,Press Information Bureau,Union Home Minister welcomes the Supreme Court's ruling to uphold the decision to abolish Article 370,https://www.pib.gov.in/PressReleasePage.aspx?PRID=1984951&reg=48&lang=2,https://web.archive.org/web/https://www.pib.gov.in/PressReleasePage.aspx?PRID=1984951&reg=48&lang=2,false,2019-08-05-article-370
outlook-sc-370,Outlook,"SC Says Article 370 Was A Temporary Provision, Revocation By Presidential Order Valid; Orders Polls In J&K",https://www.outlookindia.com/national/supreme-court-verdict-on-article-370-abrogation-special-status-jammu-and-kashmir-statehood-news-335737,https://web.archive.org/web/https://www.outlookindia.com/national/supreme-court-verdict-on-article-370-abrogation-special-status-jammu-and-kashmir-statehood-news-335737,false,2019-08-05-article-370
theprint-kulgam-5-labourers,ThePrint,"5 non-Kashmiri labourers shot dead in J&K's Kulgam, one more injured",https://theprint.in/india/5-non-kashmiri-labourers-shot-dead-in-jks-kulgam/313105/,https://web.archive.org/web/https://theprint.in/india/5-non-kashmiri-labourers-shot-dead-in-jks-kulgam/313105/,false,2019-10-29-kulgam-labourers
theprint-kutroosa-grief,ThePrint,"In Kashmir, grief & guilt after murder of 5 men who were guests of Kutroosa for 12 years",https://theprint.in/india/kashmir-grief-guilt-after-murder-5-men-guests-of-kutroosa-for-12-years/313332/,https://web.archive.org/web/https://theprint.in/india/kashmir-grief-guilt-after-murder-5-men-guests-of-kutroosa-for-12-years/313332/,false,2019-10-29-kulgam-labourers
outlook-kulgam-congress,Outlook,"After Kulgam Attack, Congress Asks PM Modi To Allow All-Party Delegation To J&K",https://www.outlookindia.com/national/india-news-after-kulgam-attack-congress-asks-pm-modi-to-allow-all-party-delegation-to-jk-news-341398,https://web.archive.org/web/https://www.outlookindia.com/national/india-news-after-kulgam-attack-congress-asks-pm-modi-to-allow-all-party-delegation-to-jk-news-341398,false,2019-10-29-kulgam-labourers
journalsofindia-new-map,Journals of India,New map of Jammu and Kashmir,https://journalsofindia.com/new-map-of-jammu-and-kashmir/?print=pdf,https://web.archive.org/web/https://journalsofindia.com/new-map-of-jammu-and-kashmir/?print=pdf,false,2019-10-31-union-territories
wire-pok-in-ut-map,The Wire,"PoK in Union Territory of J&K, Gilgit-Baltistan in Ladakh in newly released map of India",https://cms.thewire.in/government/pok-in-union-territory-of-jk-gilgit-baltistan-in-ladakh-in-newly-released-map-of-india,https://web.archive.org/web/https://cms.thewire.in/government/pok-in-union-territory-of-jk-gilgit-baltistan-in-ladakh-in-newly-released-map-of-india,false,2019-10-31-union-territories
gk-handwara-colonel,Greater Kashmir,"Colonel, Major among five security personnel killed in encounter with militants in north Kashmir's Handwara",https://www.greaterkashmir.com/kashmir/colonel-major-among-five-security-personnel-killed-in-encounter-with-militants-in-north-kashmirs-handwara/,https://web.archive.org/web/https://www.greaterkashmir.com/kashmir/colonel-major-among-five-security-personnel-killed-in-encounter-with-militants-in-north-kashmirs-handwara/,false,2020-05-02-handwara
theprint-handwara-co,ThePrint,Rashtriya Rifles battalion CO among 5 killed in encounter with terrorists in J&K's Handwara,https://theprint.in/defence/rashtriya-rifles-battalion-co-among-5-killed-in-encounter-with-terrorists-in-jks-handwara/413442/,https://web.archive.org/web/https://theprint.in/defence/rashtriya-rifles-battalion-co-among-5-killed-in-encounter-with-terrorists-in-jks-handwara/413442/,false,2020-05-02-handwara
theprint-naikoo-killed,ThePrint,Kashmir's most wanted terrorist Riyaz Naikoo killed in encounter in his Pulwama village,https://theprint.in/defence/kashmirs-most-wanted-terrorist-riyaz-naikoo-killed-in-encounter-in-his-pulwama-village/415391/,https://web.archive.org/web/https://theprint.in/defence/kashmirs-most-wanted-terrorist-riyaz-naikoo-killed-in-encounter-in-his-pulwama-village/415391/,false,2020-05-06-riyaz-naikoo-killed
tribune-naikoo-killed,The Tribune,Hizbul Mujahideen chief Naikoo killed in J&K encounter,https://www.tribuneindia.com/news/nation/hizbul-mujahideen-chief-naikoo-killed-in-jk-encounter-81424,https://web.archive.org/web/https://www.tribuneindia.com/news/nation/hizbul-mujahideen-chief-naikoo-killed-in-jk-encounter-81424,false,2020-05-06-riyaz-naikoo-killed
tribune-pandita-shot,The Tribune,Sarpanch shot dead in militant attack in Anantnag village,https://www.tribuneindia.com/news/j-k/sarpanch-shot-dead-in-militant-attack-in-anantnag-village-96283,https://web.archive.org/web/https://www.tribuneindia.com/news/j-k/sarpanch-shot-dead-in-militant-attack-in-anantnag-village-96283,false,2020-06-08-ajay-pandita
theprint-pandita-shot,ThePrint,Militants shoot dead Kashmiri Pandit sarpanch in Jammu and Kashmir's Anantnag district,https://theprint.in/india/militants-shoot-dead-kashmiri-pandit-sarpanch-in-jammu-and-kashmirs-anantnag-district/438237/,https://web.archive.org/web/https://theprint.in/india/militants-shoot-dead-kashmiri-pandit-sarpanch-in-jammu-and-kashmirs-anantnag-district/438237/,false,2020-06-08-ajay-pandita
theprint-galwan-20,ThePrint,These are the 20 soldiers 'killed in action' in Galwan after clashes with Chinese troops,https://theprint.in/defence/these-are-the-20-soldiers-killed-in-action-in-galwan-after-clashes-with-chinese-troops/443441/,https://web.archive.org/web/https://theprint.in/defence/these-are-the-20-soldiers-killed-in-action-in-galwan-after-clashes-with-chinese-troops/443441/,false,2020-06-15-galwan
tribune-santosh-babu-mvc,The Tribune,Col Santosh Babu awarded Mahavir Chakra posthumously,https://www.tribuneindia.com/news/j-k/galwan-clash-342023/,https://web.archive.org/web/https://www.tribuneindia.com/news/j-k/galwan-clash-342023/,false,2020-06-15-galwan
tribune-drone-attack-jammu,The Tribune,New face of terror: Drone attack on Air Force base in Jammu; 2 injured,https://www.tribuneindia.com/news/j-k/new-face-of-terror-drone-attack-on-air-force-base-in-jammu-2-injured-275016,https://web.archive.org/web/https://www.tribuneindia.com/news/j-k/new-face-of-terror-drone-attack-on-air-force-base-in-jammu-2-injured-275016,false,2021-06-27-jammu-airbase-drone
theprint-drone-ieds-pakistan,ThePrint,Design & materials of Jammu drone attack IEDs 'point to Pakistan Ordnance factories',https://theprint.in/defence/design-materials-of-jammu-drone-attack-ieds-point-to-pakistan-ordnance-factories/691449/,https://web.archive.org/web/https://theprint.in/defence/design-materials-of-jammu-drone-attack-ieds-point-to-pakistan-ordnance-factories/691449/,false,2021-06-27-jammu-airbase-drone
outlook-unending-obituaries,Outlook,"Kashmiri Pandit, Cop And Migrant Killings In J&K: An Unending List Of Obituaries",https://www.outlookindia.com/national/kashmiri-pandit-cop-killings-and-kashmir-s-unending-blood-trail-news-196496,https://web.archive.org/web/https://www.outlookindia.com/national/kashmiri-pandit-cop-killings-and-kashmir-s-unending-blood-trail-news-196496,false,2021-10-05-bindroo; 2021-10-07-eidgah-school-teachers
pioneer-pandits-killers-identified,The Pioneer,"5 ultras killed, Pandits' killers identified",https://www.dailypioneer.com/2021/page1/5-ultras-killed--pandits----killers-identified.html,https://web.archive.org/web/https://www.dailypioneer.com/2021/page1/5-ultras-killed--pandits----killers-identified.html,false,2021-10-05-bindroo; 2021-10-07-eidgah-school-teachers
gk-three-civilians-hours,Greater Kashmir,3 civilians shot dead within few hours in Kashmir,https://greaterkashmir.com/todays-paper/front-page/3-civilians-shot-dead-within-few-hours-in-kashmir,https://web.archive.org/web/https://greaterkashmir.com/todays-paper/front-page/3-civilians-shot-dead-within-few-hours-in-kashmir,false,2021-10-05-bindroo; 2021-10-05-virender-paswan
theprint-paswan,ThePrint,"Bihar man lost Kolkata job, sold chaat in Kashmir, killed by terrorists, cremated without family",https://theprint.in/india/bihar-man-lost-kolkata-job-sold-chaat-in-kashmir-killed-by-terrorists-cremated-without-family/748314/,https://web.archive.org/web/https://theprint.in/india/bihar-man-lost-kolkata-job-sold-chaat-in-kashmir-killed-by-terrorists-cremated-without-family/748314/,false,2021-10-05-virender-paswan
tribune-teachers-lined-up,The Tribune,"Teachers lined up, 2 of them shot in Srinagar",https://www.tribuneindia.com/news/j-k/teachers-lined-up-2-of-them-shot-in-srinagar-321626,https://web.archive.org/web/https://www.tribuneindia.com/news/j-k/teachers-lined-up-2-of-them-shot-in-srinagar-321626,false,2021-10-07-eidgah-school-teachers
de-surankote-5,Daily Excelsior,JCO Among 5 Soldiers Martyred In Encounter With Militants In J&K's Poonch,https://www.dailyexcelsior.com/army-jco-and-four-soldiers-maryted-in-jks-rajouri/,https://web.archive.org/web/https://www.dailyexcelsior.com/army-jco-and-four-soldiers-maryted-in-jks-rajouri/,false,2021-10-11-surankote-encounter
theprint-poonch-toll-9,ThePrint,"Two more soldiers including JCO killed in J&K's Poonch, toll rises to 9 for the week",https://theprint.in/defence/two-mo%E2%80%8B%E2%80%8Bre-soldiers-including-jco-killed-in-jks-poonch-toll-rises-to-9-for-the-week/751838/,https://web.archive.org/web/https://theprint.in/defence/two-mo%E2%80%8B%E2%80%8Bre-soldiers-including-jco-killed-in-jks-poonch-toll-rises-to-9-for-the-week/751838/,false,2021-10-11-surankote-encounter; 2021-10-14-bhata-durian-encounter
tribune-poonch-jco-two,The Tribune,JCO among two soldiers killed in Poonch-Rajouri forest gunfight,https://www.tribuneindia.com/news/j-k/jco-among-two-soldiers-killed-in-poonch-rajouri-forest-gunfight-325616,https://web.archive.org/web/https://www.tribuneindia.com/news/j-k/jco-among-two-soldiers-killed-in-poonch-rajouri-forest-gunfight-325616,false,2021-10-14-bhata-durian-encounter
tribune-kulgam-bihar-labourers,The Tribune,Targeted killings: Two labourers from Bihar shot dead by terrorists in J-K's Kulgam,https://www.tribuneindia.com/news/j-k/targeted-killings-two-labourers-from-bihar-shot-dead-by-terrorists-in-j-ks-kulgam-325822,https://web.archive.org/web/https://www.tribuneindia.com/news/j-k/targeted-killings-two-labourers-from-bihar-shot-dead-by-terrorists-in-j-ks-kulgam-325822,false,2021-10-17-wanpoh-bihar-labourers
gk-kulgam-two-nonlocals,Greater Kashmir,"Two non-locals shot dead, another injured in south Kashmir's Kulgam",https://www.greaterkashmir.com/kashmir/another-non-local-labourer-shot-at-in-south-kashmirs-kulgam,https://web.archive.org/web/https://www.greaterkashmir.com/kashmir/another-non-local-labourer-shot-at-in-south-kashmirs-kulgam,false,2021-10-17-wanpoh-bihar-labourers
kashmirlife-slain-pandit-family,Kashmir Life,"Slain Pandit's Family Inconsolable, Killing Condemned",https://kashmirlife.net/slain-pandits-family-inconsolable-killing-condemned-292267/,https://web.archive.org/web/https://kashmirlife.net/slain-pandits-family-inconsolable-killing-condemned-292267/,false,2022-05-12-rahul-bhat
theprint-rahul-bhat-protest,ThePrint,'Stop innocent killings': BJP protests against Kashmiri Pandit Rahul Bhat's murder in Srinagar,https://theprint.in/india/stop-innocent-killings-bjp-protests-against-kashmiri-pandit-rahul-bhats-murder-in-srinagar/956533/,https://web.archive.org/web/https://theprint.in/india/stop-innocent-killings-bjp-protests-against-kashmiri-pandit-rahul-bhats-murder-in-srinagar/956533/,false,2022-05-12-rahul-bhat
theprint-rajni-bala-tribute,ThePrint,"Kashmir: Students, Staff pay tribute to late school teacher Rajni Bala",https://theprint.in/india/kashmir-students-staff-pay-tribute-to-late-school-teacher-rajni-bala/989709/,https://web.archive.org/web/https://theprint.in/india/kashmir-students-staff-pay-tribute-to-late-school-teacher-rajni-bala/989709/,false,2022-05-31-rajni-bala
kashmirlife-targeted-killings-2022,Kashmir Life,Targeted Killings,https://kashmirlife.net/targeted-killings-vol-14-issue-10-293862/,https://web.archive.org/web/https://kashmirlife.net/targeted-killings-vol-14-issue-10-293862/,false,2022-05-31-rajni-bala
tribune-dilkhush-bihar-labourer,The Tribune,"Hours after non-local bank manager shot, Bihar labourer killed in Kashmir Valley",https://www.tribuneindia.com/news/j-k/hours-after-non-local-bank-manager-shot-bihar-labourer-killed-in-valley-400481,https://web.archive.org/web/https://www.tribuneindia.com/news/j-k/hours-after-non-local-bank-manager-shot-bihar-labourer-killed-in-valley-400481,false,2022-06-02-dilkhush-kumar
wire-budgam-labourer-17,The Wire,"J&K: 17-Year-Old Migrant Labourer Shot Dead, Another Injured in Budgam",https://cms.thewire.in/security/jk-17-year-old-migrant-labourer-shot-dead-another-injured-in-budgam,https://web.archive.org/web/https://cms.thewire.in/security/jk-17-year-old-migrant-labourer-shot-dead-another-injured-in-budgam,false,2022-06-02-dilkhush-kumar
organiser-budgam-labourer,Organiser,"Terrorists kill one migrant labour, injure another in Jammu and Kashmir's Budgam",https://organiser.org/2022/06/03/83857/bharat/one-migrant-labourer-and-another-killed-another-injured-in-a-terrorist-attack-in-j-ks-budgam/,https://web.archive.org/web/https://organiser.org/2022/06/03/83857/bharat/one-migrant-labourer-and-another-killed-another-injured-in-a-terrorist-attack-in-j-ks-budgam/,false,2022-06-02-dilkhush-kumar
tribune-vijay-kumar,The Tribune,Bank manager from Rajasthan shot dead in Kashmir's Kulgam district,https://www.tribuneindia.com/news/j-k/bank-employee-shot-dead-in-j-ks-kulgam-400375,https://web.archive.org/web/https://www.tribuneindia.com/news/j-k/bank-employee-shot-dead-in-j-ks-kulgam-400375,false,2022-06-02-vijay-kumar
gk-vijay-kumar,Greater Kashmir,"Kulgam killing: Vijay Kumar tied the knot in February, was planning trip back home in July",https://www.greaterkashmir.com/kashmir/kulgam-killing-vijay-kumar-tied-the-knot-in-february-was-planning-trip-back-home-in-july/,https://web.archive.org/web/https://www.greaterkashmir.com/kashmir/kulgam-killing-vijay-kumar-tied-the-knot-in-february-was-planning-trip-back-home-in-july/,false,2022-06-02-vijay-kumar
theprint-sunil-bhat,ThePrint,"Terrorists gun down Kashmiri Pandit, injure brother",https://theprint.in/india/terrorists-gun-down-kashmiri-pandit-injure-brother/1084995/,https://web.archive.org/web/https://theprint.in/india/terrorists-gun-down-kashmiri-pandit-injure-brother/1084995/,false,2022-08-16-sunil-kumar-bhat
gk-sunil-bhat,Greater Kashmir,"Minority community member shot dead, brother injured in Shopian",https://www.greaterkashmir.com/kashmir/minority-community-member-shot-dead-brother-injured-in-shopian,https://web.archive.org/web/https://www.greaterkashmir.com/kashmir/minority-community-member-shot-dead-brother-injured-in-shopian,false,2022-08-16-sunil-kumar-bhat
de-puran-bhat-lg,Daily Excelsior,"Sinha visits Bhat's family; assures job, other help",https://www.dailyexcelsior.com/sinha-visits-bhats-family-assures-job-other-help/,https://web.archive.org/web/https://www.dailyexcelsior.com/sinha-visits-bhats-family-assures-job-other-help/,false,2022-10-15-puran-krishan-bhat
tribune-puran-bhat-protest,The Tribune,KPs block Jammu road to protest killing,https://www.tribuneindia.com/news/j-k/kps-block-jammu-road-to-protest-killing-441739,https://web.archive.org/web/https://www.tribuneindia.com/news/j-k/kps-block-jammu-road-to-protest-killing-441739,false,2022-10-15-puran-krishan-bhat
theprint-dhangri-tributes,ThePrint,"Tributes paid to 2023 Dhangri attack victims in J-K's Rajouri, families demand justice",https://theprint.in/india/tributes-paid-to-2023-dhangri-attack-victims-in-j-ks-rajouri-families-demand-justice/2427277/,https://web.archive.org/web/https://theprint.in/india/tributes-paid-to-2023-dhangri-attack-victims-in-j-ks-rajouri-families-demand-justice/2427277/,false,2023-01-01-dhangri
kashmirlife-dhangri-nia,Kashmir Life,"Sajid Jutt, Qatal Sindhi, And Wasim Masterminds Behind Dhangri Killings: NIA",https://kashmirlife.net/sajid-jutt-qatal-sindhi-and-wasim-masterminds-behind-dhangri-killings-nia-326960/,https://web.archive.org/web/https://kashmirlife.net/sajid-jutt-qatal-sindhi-and-wasim-masterminds-behind-dhangri-killings-nia-326960/,false,2023-01-01-dhangri
outlook-dhangri-holi,Outlook,Holi 2023: Terror-Hit Dhangri Village In J&K's Rajouri Skips Holi Celebrations As It Mourns Terror Victims,https://www.outlookindia.com/national/holi-2023-terror-hit-dhangri-village-in-jk-rajouri-skips-holi-celebrations-as-it-mourns-terror-victims-news-268180,https://web.archive.org/web/https://www.outlookindia.com/national/holi-2023-terror-hit-dhangri-village-in-jk-rajouri-skips-holi-celebrations-as-it-mourns-terror-victims-news-268180,false,2023-01-01-dhangri
theprint-sanjay-sharma,ThePrint,Terrorists kill Kashmiri Pandit in Jammu and Kashmir's Pulwama,https://theprint.in/india/terrorists-kill-kashmiri-pandit-in-jammu-and-kashmirs-pulwama/1400769/,https://web.archive.org/web/https://theprint.in/india/terrorists-kill-kashmiri-pandit-in-jammu-and-kashmirs-pulwama/1400769/,false,2023-02-26-sanjay-sharma
gk-sanjay-sharma-grief,Greater Kashmir,Muslim neighbourhood in Pulwama sinks in grief,https://www.greaterkashmir.com/kashmir/muslim-neighbourhood-in-pulwama-sinks-in-grief/,https://web.archive.org/web/https://www.greaterkashmir.com/kashmir/muslim-neighbourhood-in-pulwama-sinks-in-grief/,false,2023-02-26-sanjay-sharma
tribune-poonch-truck-ambush-2023,The Tribune,"Army truck ambushed, 5 soldiers dead",https://www.tribuneindia.com/news/nation/army-truck-ambushed-5-soldiers-dead-499318,https://web.archive.org/web/https://www.tribuneindia.com/news/nation/army-truck-ambushed-5-soldiers-dead-499318,false,2023-04-20-bhata-dhurian-truck
theprint-poonch-armour-piercing,ThePrint,"Poonch attack: Terrorists chose target after recce, used armour-piercing bullets",https://theprint.in/defence/poonch-attack-terrorists-chose-target-after-recce-used-armour-piercing-bullets/1533546/,https://web.archive.org/web/https://theprint.in/defence/poonch-attack-terrorists-chose-target-after-recce-used-armour-piercing-bullets/1533546/,false,2023-04-20-bhata-dhurian-truck
de-kandi-5-paras,Daily Excelsior,"5 elite para commandos of Army martyred, Major injured during specific input operation in Rajouri",https://www.dailyexcelsior.com/5-elite-para-commandos-of-army-martyred-major-injured-during-specific-input-operation-in-rajouri/,https://web.archive.org/web/https://www.dailyexcelsior.com/5-elite-para-commandos-of-army-martyred-major-injured-during-specific-input-operation-in-rajouri/,false,2023-05-05-kandi-rajouri
theprint-rajouri-trapping-soldiers,ThePrint,Rajouri killing shows a worrying pattern. Terrorists are trapping Army soldiers,https://theprint.in/opinion/newsmaker-of-the-week/rajouri-killing-shows-a-worrying-pattern-terrorists-are-trapping-army-soldiers/1858392/,https://web.archive.org/web/https://theprint.in/opinion/newsmaker-of-the-week/rajouri-killing-shows-a-worrying-pattern-terrorists-are-trapping-army-soldiers/1858392/,false,2023-05-05-kandi-rajouri
outlook-kokernag,Outlook,"Kashmir: Army Colonel, Major And DSP Killed In Gunfight Against Terrorists In Kokernag",https://www.outlookindia.com/national/kashmir-army-colonel-police-officer-critically-injured-in-kokernag-encounter-news-317733,https://web.archive.org/web/https://www.outlookindia.com/national/kashmir-army-colonel-police-officer-critically-injured-in-kokernag-encounter-news-317733,false,2023-09-13-kokernag-gadole
kashmirlife-kokernag-ends,Kashmir Life,"Seven-Day Kokernag Gunfight Ends, Uzair Khan Among Two Militants Killed",https://kashmirlife.net/seven-day-kokernag-gunfight-ends-uzair-khan-among-two-militants-killed-328305/,https://web.archive.org/web/https://kashmirlife.net/seven-day-kokernag-gunfight-ends-uzair-khan-among-two-militants-killed-328305/,false,2023-09-13-kokernag-gadole
wire-kokernag-fourth,The Wire,Kokernag operation: fourth security personnel killed,https://m.thewire.in/article/security/kokernag-operation-anantnag-fourth-soldier-killed/amp,https://web.archive.org/web/https://m.thewire.in/article/security/kokernag-operation-anantnag-fourth-soldier-killed/amp,false,2023-09-13-kokernag-gadole
tribune-kalakote-captains,The Tribune,"Two captains among four Army personnel killed, two injured in encounter with terrorists in J-K's Rajouri",https://www.tribuneindia.com/news/j-k/encounter-under-way-in-jammu-and-kashmirs-rajouri-564829,https://web.archive.org/web/https://www.tribuneindia.com/news/j-k/encounter-under-way-in-jammu-and-kashmirs-rajouri-564829,false,2023-11-22-kalakote
gk-kalakote,Greater Kashmir,"Rajouri Encounter: 2 captains, 2 army soldiers killed",https://www.greaterkashmir.com/front-page-2/rajouri-encounter-2-captains-2-army-soldiers-killed/,https://web.archive.org/web/https://www.greaterkashmir.com/front-page-2/rajouri-encounter-2-captains-2-army-soldiers-killed/,false,2023-11-22-kalakote
tribune-dkg-ambush,The Tribune,"4 soldiers killed, 3 hurt in Poonch ambush",https://www.tribuneindia.com/news/4-soldiers-killed-3-hurt-in-poonch-ambush-574214/,https://web.archive.org/web/https://www.tribuneindia.com/news/4-soldiers-killed-3-hurt-in-poonch-ambush-574214/,false,2023-12-21-dera-ki-gali
gk-dkg-ambush,Greater Kashmir,4 soldiers killed; 3 injured in terrorists' firing in Poonch,https://www.greaterkashmir.com/front-page-2/4-soldiers-killed-3-injured-in-terrorists-firing-in-poonch/,https://web.archive.org/web/https://www.greaterkashmir.com/front-page-2/4-soldiers-killed-3-injured-in-terrorists-firing-in-poonch/,false,2023-12-21-dera-ki-gali
tribune-reasi-bus,The Tribune,"9 killed, 33 injured as bus carrying pilgrims falls into gorge in Jammu and Kashmir's Reasi after terrorists open fire",https://www.tribuneindia.com/news/j-k/bus-with-pilgrims-plunges-into-deep-gorge-in-jammu-and-kashmirs-reasi-after-suspected-terror-attack-officials-629251,https://web.archive.org/web/https://www.tribuneindia.com/news/j-k/bus-with-pilgrims-plunges-into-deep-gorge-in-jammu-and-kashmirs-reasi-after-suspected-terror-attack-officials-629251,false,2024-06-09-reasi-bus
outlook-reasi-bus,Outlook,"Reasi, J&K, Terrorist Attack: 3 Women, 2 Kids Among 9 Dead In Bus Ambush; LeT Offshoot Claims Responsibility",https://www.outlookindia.com/national/reasi-terrorist-attack-jammu-kashmir-bus-ambush-vaishno-devi-katra-amit-shah-security-operation-nia,https://web.archive.org/web/https://www.outlookindia.com/national/reasi-terrorist-attack-jammu-kashmir-bus-ambush-vaishno-devi-katra-amit-shah-security-operation-nia,false,2024-06-09-reasi-bus
tribune-reasi-nia-chargesheet,The Tribune,NIA chargesheets accused in Katra bus terror attack case,https://www.tribuneindia.com/news/j-k/nia-chargesheets-accused-in-katra-bus-terror-attack-case/,https://web.archive.org/web/https://www.tribuneindia.com/news/j-k/nia-chargesheets-accused-in-katra-bus-terror-attack-case/,false,2024-06-09-reasi-bus
gk-hiranagar-second-terrorist,Greater Kashmir,Holed up 2nd terrorist killed in Hiranagar,https://www.greaterkashmir.com/front-page-2/holed-up-2nd-terrorist-killed-in-hiranagar/,https://web.archive.org/web/https://www.greaterkashmir.com/front-page-2/holed-up-2nd-terrorist-killed-in-hiranagar/,false,2024-06-11-hiranagar-saida-sukhal
de-hiranagar-2024,Daily Excelsior,"Two more terror attacks in Jammu: Cops neutralize terrorist, associate hiding in Hiranagar; civilian injured",https://www.dailyexcelsior.com/two-more-terror-attacks-in-jammu-cops-neutralize-terrorist-associate-hiding-in-hiranagar-civilian-injured/,https://web.archive.org/web/https://www.dailyexcelsior.com/two-more-terror-attacks-in-jammu-cops-neutralize-terrorist-associate-hiding-in-hiranagar-civilian-injured/,false,2024-06-11-hiranagar-saida-sukhal
tribune-kathua-machedi,The Tribune,JCO among 5 Army personnel killed as terrorists ambush patrol party in Jammu and Kashmir's Kathua,https://www.tribuneindia.com/news/j-k/terrorists-open-fire-on-army-vehicles-in-jammu-and-kashmirs-kathua-two-soldiers-injured-637912,https://web.archive.org/web/https://www.tribuneindia.com/news/j-k/terrorists-open-fire-on-army-vehicles-in-jammu-and-kashmirs-kathua-two-soldiers-injured-637912,false,2024-07-08-kathua-machedi
theprint-kathua-machedi,ThePrint,Massive search underway after terrorists kill 5 soldiers in Jammu's Kathua,https://theprint.in/india/massive-search-underway-after-terrorists-kill-5-soldiers-in-jammus-kathua/2167972/,https://web.archive.org/web/https://theprint.in/india/massive-search-underway-after-terrorists-kill-5-soldiers-in-jammus-kathua/2167972/,false,2024-07-08-kathua-machedi
outlook-kathua-kashmir-tigers,Outlook,Kathua Terror Attack: JeM Offshoot Claims Responsibility For Army Convoy Ambush; Massive Search Op On,https://www.outlookindia.com/national/kathua-terrorist-attack-indian-army-convoy-5-jawans-jco-killed-jammu-militant-attack-kashmir-tigers,https://web.archive.org/web/https://www.outlookindia.com/national/kathua-terrorist-attack-indian-army-convoy-5-jawans-jco-killed-jammu-militant-attack-kashmir-tigers,false,2024-07-08-kathua-machedi
tribune-doda-desa,The Tribune,Capt among 4 soldiers killed in Doda gunfight; Indian Army vows to wipe out terror,https://www.tribuneindia.com/news/j-k/capt-among-4-soldiers-killed-in-doda-gunfight-army-vows-to-wipe-out-terror-640462,https://web.archive.org/web/https://www.tribuneindia.com/news/j-k/capt-among-4-soldiers-killed-in-doda-gunfight-army-vows-to-wipe-out-terror-640462,false,2024-07-15-doda-desa
de-doda-desa,Daily Excelsior,"Capt among 4 soldiers martyred in Doda gun battle, terrorists flee deep into forests",https://www.dailyexcelsior.com/capt-among-4-soldiers-martyred-in-doda-gun-battle-terrorists-flee-deep-into-forests/,https://web.archive.org/web/https://www.dailyexcelsior.com/capt-among-4-soldiers-martyred-in-doda-gun-battle-terrorists-flee-deep-into-forests/,false,2024-07-15-doda-desa
gk-gagangir-7,Greater Kashmir,"7 killed, 5 injured in Gagangeer terror attack",https://www.greaterkashmir.com/front-page-2/7-killed-5-injured-in-gagangeer-terror-attack/,https://web.archive.org/web/https://www.greaterkashmir.com/front-page-2/7-killed-5-injured-in-gagangeer-terror-attack/,false,2024-10-20-gagangir
tribune-gagangir-let-killed,The Tribune,LeT terrorist involved in Ganderbal tunnel attack gunned down,https://www.tribuneindia.com/news/j-k/let-terrorist-involved-in-ganderbal-tunnel-attack-gunned-down/,https://web.archive.org/web/https://www.tribuneindia.com/news/j-k/let-terrorist-involved-in-ganderbal-tunnel-attack-gunned-down/,false,2024-10-20-gagangir
de-gulmarg-toll-4,Daily Excelsior,"Gulmarg Terror Attack: Two Soldiers Succumb To Injuries, Toll Rises To Four",https://www.dailyexcelsior.com/a-total-of-four-people-including-two-jawans-and-two-porters-were-martyred-in-a-terrorist-attack-at-gulmarg/,https://web.archive.org/web/https://www.dailyexcelsior.com/a-total-of-four-people-including-two-jawans-and-two-porters-were-martyred-in-a-terrorist-attack-at-gulmarg/,false,2024-10-24-botapathri-gulmarg
theprint-gulmarg-porters,ThePrint,"2 Army porters killed, 3 soldiers among 4 injured in terror attack in J&K's Gulmarg",https://theprint.in/india/2-army-porters-killed-3-soldiers-among-4-injured-in-terror-attack-in-j-ks-gulmarg/2327459/,https://web.archive.org/web/https://theprint.in/india/2-army-porters-killed-3-soldiers-among-4-injured-in-terror-attack-in-j-ks-gulmarg/2327459/,false,2024-10-24-botapathri-gulmarg
gk-pahalgam-26,Greater Kashmir,"Pahalgam attack: 26 people, mostly tourists killed; several injured",https://www.greaterkashmir.com/jammu-kashmir/pahalgam-attack-26-people-mostly-tourists-killed-several-injured/,https://web.archive.org/web/https://www.greaterkashmir.com/jammu-kashmir/pahalgam-attack-26-people-mostly-tourists-killed-several-injured/,false,2025-04-22-pahalgam-baisaran
de-pahalgam-26,Daily Excelsior,"Two foreigners, IB & Navy officers among 26 tourists killed in deadly terror attack at Pahalgam",https://www.dailyexcelsior.com/two-foreigners-ib-navy-officers-among-26-tourists-killed-in-deadly-terror-attack-at-pahalgam/,https://web.archive.org/web/https://www.dailyexcelsior.com/two-foreigners-ib-navy-officers-among-26-tourists-killed-in-deadly-terror-attack-at-pahalgam/,false,2025-04-22-pahalgam-baisaran
tribune-trf-backtracks,The Tribune,Pakistan's proxy group The Resistance Front backtracks on Pahalgam terror attack claim,https://www.tribuneindia.com/news/j-k/pakistans-proxy-group-the-resistance-front-backtracks-on-pahalgam-terror-attack-claim,https://web.archive.org/web/https://www.tribuneindia.com/news/j-k/pakistans-proxy-group-the-resistance-front-backtracks-on-pahalgam-terror-attack-claim,false,2025-04-22-pahalgam-baisaran
gk-pahalgam-nia-chargesheet,Greater Kashmir,"Pahalgam attack: NIA files 1597-page chargesheet against LeT-TRF, 6 other accused",https://www.greaterkashmir.com/front-page-2/pahalgam-attack-nia-files-1597-page-chargesheet-against-let-trf-6-other-accused,https://web.archive.org/web/https://www.greaterkashmir.com/front-page-2/pahalgam-attack-nia-files-1597-page-chargesheet-against-let-trf-6-other-accused,false,2025-04-22-pahalgam-baisaran
pib-op-sindoor-precision,Press Information Bureau,Operation SINDOOR: Indian Armed Forces carried out precision strike at terrorist camps,https://www.pib.gov.in/PressReleasePage.aspx?PRID=2127370&reg=48&lang=2,https://web.archive.org/web/https://www.pib.gov.in/PressReleasePage.aspx?PRID=2127370&reg=48&lang=2,false,2025-05-07-operation-sindoor
pib-op-sindoor-clarity,Press Information Bureau,Operation SINDOOR: India's Strategic Clarity and Calculated Force,https://www.pib.gov.in/Pressreleaseshare.aspx?PRID=2128748&reg=48&lang=2,https://web.archive.org/web/https://www.pib.gov.in/Pressreleaseshare.aspx?PRID=2128748&reg=48&lang=2,false,2025-05-07-operation-sindoor
theprint-sindoor-announced,ThePrint,"'Ready to strike, trained to win', Army announces Operation Sindoor, says 'justice is served'",https://theprint.in/defence/ready-to-strike-trained-to-win-army-announces-operation-sindoor-says-justice-is-served/2617582/,https://web.archive.org/web/https://theprint.in/defence/ready-to-strike-trained-to-win-army-announces-operation-sindoor-says-justice-is-served/2617582/,false,2025-05-07-operation-sindoor
tribune-sindoor-satellite,The Tribune,"Op Sindoor: Satellite images reveal extensive damage to terror camps in Pak's Bahawalpur, Muridke",https://www.tribuneindia.com/news/collateraldamage/op-sindoor-satellite-images-reveal-extensive-damage-to-terror-camps-in-paks-bahawalpur-muridke,https://web.archive.org/web/https://www.tribuneindia.com/news/collateraldamage/op-sindoor-satellite-images-reveal-extensive-damage-to-terror-camps-in-paks-bahawalpur-muridke,false,2025-05-07-operation-sindoor
gk-loc-12-dead,Greater Kashmir,"12 dead, 57 injured as Pakistan Army pounds villages along LoC in J&K",https://www.greaterkashmir.com/latest-news/12-dead-57-injured-as-pakistan-army-pounds-villages-along-loc-in-jk/,https://web.archive.org/web/https://www.greaterkashmir.com/latest-news/12-dead-57-injured-as-pakistan-army-pounds-villages-along-loc-in-jk/,false,2025-05-07-poonch-shelling
tribune-poonch-gurdwara-13,The Tribune,"4 Sikhs among 13 killed as Pak shells Poonch, attacks gurdwara",https://www.tribuneindia.com/news/j-k/4-sikhs-among-13-killed-as-pak-shells-poonch-attacks-gurdwara/,https://web.archive.org/web/https://www.tribuneindia.com/news/j-k/4-sikhs-among-13-killed-as-pak-shells-poonch-attacks-gurdwara/,false,2025-05-07-poonch-shelling
theprint-poonch-shelling-15,ThePrint,At least 15 civilians killed in Pakistan shelling in J&K's Poonch & Tangdhar after Operation Sindoor,https://theprint.in/india/at-least-10-civilians-killed-in-pakistan-shelling-in-jks-poonch-after-operation-sindoor/2617922/,https://web.archive.org/web/https://theprint.in/india/at-least-10-civilians-killed-in-pakistan-shelling-in-jks-poonch-after-operation-sindoor/2617922/,false,2025-05-07-poonch-shelling
outlook-ceasefire-violated,Outlook,"India Pakistan Ceasefire: 'Understanding Violated By Pakistan', Says MEA; Explosions Heard, Drones Intercepted In Srinagar",https://www.outlookindia.com/national/india-pakistan-conflict-live-updates-operation-sindoor-pakistani-military-drone-attack-news,https://web.archive.org/web/https://www.outlookindia.com/national/india-pakistan-conflict-live-updates-operation-sindoor-pakistani-military-drone-attack-news,false,2025-05-10-ceasefire-understanding
theprint-war-live-may10,ThePrint,"India-Pakistan live updates, 10 May 2025",https://theprint.in/india/india-pakistan-war-live-latest-updates-today-army-attack-drones-missiles/2620240/,https://web.archive.org/web/https://theprint.in/india/india-pakistan-war-live-latest-updates-today-army-attack-drones-missiles/2620240/,false,2025-05-10-ceasefire-understanding
theprint-rajouri-addc,ThePrint,"Pakistan's shelling kills govt official, 2 civilians in Rajouri, red alert sirens & blackouts witnessed",https://theprint.in/india/pakistans-shelling-kills-govt-official-2-civilians-in-rajouri-red-alert-sirens-blackouts-witnessed/2620986/,https://web.archive.org/web/https://theprint.in/india/pakistans-shelling-kills-govt-official-2-civilians-in-rajouri-red-alert-sirens-blackouts-witnessed/2620986/,false,2025-05-10-rajouri-shelling-addc
tribune-rajouri-addc,The Tribune,"J&K official killed, 2 critically injured in Pakistan shelling in Rajouri",https://www.tribuneindia.com/news/j-k/jk-official-killed-2-critically-injured-in-pakistan-shelling-in-rajouri/,https://web.archive.org/web/https://www.tribuneindia.com/news/j-k/jk-official-killed-2-critically-injured-in-pakistan-shelling-in-rajouri/,false,2025-05-10-rajouri-shelling-addc
tribune-op-mahadev,The Tribune,3 terrorists killed in Srinagar's Dachigam encounter in Army's 'Operation Mahadev',https://www.tribuneindia.com/news/j-k/3-terrorists-killed-in-srinagars-dachigam-encounter-in-armys-operation-mahadev/,https://web.archive.org/web/https://www.tribuneindia.com/news/j-k/3-terrorists-killed-in-srinagars-dachigam-encounter-in-armys-operation-mahadev/,false,2025-07-28-operation-mahadev
outlook-op-mahadev,Outlook,Operation Mahadev: Three Terrorists Killed In Encounter By Security Forces,https://www.outlookindia.com/national/operation-mahadev-three-terrorists-killed-in-encounter-by-security-forces,https://web.archive.org/web/https://www.outlookindia.com/national/operation-mahadev-three-terrorists-killed-in-encounter-by-security-forces,false,2025-07-28-operation-mahadev
pib-amit-shah-sindoor-ls,Press Information Bureau,Union Home Minister participates in the special discussion in the Lok Sabha on India's response to the Pahalgam terrorist attack through 'Operation Sindoor',https://www.pib.gov.in/PressReleasePage.aspx?PRID=2149811&reg=48&lang=2,https://web.archive.org/web/https://www.pib.gov.in/PressReleasePage.aspx?PRID=2149811&reg=48&lang=2,false,2025-07-28-operation-mahadev
gk-kishtwar-soldier-2026,Greater Kashmir,Soldier killed in Kishtwar encounter; army pays tribute,https://www.greaterkashmir.com/gk-top-news/soldier-killed-in-kishtwar-encounter-army-pays-tribute,https://web.archive.org/web/https://www.greaterkashmir.com/gk-top-news/soldier-killed-in-kishtwar-encounter-army-pays-tribute,false,2026-01-19-kishtwar-singpura
tribune-jem-3-shot-2026,The Tribune,Top JeM commander among 3 shot in J&K,https://www.tribuneindia.com/news/cifdelta/3-jem-militants-killed-in-udhampur-kishtwar-encounters,https://web.archive.org/web/https://www.tribuneindia.com/news/cifdelta/3-jem-militants-killed-in-udhampur-kishtwar-encounters,false,2026-02-05-udhampur-kishtwar-jem
theprint-kulgam-labourer-2026,ThePrint,"Terror attack in J&K's Kulgam; Chhattisgarh labourer killed, another injured",https://theprint.in/india/terror-attack-in-j-chhattisgarh-labourer-killed-another-injured/3002589/,https://web.archive.org/web/https://theprint.in/india/terror-attack-in-j-chhattisgarh-labourer-killed-another-injured/3002589/,false,2026-07-31-kulgam-kiln-labourer
tribune-kulgam-labourer-2026,The Tribune,"Terrorists open fire on labourers in J-K's Kulgam; 1 killed, 1 injured",https://www.tribuneindia.com/news/j-k/terrorists-open-fire-on-labourers-in-j-ks-kulgam-1-killed-1-injured/,https://web.archive.org/web/https://www.tribuneindia.com/news/j-k/terrorists-open-fire-on-labourers-in-j-ks-kulgam-1-killed-1-injured/,false,2026-07-31-kulgam-kiln-labourer
ians-kulgam-2026,IANS,"Terrorists kill one non-local worker, critically injure another in J&K's Kulgam district",https://ianslive.in/terrorists-kill-one-non-local-worker-critically-injure-another-in-jks-kulgam-district-ld--20260731223637,https://web.archive.org/web/https://ianslive.in/terrorists-kill-one-non-local-worker-critically-injure-another-in-jks-kulgam-district-ld--20260731223637,false,2026-07-31-kulgam-kiln-labourer
theprint-moosa-ssg,ThePrint,"Top terrorist killed in Budgam encounter after 5-year hunt was ex-Pak army SSG commando, Musharraf's guard",https://theprint.in/india/top-terrorist-killed-in-budgam-encounter-after-5-year-hunt-was-ex-pak-army-ssg-commando-musharrafs-guard/3057952/,https://web.archive.org/web/https://theprint.in/india/top-terrorist-killed-in-budgam-encounter-after-5-year-hunt-was-ex-pak-army-ssg-commando-musharrafs-guard/3057952/,false,2026-09-yusmarg-moosa
gk-moosa-yousmarg,Greater Kashmir,Top LeT commander Asif Fauji alias Moosa killed in overnight operation in Yousmarg forests in Budgam,https://www.greaterkashmir.com/kashmir/top-let-commander-asif-fauji-alias-moosa-killed-in-overnight-operation-in-yousmarg-forests-in-budgam-12592200,https://web.archive.org/web/https://www.greaterkashmir.com/kashmir/top-let-commander-asif-fauji-alias-moosa-killed-in-overnight-operation-in-yousmarg-forests-in-budgam-12592200,false,2026-09-yusmarg-moosa
theprint-moosa-mha,ThePrint,Killing of senior LeT commander Musa a serious blow to terror outfit: MHA,https://theprint.in/india/killing-of-senior-let-commander-musa-a-serious-blow-to-terror-outfit-mha/3058170/,https://web.archive.org/web/https://theprint.in/india/killing-of-senior-let-commander-musa-a-serious-blow-to-terror-outfit-mha/3058170/,false,2026-09-yusmarg-moosa
gk-yasir-yusmarg,Greater Kashmir,Terrorist killed in Yusmarg encounter identified as LeT's Yasir: J&K Police,https://www.greaterkashmir.com/kashmir/terrorist-killed-in-yusmarg-encounter-identified-as-lets-yasir-jk-police-12495727,https://web.archive.org/web/https://www.greaterkashmir.com/kashmir/terrorist-killed-in-yusmarg-encounter-identified-as-lets-yasir-jk-police-12495727,false,2026-09-05-yusmarg-yasir
